ISO-10303-21;
HEADER;
FILE_DESCRIPTION(('Open CASCADE Model'),'2;1');
FILE_NAME('Open CASCADE Shape Model','2026-10-02T23:57:38',('Author'),(
    'Open CASCADE'),'Open CASCADE STEP processor 7.9','Open CASCADE 7.9'
  ,'Unknown');
FILE_SCHEMA(('AUTOMOTIVE_DESIGN { 1 0 10303 214 1 1 1 1 }'));
ENDSEC;
DATA;
#1 = APPLICATION_PROTOCOL_DEFINITION('international standard',
  'automotive_design',2000,#2);
#2 = APPLICATION_CONTEXT(
  'core data for automotive mechanical design processes');
#3 = SHAPE_DEFINITION_REPRESENTATION(#4,#10);
#4 = PRODUCT_DEFINITION_SHAPE('','',#5);
#5 = PRODUCT_DEFINITION('design','',#6,#9);
#6 = PRODUCT_DEFINITION_FORMATION('','',#7);
#7 = PRODUCT('Open CASCADE STEP translator 7.9 1',
  'Open CASCADE STEP translator 7.9 1','',(#8));
#8 = PRODUCT_CONTEXT('',#2,'mechanical');
#9 = PRODUCT_DEFINITION_CONTEXT('part definition',#2,'design');
#10 = ADVANCED_BREP_SHAPE_REPRESENTATION('',(#11,#15),#6729);
#11 = AXIS2_PLACEMENT_3D('',#12,#13,#14);
#12 = CARTESIAN_POINT('',(0.,0.,0.));
#13 = DIRECTION('',(0.,0.,1.));
#14 = DIRECTION('',(1.,0.,-0.));
#15 = MANIFOLD_SOLID_BREP('',#16);
#16 = CLOSED_SHELL('',(#17,#137,#473,#640,#1028,#1055,#1082,#1210,#1237,
    #1404,#1503,#1558,#1613,#1668,#1723,#1794,#1820,#1847,#1853,#1900,
    #2264,#2370,#2524,#2578,#2627,#2677,#2766,#2791,#2918,#2945,#2952,
    #2997,#3117,#3166,#3216,#3243,#3292,#3296,#3300,#3304,#3308,#3358,
    #3539,#3616,#3665,#3715,#3791,#3840,#3889,#3916,#4043,#4093,#4496,
    #4543,#4906,#4977,#5002,#5009,#5078,#5105,#5111,#5118,#5125,#5152,
    #5159,#5184,#5274,#5299,#5389,#5414,#5504,#5529,#5601,#5669,#5737,
    #5805,#5873,#5921,#5969,#6017,#6065,#6113,#6161,#6209,#6257,#6312,
    #6367,#6422,#6477,#6532,#6587,#6642,#6697,#6701,#6705,#6709,#6713,
    #6717,#6721,#6725));
#17 = ADVANCED_FACE('',(#18),#32,.F.);
#18 = FACE_BOUND('',#19,.F.);
#19 = EDGE_LOOP('',(#20,#55,#83,#111));
#20 = ORIENTED_EDGE('',*,*,#21,.F.);
#21 = EDGE_CURVE('',#22,#24,#26,.T.);
#22 = VERTEX_POINT('',#23);
#23 = CARTESIAN_POINT('',(7.,-8.881784197001E-16,0.));
#24 = VERTEX_POINT('',#25);
#25 = CARTESIAN_POINT('',(115.,-8.881784197001E-16,0.));
#26 = SURFACE_CURVE('',#27,(#31,#43),.PCURVE_S1.);
#27 = LINE('',#28,#29);
#28 = CARTESIAN_POINT('',(0.,0.,0.));
#29 = VECTOR('',#30,1.);
#30 = DIRECTION('',(1.,0.,0.));
#31 = PCURVE('',#32,#37);
#32 = PLANE('',#33);
#33 = AXIS2_PLACEMENT_3D('',#34,#35,#36);
#34 = CARTESIAN_POINT('',(0.,0.,0.));
#35 = DIRECTION('',(0.,1.,0.));
#36 = DIRECTION('',(1.,0.,0.));
#37 = DEFINITIONAL_REPRESENTATION('',(#38),#42);
#38 = LINE('',#39,#40);
#39 = CARTESIAN_POINT('',(0.,0.));
#40 = VECTOR('',#41,1.);
#41 = DIRECTION('',(1.,0.));
#42 = ( GEOMETRIC_REPRESENTATION_CONTEXT(2) 
PARAMETRIC_REPRESENTATION_CONTEXT() REPRESENTATION_CONTEXT('2D SPACE',''
  ) );
#43 = PCURVE('',#44,#49);
#44 = PLANE('',#45);
#45 = AXIS2_PLACEMENT_3D('',#46,#47,#48);
#46 = CARTESIAN_POINT('',(61.,56.,0.));
#47 = DIRECTION('',(0.,0.,1.));
#48 = DIRECTION('',(1.,0.,-0.));
#49 = DEFINITIONAL_REPRESENTATION('',(#50),#54);
#50 = LINE('',#51,#52);
#51 = CARTESIAN_POINT('',(-61.,-56.));
#52 = VECTOR('',#53,1.);
#53 = DIRECTION('',(1.,0.));
#54 = ( GEOMETRIC_REPRESENTATION_CONTEXT(2) 
PARAMETRIC_REPRESENTATION_CONTEXT() REPRESENTATION_CONTEXT('2D SPACE',''
  ) );
#55 = ORIENTED_EDGE('',*,*,#56,.T.);
#56 = EDGE_CURVE('',#22,#57,#59,.T.);
#57 = VERTEX_POINT('',#58);
#58 = CARTESIAN_POINT('',(7.,-4.440892098501E-16,22.86));
#59 = SURFACE_CURVE('',#60,(#64,#71),.PCURVE_S1.);
#60 = LINE('',#61,#62);
#61 = CARTESIAN_POINT('',(7.,-8.881784197001E-16,0.));
#62 = VECTOR('',#63,1.);
#63 = DIRECTION('',(0.,0.,1.));
#64 = PCURVE('',#32,#65);
#65 = DEFINITIONAL_REPRESENTATION('',(#66),#70);
#66 = LINE('',#67,#68);
#67 = CARTESIAN_POINT('',(7.,0.));
#68 = VECTOR('',#69,1.);
#69 = DIRECTION('',(0.,-1.));
#70 = ( GEOMETRIC_REPRESENTATION_CONTEXT(2) 
PARAMETRIC_REPRESENTATION_CONTEXT() REPRESENTATION_CONTEXT('2D SPACE',''
  ) );
#71 = PCURVE('',#72,#77);
#72 = CYLINDRICAL_SURFACE('',#73,7.);
#73 = AXIS2_PLACEMENT_3D('',#74,#75,#76);
#74 = CARTESIAN_POINT('',(7.,7.,0.));
#75 = DIRECTION('',(0.,0.,1.));
#76 = DIRECTION('',(0.,-1.,0.));
#77 = DEFINITIONAL_REPRESENTATION('',(#78),#82);
#78 = LINE('',#79,#80);
#79 = CARTESIAN_POINT('',(-0.,0.));
#80 = VECTOR('',#81,1.);
#81 = DIRECTION('',(-0.,1.));
#82 = ( GEOMETRIC_REPRESENTATION_CONTEXT(2) 
PARAMETRIC_REPRESENTATION_CONTEXT() REPRESENTATION_CONTEXT('2D SPACE',''
  ) );
#83 = ORIENTED_EDGE('',*,*,#84,.T.);
#84 = EDGE_CURVE('',#57,#85,#87,.T.);
#85 = VERTEX_POINT('',#86);
#86 = CARTESIAN_POINT('',(115.,-4.440892098501E-16,22.86));
#87 = SURFACE_CURVE('',#88,(#92,#99),.PCURVE_S1.);
#88 = LINE('',#89,#90);
#89 = CARTESIAN_POINT('',(0.,0.,22.86));
#90 = VECTOR('',#91,1.);
#91 = DIRECTION('',(1.,0.,0.));
#92 = PCURVE('',#32,#93);
#93 = DEFINITIONAL_REPRESENTATION('',(#94),#98);
#94 = LINE('',#95,#96);
#95 = CARTESIAN_POINT('',(0.,-22.86));
#96 = VECTOR('',#97,1.);
#97 = DIRECTION('',(1.,0.));
#98 = ( GEOMETRIC_REPRESENTATION_CONTEXT(2) 
PARAMETRIC_REPRESENTATION_CONTEXT() REPRESENTATION_CONTEXT('2D SPACE',''
  ) );
#99 = PCURVE('',#100,#105);
#100 = PLANE('',#101);
#101 = AXIS2_PLACEMENT_3D('',#102,#103,#104);
#102 = CARTESIAN_POINT('',(0.,112.,35.620788129784));
#103 = DIRECTION('',(0.,0.113203213768,-0.993571855677));
#104 = DIRECTION('',(0.,-0.993571855677,-0.113203213768));
#105 = DEFINITIONAL_REPRESENTATION('',(#106),#110);
#106 = LINE('',#107,#108);
#107 = CARTESIAN_POINT('',(112.72461006228,0.));
#108 = VECTOR('',#109,1.);
#109 = DIRECTION('',(0.,-1.));
#110 = ( GEOMETRIC_REPRESENTATION_CONTEXT(2) 
PARAMETRIC_REPRESENTATION_CONTEXT() REPRESENTATION_CONTEXT('2D SPACE',''
  ) );
#111 = ORIENTED_EDGE('',*,*,#112,.F.);
#112 = EDGE_CURVE('',#24,#85,#113,.T.);
#113 = SURFACE_CURVE('',#114,(#118,#125),.PCURVE_S1.);
#114 = LINE('',#115,#116);
#115 = CARTESIAN_POINT('',(115.,-8.881784197001E-16,0.));
#116 = VECTOR('',#117,1.);
#117 = DIRECTION('',(0.,0.,1.));
#118 = PCURVE('',#32,#119);
#119 = DEFINITIONAL_REPRESENTATION('',(#120),#124);
#120 = LINE('',#121,#122);
#121 = CARTESIAN_POINT('',(115.,0.));
#122 = VECTOR('',#123,1.);
#123 = DIRECTION('',(0.,-1.));
#124 = ( GEOMETRIC_REPRESENTATION_CONTEXT(2) 
PARAMETRIC_REPRESENTATION_CONTEXT() REPRESENTATION_CONTEXT('2D SPACE',''
  ) );
#125 = PCURVE('',#126,#131);
#126 = CYLINDRICAL_SURFACE('',#127,7.);
#127 = AXIS2_PLACEMENT_3D('',#128,#129,#130);
#128 = CARTESIAN_POINT('',(115.,7.,0.));
#129 = DIRECTION('',(0.,0.,1.));
#130 = DIRECTION('',(0.,-1.,0.));
#131 = DEFINITIONAL_REPRESENTATION('',(#132),#136);
#132 = LINE('',#133,#134);
#133 = CARTESIAN_POINT('',(0.,0.));
#134 = VECTOR('',#135,1.);
#135 = DIRECTION('',(0.,1.));
#136 = ( GEOMETRIC_REPRESENTATION_CONTEXT(2) 
PARAMETRIC_REPRESENTATION_CONTEXT() REPRESENTATION_CONTEXT('2D SPACE',''
  ) );
#137 = ADVANCED_FACE('',(#138,#333,#368,#403,#438),#44,.F.);
#138 = FACE_BOUND('',#139,.F.);
#139 = EDGE_LOOP('',(#140,#141,#165,#193,#222,#250,#279,#307));
#140 = ORIENTED_EDGE('',*,*,#21,.T.);
#141 = ORIENTED_EDGE('',*,*,#142,.T.);
#142 = EDGE_CURVE('',#24,#143,#145,.T.);
#143 = VERTEX_POINT('',#144);
#144 = CARTESIAN_POINT('',(122.,7.,0.));
#145 = SURFACE_CURVE('',#146,(#151,#158),.PCURVE_S1.);
#146 = CIRCLE('',#147,7.);
#147 = AXIS2_PLACEMENT_3D('',#148,#149,#150);
#148 = CARTESIAN_POINT('',(115.,7.,0.));
#149 = DIRECTION('',(0.,0.,1.));
#150 = DIRECTION('',(0.,-1.,0.));
#151 = PCURVE('',#44,#152);
#152 = DEFINITIONAL_REPRESENTATION('',(#153),#157);
#153 = CIRCLE('',#154,7.);
#154 = AXIS2_PLACEMENT_2D('',#155,#156);
#155 = CARTESIAN_POINT('',(54.,-49.));
#156 = DIRECTION('',(0.,-1.));
#157 = ( GEOMETRIC_REPRESENTATION_CONTEXT(2) 
PARAMETRIC_REPRESENTATION_CONTEXT() REPRESENTATION_CONTEXT('2D SPACE',''
  ) );
#158 = PCURVE('',#126,#159);
#159 = DEFINITIONAL_REPRESENTATION('',(#160),#164);
#160 = LINE('',#161,#162);
#161 = CARTESIAN_POINT('',(0.,0.));
#162 = VECTOR('',#163,1.);
#163 = DIRECTION('',(1.,0.));
#164 = ( GEOMETRIC_REPRESENTATION_CONTEXT(2) 
PARAMETRIC_REPRESENTATION_CONTEXT() REPRESENTATION_CONTEXT('2D SPACE',''
  ) );
#165 = ORIENTED_EDGE('',*,*,#166,.T.);
#166 = EDGE_CURVE('',#143,#167,#169,.T.);
#167 = VERTEX_POINT('',#168);
#168 = CARTESIAN_POINT('',(122.,105.,0.));
#169 = SURFACE_CURVE('',#170,(#174,#181),.PCURVE_S1.);
#170 = LINE('',#171,#172);
#171 = CARTESIAN_POINT('',(122.,0.,0.));
#172 = VECTOR('',#173,1.);
#173 = DIRECTION('',(0.,1.,0.));
#174 = PCURVE('',#44,#175);
#175 = DEFINITIONAL_REPRESENTATION('',(#176),#180);
#176 = LINE('',#177,#178);
#177 = CARTESIAN_POINT('',(61.,-56.));
#178 = VECTOR('',#179,1.);
#179 = DIRECTION('',(0.,1.));
#180 = ( GEOMETRIC_REPRESENTATION_CONTEXT(2) 
PARAMETRIC_REPRESENTATION_CONTEXT() REPRESENTATION_CONTEXT('2D SPACE',''
  ) );
#181 = PCURVE('',#182,#187);
#182 = PLANE('',#183);
#183 = AXIS2_PLACEMENT_3D('',#184,#185,#186);
#184 = CARTESIAN_POINT('',(122.,0.,0.));
#185 = DIRECTION('',(-1.,0.,0.));
#186 = DIRECTION('',(0.,1.,0.));
#187 = DEFINITIONAL_REPRESENTATION('',(#188),#192);
#188 = LINE('',#189,#190);
#189 = CARTESIAN_POINT('',(0.,0.));
#190 = VECTOR('',#191,1.);
#191 = DIRECTION('',(1.,0.));
#192 = ( GEOMETRIC_REPRESENTATION_CONTEXT(2) 
PARAMETRIC_REPRESENTATION_CONTEXT() REPRESENTATION_CONTEXT('2D SPACE',''
  ) );
#193 = ORIENTED_EDGE('',*,*,#194,.T.);
#194 = EDGE_CURVE('',#167,#195,#197,.T.);
#195 = VERTEX_POINT('',#196);
#196 = CARTESIAN_POINT('',(115.,112.,0.));
#197 = SURFACE_CURVE('',#198,(#203,#210),.PCURVE_S1.);
#198 = CIRCLE('',#199,7.);
#199 = AXIS2_PLACEMENT_3D('',#200,#201,#202);
#200 = CARTESIAN_POINT('',(115.,105.,0.));
#201 = DIRECTION('',(0.,0.,1.));
#202 = DIRECTION('',(0.,-1.,0.));
#203 = PCURVE('',#44,#204);
#204 = DEFINITIONAL_REPRESENTATION('',(#205),#209);
#205 = CIRCLE('',#206,7.);
#206 = AXIS2_PLACEMENT_2D('',#207,#208);
#207 = CARTESIAN_POINT('',(54.,49.));
#208 = DIRECTION('',(0.,-1.));
#209 = ( GEOMETRIC_REPRESENTATION_CONTEXT(2) 
PARAMETRIC_REPRESENTATION_CONTEXT() REPRESENTATION_CONTEXT('2D SPACE',''
  ) );
#210 = PCURVE('',#211,#216);
#211 = CYLINDRICAL_SURFACE('',#212,7.);
#212 = AXIS2_PLACEMENT_3D('',#213,#214,#215);
#213 = CARTESIAN_POINT('',(115.,105.,0.));
#214 = DIRECTION('',(0.,0.,1.));
#215 = DIRECTION('',(1.,0.,-0.));
#216 = DEFINITIONAL_REPRESENTATION('',(#217),#221);
#217 = LINE('',#218,#219);
#218 = CARTESIAN_POINT('',(-1.570796326795,0.));
#219 = VECTOR('',#220,1.);
#220 = DIRECTION('',(1.,0.));
#221 = ( GEOMETRIC_REPRESENTATION_CONTEXT(2) 
PARAMETRIC_REPRESENTATION_CONTEXT() REPRESENTATION_CONTEXT('2D SPACE',''
  ) );
#222 = ORIENTED_EDGE('',*,*,#223,.T.);
#223 = EDGE_CURVE('',#195,#224,#226,.T.);
#224 = VERTEX_POINT('',#225);
#225 = CARTESIAN_POINT('',(7.,112.,0.));
#226 = SURFACE_CURVE('',#227,(#231,#238),.PCURVE_S1.);
#227 = LINE('',#228,#229);
#228 = CARTESIAN_POINT('',(122.,112.,0.));
#229 = VECTOR('',#230,1.);
#230 = DIRECTION('',(-1.,0.,0.));
#231 = PCURVE('',#44,#232);
#232 = DEFINITIONAL_REPRESENTATION('',(#233),#237);
#233 = LINE('',#234,#235);
#234 = CARTESIAN_POINT('',(61.,56.));
#235 = VECTOR('',#236,1.);
#236 = DIRECTION('',(-1.,0.));
#237 = ( GEOMETRIC_REPRESENTATION_CONTEXT(2) 
PARAMETRIC_REPRESENTATION_CONTEXT() REPRESENTATION_CONTEXT('2D SPACE',''
  ) );
#238 = PCURVE('',#239,#244);
#239 = PLANE('',#240);
#240 = AXIS2_PLACEMENT_3D('',#241,#242,#243);
#241 = CARTESIAN_POINT('',(122.,112.,0.));
#242 = DIRECTION('',(0.,-1.,0.));
#243 = DIRECTION('',(-1.,0.,0.));
#244 = DEFINITIONAL_REPRESENTATION('',(#245),#249);
#245 = LINE('',#246,#247);
#246 = CARTESIAN_POINT('',(0.,-0.));
#247 = VECTOR('',#248,1.);
#248 = DIRECTION('',(1.,0.));
#249 = ( GEOMETRIC_REPRESENTATION_CONTEXT(2) 
PARAMETRIC_REPRESENTATION_CONTEXT() REPRESENTATION_CONTEXT('2D SPACE',''
  ) );
#250 = ORIENTED_EDGE('',*,*,#251,.T.);
#251 = EDGE_CURVE('',#224,#252,#254,.T.);
#252 = VERTEX_POINT('',#253);
#253 = CARTESIAN_POINT('',(-8.881784197001E-16,105.,0.));
#254 = SURFACE_CURVE('',#255,(#260,#267),.PCURVE_S1.);
#255 = CIRCLE('',#256,7.);
#256 = AXIS2_PLACEMENT_3D('',#257,#258,#259);
#257 = CARTESIAN_POINT('',(7.,105.,0.));
#258 = DIRECTION('',(0.,0.,1.));
#259 = DIRECTION('',(0.,-1.,0.));
#260 = PCURVE('',#44,#261);
#261 = DEFINITIONAL_REPRESENTATION('',(#262),#266);
#262 = CIRCLE('',#263,7.);
#263 = AXIS2_PLACEMENT_2D('',#264,#265);
#264 = CARTESIAN_POINT('',(-54.,49.));
#265 = DIRECTION('',(0.,-1.));
#266 = ( GEOMETRIC_REPRESENTATION_CONTEXT(2) 
PARAMETRIC_REPRESENTATION_CONTEXT() REPRESENTATION_CONTEXT('2D SPACE',''
  ) );
#267 = PCURVE('',#268,#273);
#268 = CYLINDRICAL_SURFACE('',#269,7.);
#269 = AXIS2_PLACEMENT_3D('',#270,#271,#272);
#270 = CARTESIAN_POINT('',(7.,105.,0.));
#271 = DIRECTION('',(0.,0.,1.));
#272 = DIRECTION('',(-0.,1.,0.));
#273 = DEFINITIONAL_REPRESENTATION('',(#274),#278);
#274 = LINE('',#275,#276);
#275 = CARTESIAN_POINT('',(-3.14159265359,0.));
#276 = VECTOR('',#277,1.);
#277 = DIRECTION('',(1.,0.));
#278 = ( GEOMETRIC_REPRESENTATION_CONTEXT(2) 
PARAMETRIC_REPRESENTATION_CONTEXT() REPRESENTATION_CONTEXT('2D SPACE',''
  ) );
#279 = ORIENTED_EDGE('',*,*,#280,.T.);
#280 = EDGE_CURVE('',#252,#281,#283,.T.);
#281 = VERTEX_POINT('',#282);
#282 = CARTESIAN_POINT('',(-8.881784197001E-16,7.,0.));
#283 = SURFACE_CURVE('',#284,(#288,#295),.PCURVE_S1.);
#284 = LINE('',#285,#286);
#285 = CARTESIAN_POINT('',(0.,112.,0.));
#286 = VECTOR('',#287,1.);
#287 = DIRECTION('',(0.,-1.,0.));
#288 = PCURVE('',#44,#289);
#289 = DEFINITIONAL_REPRESENTATION('',(#290),#294);
#290 = LINE('',#291,#292);
#291 = CARTESIAN_POINT('',(-61.,56.));
#292 = VECTOR('',#293,1.);
#293 = DIRECTION('',(0.,-1.));
#294 = ( GEOMETRIC_REPRESENTATION_CONTEXT(2) 
PARAMETRIC_REPRESENTATION_CONTEXT() REPRESENTATION_CONTEXT('2D SPACE',''
  ) );
#295 = PCURVE('',#296,#301);
#296 = PLANE('',#297);
#297 = AXIS2_PLACEMENT_3D('',#298,#299,#300);
#298 = CARTESIAN_POINT('',(0.,112.,0.));
#299 = DIRECTION('',(1.,0.,-0.));
#300 = DIRECTION('',(0.,-1.,0.));
#301 = DEFINITIONAL_REPRESENTATION('',(#302),#306);
#302 = LINE('',#303,#304);
#303 = CARTESIAN_POINT('',(0.,0.));
#304 = VECTOR('',#305,1.);
#305 = DIRECTION('',(1.,0.));
#306 = ( GEOMETRIC_REPRESENTATION_CONTEXT(2) 
PARAMETRIC_REPRESENTATION_CONTEXT() REPRESENTATION_CONTEXT('2D SPACE',''
  ) );
#307 = ORIENTED_EDGE('',*,*,#308,.F.);
#308 = EDGE_CURVE('',#22,#281,#309,.T.);
#309 = SURFACE_CURVE('',#310,(#315,#326),.PCURVE_S1.);
#310 = CIRCLE('',#311,7.);
#311 = AXIS2_PLACEMENT_3D('',#312,#313,#314);
#312 = CARTESIAN_POINT('',(7.,7.,0.));
#313 = DIRECTION('',(-0.,-0.,-1.));
#314 = DIRECTION('',(0.,-1.,0.));
#315 = PCURVE('',#44,#316);
#316 = DEFINITIONAL_REPRESENTATION('',(#317),#325);
#317 = ( BOUNDED_CURVE() B_SPLINE_CURVE(2,(#318,#319,#320,#321,#322,#323
,#324),.UNSPECIFIED.,.T.,.F.) B_SPLINE_CURVE_WITH_KNOTS((1,2,2,2,2,1),(
    -2.094395102393,0.,2.094395102393,4.188790204786,6.28318530718,
8.377580409573),.UNSPECIFIED.) CURVE() GEOMETRIC_REPRESENTATION_ITEM() 
RATIONAL_B_SPLINE_CURVE((1.,0.5,1.,0.5,1.,0.5,1.)) REPRESENTATION_ITEM(
  '') );
#318 = CARTESIAN_POINT('',(-54.,-56.));
#319 = CARTESIAN_POINT('',(-66.12435565298,-56.));
#320 = CARTESIAN_POINT('',(-60.06217782649,-45.5));
#321 = CARTESIAN_POINT('',(-54.,-35.));
#322 = CARTESIAN_POINT('',(-47.9378221735,-45.5));
#323 = CARTESIAN_POINT('',(-41.87564434701,-56.));
#324 = CARTESIAN_POINT('',(-54.,-56.));
#325 = ( GEOMETRIC_REPRESENTATION_CONTEXT(2) 
PARAMETRIC_REPRESENTATION_CONTEXT() REPRESENTATION_CONTEXT('2D SPACE',''
  ) );
#326 = PCURVE('',#72,#327);
#327 = DEFINITIONAL_REPRESENTATION('',(#328),#332);
#328 = LINE('',#329,#330);
#329 = CARTESIAN_POINT('',(-0.,0.));
#330 = VECTOR('',#331,1.);
#331 = DIRECTION('',(-1.,0.));
#332 = ( GEOMETRIC_REPRESENTATION_CONTEXT(2) 
PARAMETRIC_REPRESENTATION_CONTEXT() REPRESENTATION_CONTEXT('2D SPACE',''
  ) );
#333 = FACE_BOUND('',#334,.F.);
#334 = EDGE_LOOP('',(#335));
#335 = ORIENTED_EDGE('',*,*,#336,.T.);
#336 = EDGE_CURVE('',#337,#337,#339,.T.);
#337 = VERTEX_POINT('',#338);
#338 = CARTESIAN_POINT('',(13.,9.,0.));
#339 = SURFACE_CURVE('',#340,(#345,#356),.PCURVE_S1.);
#340 = CIRCLE('',#341,4.);
#341 = AXIS2_PLACEMENT_3D('',#342,#343,#344);
#342 = CARTESIAN_POINT('',(9.,9.,0.));
#343 = DIRECTION('',(0.,0.,-1.));
#344 = DIRECTION('',(1.,0.,0.));
#345 = PCURVE('',#44,#346);
#346 = DEFINITIONAL_REPRESENTATION('',(#347),#355);
#347 = ( BOUNDED_CURVE() B_SPLINE_CURVE(2,(#348,#349,#350,#351,#352,#353
,#354),.UNSPECIFIED.,.T.,.F.) B_SPLINE_CURVE_WITH_KNOTS((1,2,2,2,2,1),(
    -2.094395102393,0.,2.094395102393,4.188790204786,6.28318530718,
8.377580409573),.UNSPECIFIED.) CURVE() GEOMETRIC_REPRESENTATION_ITEM() 
RATIONAL_B_SPLINE_CURVE((1.,0.5,1.,0.5,1.,0.5,1.)) REPRESENTATION_ITEM(
  '') );
#348 = CARTESIAN_POINT('',(-48.,-47.));
#349 = CARTESIAN_POINT('',(-48.,-53.92820323027));
#350 = CARTESIAN_POINT('',(-54.,-50.46410161513));
#351 = CARTESIAN_POINT('',(-60.,-47.));
#352 = CARTESIAN_POINT('',(-54.,-43.53589838486));
#353 = CARTESIAN_POINT('',(-48.,-40.07179676972));
#354 = CARTESIAN_POINT('',(-48.,-47.));
#355 = ( GEOMETRIC_REPRESENTATION_CONTEXT(2) 
PARAMETRIC_REPRESENTATION_CONTEXT() REPRESENTATION_CONTEXT('2D SPACE',''
  ) );
#356 = PCURVE('',#357,#362);
#357 = CYLINDRICAL_SURFACE('',#358,4.);
#358 = AXIS2_PLACEMENT_3D('',#359,#360,#361);
#359 = CARTESIAN_POINT('',(9.,9.,-1.E-02));
#360 = DIRECTION('',(-0.,-0.,-1.));
#361 = DIRECTION('',(1.,0.,0.));
#362 = DEFINITIONAL_REPRESENTATION('',(#363),#367);
#363 = LINE('',#364,#365);
#364 = CARTESIAN_POINT('',(-6.28318530718,-1.E-02));
#365 = VECTOR('',#366,1.);
#366 = DIRECTION('',(1.,-0.));
#367 = ( GEOMETRIC_REPRESENTATION_CONTEXT(2) 
PARAMETRIC_REPRESENTATION_CONTEXT() REPRESENTATION_CONTEXT('2D SPACE',''
  ) );
#368 = FACE_BOUND('',#369,.F.);
#369 = EDGE_LOOP('',(#370));
#370 = ORIENTED_EDGE('',*,*,#371,.T.);
#371 = EDGE_CURVE('',#372,#372,#374,.T.);
#372 = VERTEX_POINT('',#373);
#373 = CARTESIAN_POINT('',(117.,9.,0.));
#374 = SURFACE_CURVE('',#375,(#380,#391),.PCURVE_S1.);
#375 = CIRCLE('',#376,4.);
#376 = AXIS2_PLACEMENT_3D('',#377,#378,#379);
#377 = CARTESIAN_POINT('',(113.,9.,0.));
#378 = DIRECTION('',(0.,0.,-1.));
#379 = DIRECTION('',(1.,0.,0.));
#380 = PCURVE('',#44,#381);
#381 = DEFINITIONAL_REPRESENTATION('',(#382),#390);
#382 = ( BOUNDED_CURVE() B_SPLINE_CURVE(2,(#383,#384,#385,#386,#387,#388
,#389),.UNSPECIFIED.,.T.,.F.) B_SPLINE_CURVE_WITH_KNOTS((1,2,2,2,2,1),(
    -2.094395102393,0.,2.094395102393,4.188790204786,6.28318530718,
8.377580409573),.UNSPECIFIED.) CURVE() GEOMETRIC_REPRESENTATION_ITEM() 
RATIONAL_B_SPLINE_CURVE((1.,0.5,1.,0.5,1.,0.5,1.)) REPRESENTATION_ITEM(
  '') );
#383 = CARTESIAN_POINT('',(56.,-47.));
#384 = CARTESIAN_POINT('',(56.,-53.92820323027));
#385 = CARTESIAN_POINT('',(50.,-50.46410161513));
#386 = CARTESIAN_POINT('',(44.,-47.));
#387 = CARTESIAN_POINT('',(50.,-43.53589838486));
#388 = CARTESIAN_POINT('',(56.,-40.07179676972));
#389 = CARTESIAN_POINT('',(56.,-47.));
#390 = ( GEOMETRIC_REPRESENTATION_CONTEXT(2) 
PARAMETRIC_REPRESENTATION_CONTEXT() REPRESENTATION_CONTEXT('2D SPACE',''
  ) );
#391 = PCURVE('',#392,#397);
#392 = CYLINDRICAL_SURFACE('',#393,4.);
#393 = AXIS2_PLACEMENT_3D('',#394,#395,#396);
#394 = CARTESIAN_POINT('',(113.,9.,-1.E-02));
#395 = DIRECTION('',(-0.,-0.,-1.));
#396 = DIRECTION('',(1.,0.,0.));
#397 = DEFINITIONAL_REPRESENTATION('',(#398),#402);
#398 = LINE('',#399,#400);
#399 = CARTESIAN_POINT('',(-6.28318530718,-1.E-02));
#400 = VECTOR('',#401,1.);
#401 = DIRECTION('',(1.,-0.));
#402 = ( GEOMETRIC_REPRESENTATION_CONTEXT(2) 
PARAMETRIC_REPRESENTATION_CONTEXT() REPRESENTATION_CONTEXT('2D SPACE',''
  ) );
#403 = FACE_BOUND('',#404,.F.);
#404 = EDGE_LOOP('',(#405));
#405 = ORIENTED_EDGE('',*,*,#406,.T.);
#406 = EDGE_CURVE('',#407,#407,#409,.T.);
#407 = VERTEX_POINT('',#408);
#408 = CARTESIAN_POINT('',(13.,103.,0.));
#409 = SURFACE_CURVE('',#410,(#415,#426),.PCURVE_S1.);
#410 = CIRCLE('',#411,4.);
#411 = AXIS2_PLACEMENT_3D('',#412,#413,#414);
#412 = CARTESIAN_POINT('',(9.,103.,0.));
#413 = DIRECTION('',(0.,0.,-1.));
#414 = DIRECTION('',(1.,0.,0.));
#415 = PCURVE('',#44,#416);
#416 = DEFINITIONAL_REPRESENTATION('',(#417),#425);
#417 = ( BOUNDED_CURVE() B_SPLINE_CURVE(2,(#418,#419,#420,#421,#422,#423
,#424),.UNSPECIFIED.,.T.,.F.) B_SPLINE_CURVE_WITH_KNOTS((1,2,2,2,2,1),(
    -2.094395102393,0.,2.094395102393,4.188790204786,6.28318530718,
8.377580409573),.UNSPECIFIED.) CURVE() GEOMETRIC_REPRESENTATION_ITEM() 
RATIONAL_B_SPLINE_CURVE((1.,0.5,1.,0.5,1.,0.5,1.)) REPRESENTATION_ITEM(
  '') );
#418 = CARTESIAN_POINT('',(-48.,47.));
#419 = CARTESIAN_POINT('',(-48.,40.071796769724));
#420 = CARTESIAN_POINT('',(-54.,43.535898384862));
#421 = CARTESIAN_POINT('',(-60.,47.));
#422 = CARTESIAN_POINT('',(-54.,50.464101615138));
#423 = CARTESIAN_POINT('',(-48.,53.928203230276));
#424 = CARTESIAN_POINT('',(-48.,47.));
#425 = ( GEOMETRIC_REPRESENTATION_CONTEXT(2) 
PARAMETRIC_REPRESENTATION_CONTEXT() REPRESENTATION_CONTEXT('2D SPACE',''
  ) );
#426 = PCURVE('',#427,#432);
#427 = CYLINDRICAL_SURFACE('',#428,4.);
#428 = AXIS2_PLACEMENT_3D('',#429,#430,#431);
#429 = CARTESIAN_POINT('',(9.,103.,-1.E-02));
#430 = DIRECTION('',(-0.,-0.,-1.));
#431 = DIRECTION('',(1.,0.,0.));
#432 = DEFINITIONAL_REPRESENTATION('',(#433),#437);
#433 = LINE('',#434,#435);
#434 = CARTESIAN_POINT('',(-6.28318530718,-1.E-02));
#435 = VECTOR('',#436,1.);
#436 = DIRECTION('',(1.,-0.));
#437 = ( GEOMETRIC_REPRESENTATION_CONTEXT(2) 
PARAMETRIC_REPRESENTATION_CONTEXT() REPRESENTATION_CONTEXT('2D SPACE',''
  ) );
#438 = FACE_BOUND('',#439,.F.);
#439 = EDGE_LOOP('',(#440));
#440 = ORIENTED_EDGE('',*,*,#441,.T.);
#441 = EDGE_CURVE('',#442,#442,#444,.T.);
#442 = VERTEX_POINT('',#443);
#443 = CARTESIAN_POINT('',(117.,103.,0.));
#444 = SURFACE_CURVE('',#445,(#450,#461),.PCURVE_S1.);
#445 = CIRCLE('',#446,4.);
#446 = AXIS2_PLACEMENT_3D('',#447,#448,#449);
#447 = CARTESIAN_POINT('',(113.,103.,0.));
#448 = DIRECTION('',(0.,0.,-1.));
#449 = DIRECTION('',(1.,0.,0.));
#450 = PCURVE('',#44,#451);
#451 = DEFINITIONAL_REPRESENTATION('',(#452),#460);
#452 = ( BOUNDED_CURVE() B_SPLINE_CURVE(2,(#453,#454,#455,#456,#457,#458
,#459),.UNSPECIFIED.,.T.,.F.) B_SPLINE_CURVE_WITH_KNOTS((1,2,2,2,2,1),(
    -2.094395102393,0.,2.094395102393,4.188790204786,6.28318530718,
8.377580409573),.UNSPECIFIED.) CURVE() GEOMETRIC_REPRESENTATION_ITEM() 
RATIONAL_B_SPLINE_CURVE((1.,0.5,1.,0.5,1.,0.5,1.)) REPRESENTATION_ITEM(
  '') );
#453 = CARTESIAN_POINT('',(56.,47.));
#454 = CARTESIAN_POINT('',(56.,40.071796769724));
#455 = CARTESIAN_POINT('',(50.,43.535898384862));
#456 = CARTESIAN_POINT('',(44.,47.));
#457 = CARTESIAN_POINT('',(50.,50.464101615138));
#458 = CARTESIAN_POINT('',(56.,53.928203230276));
#459 = CARTESIAN_POINT('',(56.,47.));
#460 = ( GEOMETRIC_REPRESENTATION_CONTEXT(2) 
PARAMETRIC_REPRESENTATION_CONTEXT() REPRESENTATION_CONTEXT('2D SPACE',''
  ) );
#461 = PCURVE('',#462,#467);
#462 = CYLINDRICAL_SURFACE('',#463,4.);
#463 = AXIS2_PLACEMENT_3D('',#464,#465,#466);
#464 = CARTESIAN_POINT('',(113.,103.,-1.E-02));
#465 = DIRECTION('',(-0.,-0.,-1.));
#466 = DIRECTION('',(1.,0.,0.));
#467 = DEFINITIONAL_REPRESENTATION('',(#468),#472);
#468 = LINE('',#469,#470);
#469 = CARTESIAN_POINT('',(-6.28318530718,-1.E-02));
#470 = VECTOR('',#471,1.);
#471 = DIRECTION('',(1.,-0.));
#472 = ( GEOMETRIC_REPRESENTATION_CONTEXT(2) 
PARAMETRIC_REPRESENTATION_CONTEXT() REPRESENTATION_CONTEXT('2D SPACE',''
  ) );
#473 = ADVANCED_FACE('',(#474,#528),#126,.T.);
#474 = FACE_BOUND('',#475,.T.);
#475 = EDGE_LOOP('',(#476,#477,#478,#501));
#476 = ORIENTED_EDGE('',*,*,#112,.F.);
#477 = ORIENTED_EDGE('',*,*,#142,.T.);
#478 = ORIENTED_EDGE('',*,*,#479,.T.);
#479 = EDGE_CURVE('',#143,#480,#482,.T.);
#480 = VERTEX_POINT('',#481);
#481 = CARTESIAN_POINT('',(122.,7.,23.657549258112));
#482 = SURFACE_CURVE('',#483,(#487,#494),.PCURVE_S1.);
#483 = LINE('',#484,#485);
#484 = CARTESIAN_POINT('',(122.,7.,0.));
#485 = VECTOR('',#486,1.);
#486 = DIRECTION('',(0.,0.,1.));
#487 = PCURVE('',#126,#488);
#488 = DEFINITIONAL_REPRESENTATION('',(#489),#493);
#489 = LINE('',#490,#491);
#490 = CARTESIAN_POINT('',(1.570796326795,0.));
#491 = VECTOR('',#492,1.);
#492 = DIRECTION('',(0.,1.));
#493 = ( GEOMETRIC_REPRESENTATION_CONTEXT(2) 
PARAMETRIC_REPRESENTATION_CONTEXT() REPRESENTATION_CONTEXT('2D SPACE',''
  ) );
#494 = PCURVE('',#182,#495);
#495 = DEFINITIONAL_REPRESENTATION('',(#496),#500);
#496 = LINE('',#497,#498);
#497 = CARTESIAN_POINT('',(7.,0.));
#498 = VECTOR('',#499,1.);
#499 = DIRECTION('',(0.,-1.));
#500 = ( GEOMETRIC_REPRESENTATION_CONTEXT(2) 
PARAMETRIC_REPRESENTATION_CONTEXT() REPRESENTATION_CONTEXT('2D SPACE',''
  ) );
#501 = ORIENTED_EDGE('',*,*,#502,.T.);
#502 = EDGE_CURVE('',#480,#85,#503,.T.);
#503 = SURFACE_CURVE('',#504,(#509,#521),.PCURVE_S1.);
#504 = ELLIPSE('',#505,7.045288128893,7.);
#505 = AXIS2_PLACEMENT_3D('',#506,#507,#508);
#506 = CARTESIAN_POINT('',(115.,7.,23.657549258112));
#507 = DIRECTION('',(0.,0.113203213768,-0.993571855677));
#508 = DIRECTION('',(0.,0.993571855677,0.113203213768));
#509 = PCURVE('',#126,#510);
#510 = DEFINITIONAL_REPRESENTATION('',(#511),#520);
#511 = B_SPLINE_CURVE_WITH_KNOTS('',7,(#512,#513,#514,#515,#516,#517,
    #518,#519),.UNSPECIFIED.,.F.,.F.,(8,8),(1.570796326795,3.14159265359
    ),.PIECEWISE_BEZIER_KNOTS.);
#512 = CARTESIAN_POINT('',(1.570796326795,23.657549258112));
#513 = CARTESIAN_POINT('',(1.346396851538,23.4785796231));
#514 = CARTESIAN_POINT('',(1.121997376282,23.299610714808));
#515 = CARTESIAN_POINT('',(0.897597901026,23.135356412969));
#516 = CARTESIAN_POINT('',(0.673198425769,23.000558083684));
#517 = CARTESIAN_POINT('',(0.448798950513,22.906854960256));
#518 = CARTESIAN_POINT('',(0.224399475256,22.86));
#519 = CARTESIAN_POINT('',(0.,22.86));
#520 = ( GEOMETRIC_REPRESENTATION_CONTEXT(2) 
PARAMETRIC_REPRESENTATION_CONTEXT() REPRESENTATION_CONTEXT('2D SPACE',''
  ) );
#521 = PCURVE('',#100,#522);
#522 = DEFINITIONAL_REPRESENTATION('',(#523),#527);
#523 = ELLIPSE('',#524,7.045288128893,7.);
#524 = AXIS2_PLACEMENT_2D('',#525,#526);
#525 = CARTESIAN_POINT('',(105.67932193338,-115.));
#526 = DIRECTION('',(-1.,0.));
#527 = ( GEOMETRIC_REPRESENTATION_CONTEXT(2) 
PARAMETRIC_REPRESENTATION_CONTEXT() REPRESENTATION_CONTEXT('2D SPACE',''
  ) );
#528 = FACE_BOUND('',#529,.T.);
#529 = EDGE_LOOP('',(#530,#558,#587,#613));
#530 = ORIENTED_EDGE('',*,*,#531,.F.);
#531 = EDGE_CURVE('',#532,#534,#536,.T.);
#532 = VERTEX_POINT('',#533);
#533 = CARTESIAN_POINT('',(119.4,1.555736964474,2.4));
#534 = VERTEX_POINT('',#535);
#535 = CARTESIAN_POINT('',(119.4,1.555736964474,5.4));
#536 = SURFACE_CURVE('',#537,(#541,#547),.PCURVE_S1.);
#537 = LINE('',#538,#539);
#538 = CARTESIAN_POINT('',(119.4,1.555736964474,0.));
#539 = VECTOR('',#540,1.);
#540 = DIRECTION('',(0.,0.,1.));
#541 = PCURVE('',#126,#542);
#542 = DEFINITIONAL_REPRESENTATION('',(#543),#546);
#543 = B_SPLINE_CURVE_WITH_KNOTS('',1,(#544,#545),.UNSPECIFIED.,.F.,.F.,
  (2,2),(2.1,5.7),.PIECEWISE_BEZIER_KNOTS.);
#544 = CARTESIAN_POINT('',(0.679715049259,2.1));
#545 = CARTESIAN_POINT('',(0.679715049259,5.7));
#546 = ( GEOMETRIC_REPRESENTATION_CONTEXT(2) 
PARAMETRIC_REPRESENTATION_CONTEXT() REPRESENTATION_CONTEXT('2D SPACE',''
  ) );
#547 = PCURVE('',#548,#553);
#548 = PLANE('',#549);
#549 = AXIS2_PLACEMENT_3D('',#550,#551,#552);
#550 = CARTESIAN_POINT('',(119.4,0.9,2.4));
#551 = DIRECTION('',(1.,0.,0.));
#552 = DIRECTION('',(0.,0.,1.));
#553 = DEFINITIONAL_REPRESENTATION('',(#554),#557);
#554 = B_SPLINE_CURVE_WITH_KNOTS('',1,(#555,#556),.UNSPECIFIED.,.F.,.F.,
  (2,2),(2.1,5.7),.PIECEWISE_BEZIER_KNOTS.);
#555 = CARTESIAN_POINT('',(-0.3,-0.655736964474));
#556 = CARTESIAN_POINT('',(3.3,-0.655736964474));
#557 = ( GEOMETRIC_REPRESENTATION_CONTEXT(2) 
PARAMETRIC_REPRESENTATION_CONTEXT() REPRESENTATION_CONTEXT('2D SPACE',''
  ) );
#558 = ORIENTED_EDGE('',*,*,#559,.F.);
#559 = EDGE_CURVE('',#560,#532,#562,.T.);
#560 = VERTEX_POINT('',#561);
#561 = CARTESIAN_POINT('',(118.43365694267,0.9,2.4));
#562 = SURFACE_CURVE('',#563,(#568,#575),.PCURVE_S1.);
#563 = CIRCLE('',#564,7.);
#564 = AXIS2_PLACEMENT_3D('',#565,#566,#567);
#565 = CARTESIAN_POINT('',(115.,7.,2.4));
#566 = DIRECTION('',(0.,0.,1.));
#567 = DIRECTION('',(0.,-1.,0.));
#568 = PCURVE('',#126,#569);
#569 = DEFINITIONAL_REPRESENTATION('',(#570),#574);
#570 = LINE('',#571,#572);
#571 = CARTESIAN_POINT('',(0.,2.4));
#572 = VECTOR('',#573,1.);
#573 = DIRECTION('',(1.,0.));
#574 = ( GEOMETRIC_REPRESENTATION_CONTEXT(2) 
PARAMETRIC_REPRESENTATION_CONTEXT() REPRESENTATION_CONTEXT('2D SPACE',''
  ) );
#575 = PCURVE('',#576,#581);
#576 = PLANE('',#577);
#577 = AXIS2_PLACEMENT_3D('',#578,#579,#580);
#578 = CARTESIAN_POINT('',(44.6,0.9,2.4));
#579 = DIRECTION('',(0.,0.,1.));
#580 = DIRECTION('',(1.,0.,0.));
#581 = DEFINITIONAL_REPRESENTATION('',(#582),#586);
#582 = CIRCLE('',#583,7.);
#583 = AXIS2_PLACEMENT_2D('',#584,#585);
#584 = CARTESIAN_POINT('',(70.4,6.1));
#585 = DIRECTION('',(0.,-1.));
#586 = ( GEOMETRIC_REPRESENTATION_CONTEXT(2) 
PARAMETRIC_REPRESENTATION_CONTEXT() REPRESENTATION_CONTEXT('2D SPACE',''
  ) );
#587 = ORIENTED_EDGE('',*,*,#588,.T.);
#588 = EDGE_CURVE('',#560,#589,#591,.T.);
#589 = VERTEX_POINT('',#590);
#590 = CARTESIAN_POINT('',(118.43365694267,0.9,5.4));
#591 = SURFACE_CURVE('',#592,(#596,#602),.PCURVE_S1.);
#592 = LINE('',#593,#594);
#593 = CARTESIAN_POINT('',(118.43365694267,0.9,0.));
#594 = VECTOR('',#595,1.);
#595 = DIRECTION('',(0.,0.,1.));
#596 = PCURVE('',#126,#597);
#597 = DEFINITIONAL_REPRESENTATION('',(#598),#601);
#598 = B_SPLINE_CURVE_WITH_KNOTS('',1,(#599,#600),.UNSPECIFIED.,.F.,.F.,
  (2,2),(2.1,5.7),.PIECEWISE_BEZIER_KNOTS.);
#599 = CARTESIAN_POINT('',(0.512689150652,2.1));
#600 = CARTESIAN_POINT('',(0.512689150652,5.7));
#601 = ( GEOMETRIC_REPRESENTATION_CONTEXT(2) 
PARAMETRIC_REPRESENTATION_CONTEXT() REPRESENTATION_CONTEXT('2D SPACE',''
  ) );
#602 = PCURVE('',#603,#608);
#603 = PLANE('',#604);
#604 = AXIS2_PLACEMENT_3D('',#605,#606,#607);
#605 = CARTESIAN_POINT('',(44.6,0.9,2.4));
#606 = DIRECTION('',(0.,1.,0.));
#607 = DIRECTION('',(0.,0.,1.));
#608 = DEFINITIONAL_REPRESENTATION('',(#609),#612);
#609 = B_SPLINE_CURVE_WITH_KNOTS('',1,(#610,#611),.UNSPECIFIED.,.F.,.F.,
  (2,2),(2.1,5.7),.PIECEWISE_BEZIER_KNOTS.);
#610 = CARTESIAN_POINT('',(-0.3,73.833656942678));
#611 = CARTESIAN_POINT('',(3.3,73.833656942678));
#612 = ( GEOMETRIC_REPRESENTATION_CONTEXT(2) 
PARAMETRIC_REPRESENTATION_CONTEXT() REPRESENTATION_CONTEXT('2D SPACE',''
  ) );
#613 = ORIENTED_EDGE('',*,*,#614,.T.);
#614 = EDGE_CURVE('',#589,#534,#615,.T.);
#615 = SURFACE_CURVE('',#616,(#621,#628),.PCURVE_S1.);
#616 = CIRCLE('',#617,7.);
#617 = AXIS2_PLACEMENT_3D('',#618,#619,#620);
#618 = CARTESIAN_POINT('',(115.,7.,5.4));
#619 = DIRECTION('',(0.,0.,1.));
#620 = DIRECTION('',(0.,-1.,0.));
#621 = PCURVE('',#126,#622);
#622 = DEFINITIONAL_REPRESENTATION('',(#623),#627);
#623 = LINE('',#624,#625);
#624 = CARTESIAN_POINT('',(0.,5.4));
#625 = VECTOR('',#626,1.);
#626 = DIRECTION('',(1.,0.));
#627 = ( GEOMETRIC_REPRESENTATION_CONTEXT(2) 
PARAMETRIC_REPRESENTATION_CONTEXT() REPRESENTATION_CONTEXT('2D SPACE',''
  ) );
#628 = PCURVE('',#629,#634);
#629 = PLANE('',#630);
#630 = AXIS2_PLACEMENT_3D('',#631,#632,#633);
#631 = CARTESIAN_POINT('',(44.6,0.9,5.4));
#632 = DIRECTION('',(0.,0.,1.));
#633 = DIRECTION('',(1.,0.,0.));
#634 = DEFINITIONAL_REPRESENTATION('',(#635),#639);
#635 = CIRCLE('',#636,7.);
#636 = AXIS2_PLACEMENT_2D('',#637,#638);
#637 = CARTESIAN_POINT('',(70.4,6.1));
#638 = DIRECTION('',(0.,-1.));
#639 = ( GEOMETRIC_REPRESENTATION_CONTEXT(2) 
PARAMETRIC_REPRESENTATION_CONTEXT() REPRESENTATION_CONTEXT('2D SPACE',''
  ) );
#640 = ADVANCED_FACE('',(#641),#100,.F.);
#641 = FACE_BOUND('',#642,.F.);
#642 = EDGE_LOOP('',(#643,#668,#697,#720,#746,#772,#806,#832,#866,#892,
    #926,#952,#978,#999,#1000,#1001));
#643 = ORIENTED_EDGE('',*,*,#644,.F.);
#644 = EDGE_CURVE('',#645,#647,#649,.T.);
#645 = VERTEX_POINT('',#646);
#646 = CARTESIAN_POINT('',(-4.440892098501E-16,105.,34.823238871673));
#647 = VERTEX_POINT('',#648);
#648 = CARTESIAN_POINT('',(-4.440892098501E-16,7.,23.657549258112));
#649 = SURFACE_CURVE('',#650,(#654,#661),.PCURVE_S1.);
#650 = LINE('',#651,#652);
#651 = CARTESIAN_POINT('',(0.,112.,35.620788129784));
#652 = VECTOR('',#653,1.);
#653 = DIRECTION('',(0.,-0.993571855677,-0.113203213768));
#654 = PCURVE('',#100,#655);
#655 = DEFINITIONAL_REPRESENTATION('',(#656),#660);
#656 = LINE('',#657,#658);
#657 = CARTESIAN_POINT('',(0.,0.));
#658 = VECTOR('',#659,1.);
#659 = DIRECTION('',(1.,0.));
#660 = ( GEOMETRIC_REPRESENTATION_CONTEXT(2) 
PARAMETRIC_REPRESENTATION_CONTEXT() REPRESENTATION_CONTEXT('2D SPACE',''
  ) );
#661 = PCURVE('',#296,#662);
#662 = DEFINITIONAL_REPRESENTATION('',(#663),#667);
#663 = LINE('',#664,#665);
#664 = CARTESIAN_POINT('',(0.,-35.62078812978));
#665 = VECTOR('',#666,1.);
#666 = DIRECTION('',(0.993571855677,0.113203213768));
#667 = ( GEOMETRIC_REPRESENTATION_CONTEXT(2) 
PARAMETRIC_REPRESENTATION_CONTEXT() REPRESENTATION_CONTEXT('2D SPACE',''
  ) );
#668 = ORIENTED_EDGE('',*,*,#669,.T.);
#669 = EDGE_CURVE('',#645,#670,#672,.T.);
#670 = VERTEX_POINT('',#671);
#671 = CARTESIAN_POINT('',(7.,112.,35.620788129784));
#672 = SURFACE_CURVE('',#673,(#678,#685),.PCURVE_S1.);
#673 = ELLIPSE('',#674,7.045288128893,7.);
#674 = AXIS2_PLACEMENT_3D('',#675,#676,#677);
#675 = CARTESIAN_POINT('',(7.,105.,34.823238871673));
#676 = DIRECTION('',(0.,0.113203213768,-0.993571855677));
#677 = DIRECTION('',(0.,0.993571855677,0.113203213768));
#678 = PCURVE('',#100,#679);
#679 = DEFINITIONAL_REPRESENTATION('',(#680),#684);
#680 = ELLIPSE('',#681,7.045288128893,7.);
#681 = AXIS2_PLACEMENT_2D('',#682,#683);
#682 = CARTESIAN_POINT('',(7.045288128893,-7.));
#683 = DIRECTION('',(-1.,0.));
#684 = ( GEOMETRIC_REPRESENTATION_CONTEXT(2) 
PARAMETRIC_REPRESENTATION_CONTEXT() REPRESENTATION_CONTEXT('2D SPACE',''
  ) );
#685 = PCURVE('',#268,#686);
#686 = DEFINITIONAL_REPRESENTATION('',(#687),#696);
#687 = B_SPLINE_CURVE_WITH_KNOTS('',7,(#688,#689,#690,#691,#692,#693,
    #694,#695),.UNSPECIFIED.,.F.,.F.,(8,8),(4.712388980385,6.28318530718
    ),.PIECEWISE_BEZIER_KNOTS.);
#688 = CARTESIAN_POINT('',(1.570796326795,34.823238871673));
#689 = CARTESIAN_POINT('',(1.346396851538,35.002208506684));
#690 = CARTESIAN_POINT('',(1.121997376282,35.181177414974));
#691 = CARTESIAN_POINT('',(0.897597901026,35.345431716811));
#692 = CARTESIAN_POINT('',(0.673198425769,35.480230046098));
#693 = CARTESIAN_POINT('',(0.448798950513,35.573933169528));
#694 = CARTESIAN_POINT('',(0.224399475256,35.620788129784));
#695 = CARTESIAN_POINT('',(2.537652627715E-16,35.620788129784));
#696 = ( GEOMETRIC_REPRESENTATION_CONTEXT(2) 
PARAMETRIC_REPRESENTATION_CONTEXT() REPRESENTATION_CONTEXT('2D SPACE',''
  ) );
#697 = ORIENTED_EDGE('',*,*,#698,.T.);
#698 = EDGE_CURVE('',#670,#699,#701,.T.);
#699 = VERTEX_POINT('',#700);
#700 = CARTESIAN_POINT('',(80.5,112.,35.620788129784));
#701 = SURFACE_CURVE('',#702,(#706,#713),.PCURVE_S1.);
#702 = LINE('',#703,#704);
#703 = CARTESIAN_POINT('',(0.,112.,35.620788129784));
#704 = VECTOR('',#705,1.);
#705 = DIRECTION('',(1.,0.,0.));
#706 = PCURVE('',#100,#707);
#707 = DEFINITIONAL_REPRESENTATION('',(#708),#712);
#708 = LINE('',#709,#710);
#709 = CARTESIAN_POINT('',(0.,0.));
#710 = VECTOR('',#711,1.);
#711 = DIRECTION('',(0.,-1.));
#712 = ( GEOMETRIC_REPRESENTATION_CONTEXT(2) 
PARAMETRIC_REPRESENTATION_CONTEXT() REPRESENTATION_CONTEXT('2D SPACE',''
  ) );
#713 = PCURVE('',#239,#714);
#714 = DEFINITIONAL_REPRESENTATION('',(#715),#719);
#715 = LINE('',#716,#717);
#716 = CARTESIAN_POINT('',(122.,-35.62078812978));
#717 = VECTOR('',#718,1.);
#718 = DIRECTION('',(-1.,-0.));
#719 = ( GEOMETRIC_REPRESENTATION_CONTEXT(2) 
PARAMETRIC_REPRESENTATION_CONTEXT() REPRESENTATION_CONTEXT('2D SPACE',''
  ) );
#720 = ORIENTED_EDGE('',*,*,#721,.T.);
#721 = EDGE_CURVE('',#699,#722,#724,.T.);
#722 = VERTEX_POINT('',#723);
#723 = CARTESIAN_POINT('',(80.5,109.,35.278981304879));
#724 = SURFACE_CURVE('',#725,(#729,#735),.PCURVE_S1.);
#725 = LINE('',#726,#727);
#726 = CARTESIAN_POINT('',(80.5,108.51858859654,35.224131403783));
#727 = VECTOR('',#728,1.);
#728 = DIRECTION('',(0.,-0.993571855677,-0.113203213768));
#729 = PCURVE('',#100,#730);
#730 = DEFINITIONAL_REPRESENTATION('',(#731),#734);
#731 = B_SPLINE_CURVE_WITH_KNOTS('',1,(#732,#733),.UNSPECIFIED.,.F.,.F.,
  (2,2),(-3.503935204653,1.528413458842),.PIECEWISE_BEZIER_KNOTS.);
#732 = CARTESIAN_POINT('',(0.,-80.5));
#733 = CARTESIAN_POINT('',(5.032348663495,-80.5));
#734 = ( GEOMETRIC_REPRESENTATION_CONTEXT(2) 
PARAMETRIC_REPRESENTATION_CONTEXT() REPRESENTATION_CONTEXT('2D SPACE',''
  ) );
#735 = PCURVE('',#736,#741);
#736 = PLANE('',#737);
#737 = AXIS2_PLACEMENT_3D('',#738,#739,#740);
#738 = CARTESIAN_POINT('',(80.5,107.,17.6));
#739 = DIRECTION('',(1.,0.,0.));
#740 = DIRECTION('',(0.,0.,1.));
#741 = DEFINITIONAL_REPRESENTATION('',(#742),#745);
#742 = B_SPLINE_CURVE_WITH_KNOTS('',1,(#743,#744),.UNSPECIFIED.,.F.,.F.,
  (2,2),(-3.503935204653,1.528413458842),.PIECEWISE_BEZIER_KNOTS.);
#743 = CARTESIAN_POINT('',(18.020788129784,-5.));
#744 = CARTESIAN_POINT('',(17.451110088276,2.22044604925E-16));
#745 = ( GEOMETRIC_REPRESENTATION_CONTEXT(2) 
PARAMETRIC_REPRESENTATION_CONTEXT() REPRESENTATION_CONTEXT('2D SPACE',''
  ) );
#746 = ORIENTED_EDGE('',*,*,#747,.T.);
#747 = EDGE_CURVE('',#722,#748,#750,.T.);
#748 = VERTEX_POINT('',#749);
#749 = CARTESIAN_POINT('',(7.,109.,35.278981304879));
#750 = SURFACE_CURVE('',#751,(#755,#761),.PCURVE_S1.);
#751 = LINE('',#752,#753);
#752 = CARTESIAN_POINT('',(59.5,109.,35.278981304879));
#753 = VECTOR('',#754,1.);
#754 = DIRECTION('',(-1.,-0.,-0.));
#755 = PCURVE('',#100,#756);
#756 = DEFINITIONAL_REPRESENTATION('',(#757),#760);
#757 = B_SPLINE_CURVE_WITH_KNOTS('',1,(#758,#759),.UNSPECIFIED.,.F.,.F.,
  (2,2),(-55.5,52.5),.PIECEWISE_BEZIER_KNOTS.);
#758 = CARTESIAN_POINT('',(3.019409198097,-115.));
#759 = CARTESIAN_POINT('',(3.019409198097,-7.));
#760 = ( GEOMETRIC_REPRESENTATION_CONTEXT(2) 
PARAMETRIC_REPRESENTATION_CONTEXT() REPRESENTATION_CONTEXT('2D SPACE',''
  ) );
#761 = PCURVE('',#762,#767);
#762 = PLANE('',#763);
#763 = AXIS2_PLACEMENT_3D('',#764,#765,#766);
#764 = CARTESIAN_POINT('',(119.,109.,2.4));
#765 = DIRECTION('',(0.,-1.,0.));
#766 = DIRECTION('',(-1.,0.,0.));
#767 = DEFINITIONAL_REPRESENTATION('',(#768),#771);
#768 = B_SPLINE_CURVE_WITH_KNOTS('',1,(#769,#770),.UNSPECIFIED.,.F.,.F.,
  (2,2),(-55.5,52.5),.PIECEWISE_BEZIER_KNOTS.);
#769 = CARTESIAN_POINT('',(4.,-32.87898130487));
#770 = CARTESIAN_POINT('',(112.,-32.87898130487));
#771 = ( GEOMETRIC_REPRESENTATION_CONTEXT(2) 
PARAMETRIC_REPRESENTATION_CONTEXT() REPRESENTATION_CONTEXT('2D SPACE',''
  ) );
#772 = ORIENTED_EDGE('',*,*,#773,.F.);
#773 = EDGE_CURVE('',#774,#748,#776,.T.);
#774 = VERTEX_POINT('',#775);
#775 = CARTESIAN_POINT('',(3.,105.,34.823238871673));
#776 = SURFACE_CURVE('',#777,(#782,#789),.PCURVE_S1.);
#777 = ELLIPSE('',#778,4.025878930796,4.);
#778 = AXIS2_PLACEMENT_3D('',#779,#780,#781);
#779 = CARTESIAN_POINT('',(7.,105.,34.823238871673));
#780 = DIRECTION('',(0.,0.113203213768,-0.993571855677));
#781 = DIRECTION('',(0.,0.993571855677,0.113203213768));
#782 = PCURVE('',#100,#783);
#783 = DEFINITIONAL_REPRESENTATION('',(#784),#788);
#784 = ELLIPSE('',#785,4.025878930796,4.);
#785 = AXIS2_PLACEMENT_2D('',#786,#787);
#786 = CARTESIAN_POINT('',(7.045288128893,-7.));
#787 = DIRECTION('',(-1.,0.));
#788 = ( GEOMETRIC_REPRESENTATION_CONTEXT(2) 
PARAMETRIC_REPRESENTATION_CONTEXT() REPRESENTATION_CONTEXT('2D SPACE',''
  ) );
#789 = PCURVE('',#790,#795);
#790 = CYLINDRICAL_SURFACE('',#791,4.);
#791 = AXIS2_PLACEMENT_3D('',#792,#793,#794);
#792 = CARTESIAN_POINT('',(7.,105.,2.4));
#793 = DIRECTION('',(0.,0.,1.));
#794 = DIRECTION('',(-0.,1.,0.));
#795 = DEFINITIONAL_REPRESENTATION('',(#796),#805);
#796 = B_SPLINE_CURVE_WITH_KNOTS('',7,(#797,#798,#799,#800,#801,#802,
    #803,#804),.UNSPECIFIED.,.F.,.F.,(8,8),(4.712388980385,6.28318530718
    ),.PIECEWISE_BEZIER_KNOTS.);
#797 = CARTESIAN_POINT('',(1.570796326795,32.423238871673));
#798 = CARTESIAN_POINT('',(1.346396851538,32.525507234536));
#799 = CARTESIAN_POINT('',(1.121997376282,32.627775182131));
#800 = CARTESIAN_POINT('',(0.897597901026,32.721634783185));
#801 = CARTESIAN_POINT('',(0.673198425769,32.798662399917));
#802 = CARTESIAN_POINT('',(0.448798950513,32.852207041877));
#803 = CARTESIAN_POINT('',(0.224399475256,32.878981304879));
#804 = CARTESIAN_POINT('',(2.22044604925E-16,32.878981304879));
#805 = ( GEOMETRIC_REPRESENTATION_CONTEXT(2) 
PARAMETRIC_REPRESENTATION_CONTEXT() REPRESENTATION_CONTEXT('2D SPACE',''
  ) );
#806 = ORIENTED_EDGE('',*,*,#807,.T.);
#807 = EDGE_CURVE('',#774,#808,#810,.T.);
#808 = VERTEX_POINT('',#809);
#809 = CARTESIAN_POINT('',(3.,7.,23.657549258112));
#810 = SURFACE_CURVE('',#811,(#815,#821),.PCURVE_S1.);
#811 = LINE('',#812,#813);
#812 = CARTESIAN_POINT('',(3.,108.65095962242,35.239213177139));
#813 = VECTOR('',#814,1.);
#814 = DIRECTION('',(0.,-0.993571855677,-0.113203213768));
#815 = PCURVE('',#100,#816);
#816 = DEFINITIONAL_REPRESENTATION('',(#817),#820);
#817 = B_SPLINE_CURVE_WITH_KNOTS('',1,(#818,#819),.UNSPECIFIED.,.F.,.F.,
  (2,2),(3.674580355281,102.30861415977),.PIECEWISE_BEZIER_KNOTS.);
#818 = CARTESIAN_POINT('',(7.045288128893,-3.));
#819 = CARTESIAN_POINT('',(105.67932193338,-3.));
#820 = ( GEOMETRIC_REPRESENTATION_CONTEXT(2) 
PARAMETRIC_REPRESENTATION_CONTEXT() REPRESENTATION_CONTEXT('2D SPACE',''
  ) );
#821 = PCURVE('',#822,#827);
#822 = PLANE('',#823);
#823 = AXIS2_PLACEMENT_3D('',#824,#825,#826);
#824 = CARTESIAN_POINT('',(3.,109.,2.4));
#825 = DIRECTION('',(1.,0.,-0.));
#826 = DIRECTION('',(0.,-1.,0.));
#827 = DEFINITIONAL_REPRESENTATION('',(#828),#831);
#828 = B_SPLINE_CURVE_WITH_KNOTS('',1,(#829,#830),.UNSPECIFIED.,.F.,.F.,  (2,2),(3.674580355281,102.30861415977),.PIECEWISE_BEZIER_KNOTS.);
#829 = CARTESIAN_POINT('',(4.,-32.42323887167));
#830 = CARTESIAN_POINT('',(102.,-21.25754925811));
#831 = ( GEOMETRIC_REPRESENTATION_CONTEXT(2) 
PARAMETRIC_REPRESENTATION_CONTEXT() REPRESENTATION_CONTEXT('2D SPACE',''
  ) );
#832 = ORIENTED_EDGE('',*,*,#833,.F.);
#833 = EDGE_CURVE('',#834,#808,#836,.T.);
#834 = VERTEX_POINT('',#835);
#835 = CARTESIAN_POINT('',(7.,3.,23.201806824905));
#836 = SURFACE_CURVE('',#837,(#842,#849),.PCURVE_S1.);
#837 = ELLIPSE('',#838,4.025878930796,4.);
#838 = AXIS2_PLACEMENT_3D('',#839,#840,#841);
#839 = CARTESIAN_POINT('',(7.,7.,23.657549258112));
#840 = DIRECTION('',(0.,0.113203213768,-0.993571855677));
#841 = DIRECTION('',(0.,0.993571855677,0.113203213768));
#842 = PCURVE('',#100,#843);
#843 = DEFINITIONAL_REPRESENTATION('',(#844),#848);
#844 = ELLIPSE('',#845,4.025878930796,4.);
#845 = AXIS2_PLACEMENT_2D('',#846,#847);
#846 = CARTESIAN_POINT('',(105.67932193338,-7.));
#847 = DIRECTION('',(-1.,0.));
#848 = ( GEOMETRIC_REPRESENTATION_CONTEXT(2) 
PARAMETRIC_REPRESENTATION_CONTEXT() REPRESENTATION_CONTEXT('2D SPACE',''
  ) );
#849 = PCURVE('',#850,#855);
#850 = CYLINDRICAL_SURFACE('',#851,4.);
#851 = AXIS2_PLACEMENT_3D('',#852,#853,#854);
#852 = CARTESIAN_POINT('',(7.,7.,2.4));
#853 = DIRECTION('',(0.,0.,1.));
#854 = DIRECTION('',(0.,-1.,0.));
#855 = DEFINITIONAL_REPRESENTATION('',(#856),#865);
#856 = B_SPLINE_CURVE_WITH_KNOTS('',7,(#857,#858,#859,#860,#861,#862,
    #863,#864),.UNSPECIFIED.,.F.,.F.,(8,8),(3.14159265359,4.712388980385
    ),.PIECEWISE_BEZIER_KNOTS.);
#857 = CARTESIAN_POINT('',(0.,20.801806824905));
#858 = CARTESIAN_POINT('',(-0.224399475256,20.801806824905));
#859 = CARTESIAN_POINT('',(-0.448798950513,20.828581087907));
#860 = CARTESIAN_POINT('',(-0.673198425769,20.882125729871));
#861 = CARTESIAN_POINT('',(-0.897597901026,20.959153346595));
#862 = CARTESIAN_POINT('',(-1.121997376282,21.053012947652));
#863 = CARTESIAN_POINT('',(-1.346396851538,21.155280895248));
#864 = CARTESIAN_POINT('',(-1.570796326795,21.257549258112));
#865 = ( GEOMETRIC_REPRESENTATION_CONTEXT(2) 
PARAMETRIC_REPRESENTATION_CONTEXT() REPRESENTATION_CONTEXT('2D SPACE',''
  ) );
#866 = ORIENTED_EDGE('',*,*,#867,.T.);
#867 = EDGE_CURVE('',#834,#868,#870,.T.);
#868 = VERTEX_POINT('',#869);
#869 = CARTESIAN_POINT('',(115.,3.,23.201806824905));
#870 = SURFACE_CURVE('',#871,(#875,#881),.PCURVE_S1.);
#871 = LINE('',#872,#873);
#872 = CARTESIAN_POINT('',(1.5,3.,23.201806824905));
#873 = VECTOR('',#874,1.);
#874 = DIRECTION('',(1.,-0.,0.));
#875 = PCURVE('',#100,#876);
#876 = DEFINITIONAL_REPRESENTATION('',(#877),#880);
#877 = B_SPLINE_CURVE_WITH_KNOTS('',1,(#878,#879),.UNSPECIFIED.,.F.,.F.,
  (2,2),(5.5,113.5),.PIECEWISE_BEZIER_KNOTS.);
#878 = CARTESIAN_POINT('',(109.70520086418,-7.));
#879 = CARTESIAN_POINT('',(109.70520086418,-115.));
#880 = ( GEOMETRIC_REPRESENTATION_CONTEXT(2) 
PARAMETRIC_REPRESENTATION_CONTEXT() REPRESENTATION_CONTEXT('2D SPACE',''
  ) );
#881 = PCURVE('',#882,#887);
#882 = PLANE('',#883);
#883 = AXIS2_PLACEMENT_3D('',#884,#885,#886);
#884 = CARTESIAN_POINT('',(3.,3.,2.4));
#885 = DIRECTION('',(0.,1.,0.));
#886 = DIRECTION('',(1.,0.,0.));
#887 = DEFINITIONAL_REPRESENTATION('',(#888),#891);
#888 = B_SPLINE_CURVE_WITH_KNOTS('',1,(#889,#890),.UNSPECIFIED.,.F.,.F.,
  (2,2),(5.5,113.5),.PIECEWISE_BEZIER_KNOTS.);
#889 = CARTESIAN_POINT('',(4.,-20.8018068249));
#890 = CARTESIAN_POINT('',(112.,-20.8018068249));
#891 = ( GEOMETRIC_REPRESENTATION_CONTEXT(2) 
PARAMETRIC_REPRESENTATION_CONTEXT() REPRESENTATION_CONTEXT('2D SPACE',''
  ) );
#892 = ORIENTED_EDGE('',*,*,#893,.F.);
#893 = EDGE_CURVE('',#894,#868,#896,.T.);
#894 = VERTEX_POINT('',#895);
#895 = CARTESIAN_POINT('',(119.,7.,23.657549258112));
#896 = SURFACE_CURVE('',#897,(#902,#909),.PCURVE_S1.);
#897 = ELLIPSE('',#898,4.025878930796,4.);
#898 = AXIS2_PLACEMENT_3D('',#899,#900,#901);
#899 = CARTESIAN_POINT('',(115.,7.,23.657549258112));
#900 = DIRECTION('',(0.,0.113203213768,-0.993571855677));
#901 = DIRECTION('',(0.,0.993571855677,0.113203213768));
#902 = PCURVE('',#100,#903);
#903 = DEFINITIONAL_REPRESENTATION('',(#904),#908);
#904 = ELLIPSE('',#905,4.025878930796,4.);
#905 = AXIS2_PLACEMENT_2D('',#906,#907);
#906 = CARTESIAN_POINT('',(105.67932193338,-115.));
#907 = DIRECTION('',(-1.,0.));
#908 = ( GEOMETRIC_REPRESENTATION_CONTEXT(2) 
PARAMETRIC_REPRESENTATION_CONTEXT() REPRESENTATION_CONTEXT('2D SPACE',''
  ) );
#909 = PCURVE('',#910,#915);
#910 = CYLINDRICAL_SURFACE('',#911,4.);
#911 = AXIS2_PLACEMENT_3D('',#912,#913,#914);
#912 = CARTESIAN_POINT('',(115.,7.,2.4));
#913 = DIRECTION('',(0.,0.,1.));
#914 = DIRECTION('',(0.,-1.,0.));
#915 = DEFINITIONAL_REPRESENTATION('',(#916),#925);
#916 = B_SPLINE_CURVE_WITH_KNOTS('',7,(#917,#918,#919,#920,#921,#922,
    #923,#924),.UNSPECIFIED.,.F.,.F.,(8,8),(1.570796326795,3.14159265359
    ),.PIECEWISE_BEZIER_KNOTS.);
#917 = CARTESIAN_POINT('',(1.570796326795,21.257549258112));
#918 = CARTESIAN_POINT('',(1.346396851538,21.155280895248));
#919 = CARTESIAN_POINT('',(1.121997376282,21.053012947656));
#920 = CARTESIAN_POINT('',(0.897597901026,20.959153346586));
#921 = CARTESIAN_POINT('',(0.673198425769,20.882125729886));
#922 = CARTESIAN_POINT('',(0.448798950513,20.828581087904));
#923 = CARTESIAN_POINT('',(0.224399475256,20.801806824905));
#924 = CARTESIAN_POINT('',(0.,20.801806824905));
#925 = ( GEOMETRIC_REPRESENTATION_CONTEXT(2) 
PARAMETRIC_REPRESENTATION_CONTEXT() REPRESENTATION_CONTEXT('2D SPACE',''
  ) );
#926 = ORIENTED_EDGE('',*,*,#927,.T.);
#927 = EDGE_CURVE('',#894,#928,#930,.T.);
#928 = VERTEX_POINT('',#929);
#929 = CARTESIAN_POINT('',(119.,29.246194139553,26.192182919798));
#930 = SURFACE_CURVE('',#931,(#935,#941),.PCURVE_S1.);
#931 = LINE('',#932,#933);
#932 = CARTESIAN_POINT('',(119.,56.33015290562,29.278010237027));
#933 = VECTOR('',#934,1.);
#934 = DIRECTION('',(0.,0.993571855677,0.113203213768));
#935 = PCURVE('',#100,#936);
#936 = DEFINITIONAL_REPRESENTATION('',(#937),#940);
#937 = B_SPLINE_CURVE_WITH_KNOTS('',1,(#938,#939),.UNSPECIFIED.,.F.,.F.,
  (2,2),(-49.64930580891,48.984727995579),.PIECEWISE_BEZIER_KNOTS.);
#938 = CARTESIAN_POINT('',(105.67932193338,-119.));
#939 = CARTESIAN_POINT('',(7.045288128893,-119.));
#940 = ( GEOMETRIC_REPRESENTATION_CONTEXT(2) 
PARAMETRIC_REPRESENTATION_CONTEXT() REPRESENTATION_CONTEXT('2D SPACE',''
  ) );
#941 = PCURVE('',#942,#947);
#942 = PLANE('',#943);
#943 = AXIS2_PLACEMENT_3D('',#944,#945,#946);
#944 = CARTESIAN_POINT('',(119.,3.,2.4));
#945 = DIRECTION('',(-1.,0.,0.));
#946 = DIRECTION('',(0.,1.,0.));
#947 = DEFINITIONAL_REPRESENTATION('',(#948),#951);
#948 = B_SPLINE_CURVE_WITH_KNOTS('',1,(#949,#950),.UNSPECIFIED.,.F.,.F.,
  (2,2),(-49.64930580891,48.984727995579),.PIECEWISE_BEZIER_KNOTS.);
#949 = CARTESIAN_POINT('',(4.,-21.25754925811));
#950 = CARTESIAN_POINT('',(102.,-32.42323887167));
#951 = ( GEOMETRIC_REPRESENTATION_CONTEXT(2) 
PARAMETRIC_REPRESENTATION_CONTEXT() REPRESENTATION_CONTEXT('2D SPACE',''
  ) );
#952 = ORIENTED_EDGE('',*,*,#953,.T.);
#953 = EDGE_CURVE('',#928,#954,#956,.T.);
#954 = VERTEX_POINT('',#955);
#955 = CARTESIAN_POINT('',(122.,29.246194139553,26.192182919798));
#956 = SURFACE_CURVE('',#957,(#961,#967),.PCURVE_S1.);
#957 = LINE('',#958,#959);
#958 = CARTESIAN_POINT('',(55.,29.246194139553,26.192182919798));
#959 = VECTOR('',#960,1.);
#960 = DIRECTION('',(1.,-0.,0.));
#961 = PCURVE('',#100,#962);
#962 = DEFINITIONAL_REPRESENTATION('',(#963),#966);
#963 = B_SPLINE_CURVE_WITH_KNOTS('',1,(#964,#965),.UNSPECIFIED.,.F.,.F.,
  (2,2),(55.,67.),.PIECEWISE_BEZIER_KNOTS.);
#964 = CARTESIAN_POINT('',(83.289200864184,-110.));
#965 = CARTESIAN_POINT('',(83.289200864184,-122.));
#966 = ( GEOMETRIC_REPRESENTATION_CONTEXT(2) 
PARAMETRIC_REPRESENTATION_CONTEXT() REPRESENTATION_CONTEXT('2D SPACE',''
  ) );
#967 = PCURVE('',#968,#973);
#968 = PLANE('',#969);
#969 = AXIS2_PLACEMENT_3D('',#970,#971,#972);
#970 = CARTESIAN_POINT('',(110.,29.246194139553,18.490376094893));
#971 = DIRECTION('',(0.,1.,0.));
#972 = DIRECTION('',(0.,0.,1.));
#973 = DEFINITIONAL_REPRESENTATION('',(#974),#977);
#974 = B_SPLINE_CURVE_WITH_KNOTS('',1,(#975,#976),.UNSPECIFIED.,.F.,.F.,
  (2,2),(55.,67.),.PIECEWISE_BEZIER_KNOTS.);
#975 = CARTESIAN_POINT('',(7.701806824905,0.));
#976 = CARTESIAN_POINT('',(7.701806824905,12.));
#977 = ( GEOMETRIC_REPRESENTATION_CONTEXT(2) 
PARAMETRIC_REPRESENTATION_CONTEXT() REPRESENTATION_CONTEXT('2D SPACE',''
  ) );
#978 = ORIENTED_EDGE('',*,*,#979,.T.);
#979 = EDGE_CURVE('',#954,#480,#980,.T.);
#980 = SURFACE_CURVE('',#981,(#985,#992),.PCURVE_S1.);
#981 = LINE('',#982,#983);
#982 = CARTESIAN_POINT('',(122.,112.,35.620788129784));
#983 = VECTOR('',#984,1.);
#984 = DIRECTION('',(0.,-0.993571855677,-0.113203213768));
#985 = PCURVE('',#100,#986);
#986 = DEFINITIONAL_REPRESENTATION('',(#987),#991);
#987 = LINE('',#988,#989);
#988 = CARTESIAN_POINT('',(0.,-122.));
#989 = VECTOR('',#990,1.);
#990 = DIRECTION('',(1.,0.));
#991 = ( GEOMETRIC_REPRESENTATION_CONTEXT(2) 
PARAMETRIC_REPRESENTATION_CONTEXT() REPRESENTATION_CONTEXT('2D SPACE',''
  ) );
#992 = PCURVE('',#182,#993);
#993 = DEFINITIONAL_REPRESENTATION('',(#994),#998);
#994 = LINE('',#995,#996);
#995 = CARTESIAN_POINT('',(112.,-35.62078812978));
#996 = VECTOR('',#997,1.);
#997 = DIRECTION('',(-0.993571855677,0.113203213768));
#998 = ( GEOMETRIC_REPRESENTATION_CONTEXT(2) 
PARAMETRIC_REPRESENTATION_CONTEXT() REPRESENTATION_CONTEXT('2D SPACE',''
  ) );
#999 = ORIENTED_EDGE('',*,*,#502,.T.);
#1000 = ORIENTED_EDGE('',*,*,#84,.F.);
#1001 = ORIENTED_EDGE('',*,*,#1002,.T.);
#1002 = EDGE_CURVE('',#57,#647,#1003,.T.);
#1003 = SURFACE_CURVE('',#1004,(#1009,#1016),.PCURVE_S1.);
#1004 = ELLIPSE('',#1005,7.045288128893,7.);
#1005 = AXIS2_PLACEMENT_3D('',#1006,#1007,#1008);
#1006 = CARTESIAN_POINT('',(7.,7.,23.657549258112));
#1007 = DIRECTION('',(0.,0.113203213768,-0.993571855677));
#1008 = DIRECTION('',(0.,0.993571855677,0.113203213768));
#1009 = PCURVE('',#100,#1010);
#1010 = DEFINITIONAL_REPRESENTATION('',(#1011),#1015);
#1011 = ELLIPSE('',#1012,7.045288128893,7.);
#1012 = AXIS2_PLACEMENT_2D('',#1013,#1014);
#1013 = CARTESIAN_POINT('',(105.67932193338,-7.));
#1014 = DIRECTION('',(-1.,0.));
#1015 = ( GEOMETRIC_REPRESENTATION_CONTEXT(2) 
PARAMETRIC_REPRESENTATION_CONTEXT() REPRESENTATION_CONTEXT('2D SPACE',''
  ) );
#1016 = PCURVE('',#72,#1017);
#1017 = DEFINITIONAL_REPRESENTATION('',(#1018),#1027);
#1018 = B_SPLINE_CURVE_WITH_KNOTS('',7,(#1019,#1020,#1021,#1022,#1023,
    #1024,#1025,#1026),.UNSPECIFIED.,.F.,.F.,(8,8),(3.14159265359,
    4.712388980385),.PIECEWISE_BEZIER_KNOTS.);
#1019 = CARTESIAN_POINT('',(0.,22.86));
#1020 = CARTESIAN_POINT('',(-0.224399475256,22.86));
#1021 = CARTESIAN_POINT('',(-0.448798950513,22.906854960253));
#1022 = CARTESIAN_POINT('',(-0.673198425769,23.000558083691));
#1023 = CARTESIAN_POINT('',(-0.897597901026,23.135356412957));
#1024 = CARTESIAN_POINT('',(-1.121997376282,23.299610714812));
#1025 = CARTESIAN_POINT('',(-1.346396851538,23.4785796231));
#1026 = CARTESIAN_POINT('',(-1.570796326795,23.657549258112));
#1027 = ( GEOMETRIC_REPRESENTATION_CONTEXT(2) 
PARAMETRIC_REPRESENTATION_CONTEXT() REPRESENTATION_CONTEXT('2D SPACE',''
  ) );
#1028 = ADVANCED_FACE('',(#1029),#72,.T.);
#1029 = FACE_BOUND('',#1030,.F.);
#1030 = EDGE_LOOP('',(#1031,#1032,#1033,#1054));
#1031 = ORIENTED_EDGE('',*,*,#56,.F.);
#1032 = ORIENTED_EDGE('',*,*,#308,.T.);
#1033 = ORIENTED_EDGE('',*,*,#1034,.T.);
#1034 = EDGE_CURVE('',#281,#647,#1035,.T.);
#1035 = SURFACE_CURVE('',#1036,(#1040,#1047),.PCURVE_S1.);
#1036 = LINE('',#1037,#1038);
#1037 = CARTESIAN_POINT('',(-8.881784197001E-16,7.,0.));
#1038 = VECTOR('',#1039,1.);
#1039 = DIRECTION('',(0.,0.,1.));
#1040 = PCURVE('',#72,#1041);
#1041 = DEFINITIONAL_REPRESENTATION('',(#1042),#1046);
#1042 = LINE('',#1043,#1044);
#1043 = CARTESIAN_POINT('',(-1.570796326795,0.));
#1044 = VECTOR('',#1045,1.);
#1045 = DIRECTION('',(-0.,1.));
#1046 = ( GEOMETRIC_REPRESENTATION_CONTEXT(2) 
PARAMETRIC_REPRESENTATION_CONTEXT() REPRESENTATION_CONTEXT('2D SPACE',''
  ) );
#1047 = PCURVE('',#296,#1048);
#1048 = DEFINITIONAL_REPRESENTATION('',(#1049),#1053);
#1049 = LINE('',#1050,#1051);
#1050 = CARTESIAN_POINT('',(105.,-0.));
#1051 = VECTOR('',#1052,1.);
#1052 = DIRECTION('',(0.,-1.));
#1053 = ( GEOMETRIC_REPRESENTATION_CONTEXT(2) 
PARAMETRIC_REPRESENTATION_CONTEXT() REPRESENTATION_CONTEXT('2D SPACE',''
  ) );
#1054 = ORIENTED_EDGE('',*,*,#1002,.F.);
#1055 = ADVANCED_FACE('',(#1056),#296,.F.);
#1056 = FACE_BOUND('',#1057,.F.);
#1057 = EDGE_LOOP('',(#1058,#1059,#1080,#1081));
#1058 = ORIENTED_EDGE('',*,*,#280,.F.);
#1059 = ORIENTED_EDGE('',*,*,#1060,.T.);
#1060 = EDGE_CURVE('',#252,#645,#1061,.T.);
#1061 = SURFACE_CURVE('',#1062,(#1066,#1073),.PCURVE_S1.);
#1062 = LINE('',#1063,#1064);
#1063 = CARTESIAN_POINT('',(-8.881784197001E-16,105.,0.));
#1064 = VECTOR('',#1065,1.);
#1065 = DIRECTION('',(0.,0.,1.));
#1066 = PCURVE('',#296,#1067);
#1067 = DEFINITIONAL_REPRESENTATION('',(#1068),#1072);
#1068 = LINE('',#1069,#1070);
#1069 = CARTESIAN_POINT('',(7.,-0.));
#1070 = VECTOR('',#1071,1.);
#1071 = DIRECTION('',(0.,-1.));
#1072 = ( GEOMETRIC_REPRESENTATION_CONTEXT(2) 
PARAMETRIC_REPRESENTATION_CONTEXT() REPRESENTATION_CONTEXT('2D SPACE',''
  ) );
#1073 = PCURVE('',#268,#1074);
#1074 = DEFINITIONAL_REPRESENTATION('',(#1075),#1079);
#1075 = LINE('',#1076,#1077);
#1076 = CARTESIAN_POINT('',(1.570796326795,0.));
#1077 = VECTOR('',#1078,1.);
#1078 = DIRECTION('',(0.,1.));
#1079 = ( GEOMETRIC_REPRESENTATION_CONTEXT(2) 
PARAMETRIC_REPRESENTATION_CONTEXT() REPRESENTATION_CONTEXT('2D SPACE',''
  ) );
#1080 = ORIENTED_EDGE('',*,*,#644,.T.);
#1081 = ORIENTED_EDGE('',*,*,#1034,.F.);
#1082 = ADVANCED_FACE('',(#1083),#182,.F.);
#1083 = FACE_BOUND('',#1084,.F.);
#1084 = EDGE_LOOP('',(#1085,#1086,#1087,#1088,#1109,#1135,#1161,#1189));
#1085 = ORIENTED_EDGE('',*,*,#166,.F.);
#1086 = ORIENTED_EDGE('',*,*,#479,.T.);
#1087 = ORIENTED_EDGE('',*,*,#979,.F.);
#1088 = ORIENTED_EDGE('',*,*,#1089,.T.);
#1089 = EDGE_CURVE('',#954,#1090,#1092,.T.);
#1090 = VERTEX_POINT('',#1091);
#1091 = CARTESIAN_POINT('',(122.,29.246194139553,18.490376094893));
#1092 = SURFACE_CURVE('',#1093,(#1097,#1103),.PCURVE_S1.);
#1093 = LINE('',#1094,#1095);
#1094 = CARTESIAN_POINT('',(122.,29.246194139553,9.245188047447));
#1095 = VECTOR('',#1096,1.);
#1096 = DIRECTION('',(0.,0.,-1.));
#1097 = PCURVE('',#182,#1098);
#1098 = DEFINITIONAL_REPRESENTATION('',(#1099),#1102);
#1099 = B_SPLINE_CURVE_WITH_KNOTS('',1,(#1100,#1101),.UNSPECIFIED.,.F.,
  .F.,(2,2),(-21.24518804744,-9.245188047447),.PIECEWISE_BEZIER_KNOTS.);
#1100 = CARTESIAN_POINT('',(29.246194139553,-30.49037609489));
#1101 = CARTESIAN_POINT('',(29.246194139553,-18.49037609489));
#1102 = ( GEOMETRIC_REPRESENTATION_CONTEXT(2) 
PARAMETRIC_REPRESENTATION_CONTEXT() REPRESENTATION_CONTEXT('2D SPACE',''
  ) );
#1103 = PCURVE('',#968,#1104);
#1104 = DEFINITIONAL_REPRESENTATION('',(#1105),#1108);
#1105 = B_SPLINE_CURVE_WITH_KNOTS('',1,(#1106,#1107),.UNSPECIFIED.,.F.,
  .F.,(2,2),(-21.24518804744,-9.245188047447),.PIECEWISE_BEZIER_KNOTS.);
#1106 = CARTESIAN_POINT('',(12.,12.));
#1107 = CARTESIAN_POINT('',(0.,12.));
#1108 = ( GEOMETRIC_REPRESENTATION_CONTEXT(2) 
PARAMETRIC_REPRESENTATION_CONTEXT() REPRESENTATION_CONTEXT('2D SPACE',''
  ) );
#1109 = ORIENTED_EDGE('',*,*,#1110,.T.);
#1110 = EDGE_CURVE('',#1090,#1111,#1113,.T.);
#1111 = VERTEX_POINT('',#1112);
#1112 = CARTESIAN_POINT('',(122.,47.246194139553,18.490376094893));
#1113 = SURFACE_CURVE('',#1114,(#1118,#1124),.PCURVE_S1.);
#1114 = LINE('',#1115,#1116);
#1115 = CARTESIAN_POINT('',(122.,14.623097069776,18.490376094893));
#1116 = VECTOR('',#1117,1.);
#1117 = DIRECTION('',(0.,1.,-0.));
#1118 = PCURVE('',#182,#1119);
#1119 = DEFINITIONAL_REPRESENTATION('',(#1120),#1123);
#1120 = B_SPLINE_CURVE_WITH_KNOTS('',1,(#1121,#1122),.UNSPECIFIED.,.F.,
  .F.,(2,2),(14.623097069776,32.623097069776),.PIECEWISE_BEZIER_KNOTS.);
#1121 = CARTESIAN_POINT('',(29.246194139553,-18.49037609489));
#1122 = CARTESIAN_POINT('',(47.246194139553,-18.49037609489));
#1123 = ( GEOMETRIC_REPRESENTATION_CONTEXT(2) 
PARAMETRIC_REPRESENTATION_CONTEXT() REPRESENTATION_CONTEXT('2D SPACE',''
  ) );
#1124 = PCURVE('',#1125,#1130);
#1125 = PLANE('',#1126);
#1126 = AXIS2_PLACEMENT_3D('',#1127,#1128,#1129);
#1127 = CARTESIAN_POINT('',(110.,29.246194139553,18.490376094893));
#1128 = DIRECTION('',(0.,0.,1.));
#1129 = DIRECTION('',(1.,0.,0.));
#1130 = DEFINITIONAL_REPRESENTATION('',(#1131),#1134);
#1131 = B_SPLINE_CURVE_WITH_KNOTS('',1,(#1132,#1133),.UNSPECIFIED.,.F.,
  .F.,(2,2),(14.623097069776,32.623097069776),.PIECEWISE_BEZIER_KNOTS.);
#1132 = CARTESIAN_POINT('',(12.,0.));
#1133 = CARTESIAN_POINT('',(12.,18.));
#1134 = ( GEOMETRIC_REPRESENTATION_CONTEXT(2) 
PARAMETRIC_REPRESENTATION_CONTEXT() REPRESENTATION_CONTEXT('2D SPACE',''
  ) );
#1135 = ORIENTED_EDGE('',*,*,#1136,.F.);
#1136 = EDGE_CURVE('',#1137,#1111,#1139,.T.);
#1137 = VERTEX_POINT('',#1138);
#1138 = CARTESIAN_POINT('',(122.,47.246194139553,28.243023869228));
#1139 = SURFACE_CURVE('',#1140,(#1144,#1150),.PCURVE_S1.);
#1140 = LINE('',#1141,#1142);
#1141 = CARTESIAN_POINT('',(122.,47.246194139553,9.245188047447));
#1142 = VECTOR('',#1143,1.);
#1143 = DIRECTION('',(0.,0.,-1.));
#1144 = PCURVE('',#182,#1145);
#1145 = DEFINITIONAL_REPRESENTATION('',(#1146),#1149);
#1146 = B_SPLINE_CURVE_WITH_KNOTS('',1,(#1147,#1148),.UNSPECIFIED.,.F.,
  .F.,(2,2),(-21.24518804744,-9.245188047447),.PIECEWISE_BEZIER_KNOTS.);
#1147 = CARTESIAN_POINT('',(47.246194139553,-30.49037609489));
#1148 = CARTESIAN_POINT('',(47.246194139553,-18.49037609489));
#1149 = ( GEOMETRIC_REPRESENTATION_CONTEXT(2) 
PARAMETRIC_REPRESENTATION_CONTEXT() REPRESENTATION_CONTEXT('2D SPACE',''
  ) );
#1150 = PCURVE('',#1151,#1156);
#1151 = PLANE('',#1152);
#1152 = AXIS2_PLACEMENT_3D('',#1153,#1154,#1155);
#1153 = CARTESIAN_POINT('',(110.,47.246194139553,18.490376094893));
#1154 = DIRECTION('',(0.,1.,0.));
#1155 = DIRECTION('',(0.,0.,1.));
#1156 = DEFINITIONAL_REPRESENTATION('',(#1157),#1160);
#1157 = B_SPLINE_CURVE_WITH_KNOTS('',1,(#1158,#1159),.UNSPECIFIED.,.F.,
  .F.,(2,2),(-21.24518804744,-9.245188047447),.PIECEWISE_BEZIER_KNOTS.);
#1158 = CARTESIAN_POINT('',(12.,12.));
#1159 = CARTESIAN_POINT('',(0.,12.));
#1160 = ( GEOMETRIC_REPRESENTATION_CONTEXT(2) 
PARAMETRIC_REPRESENTATION_CONTEXT() REPRESENTATION_CONTEXT('2D SPACE',''
  ) );
#1161 = ORIENTED_EDGE('',*,*,#1162,.F.);
#1162 = EDGE_CURVE('',#1163,#1137,#1165,.T.);
#1163 = VERTEX_POINT('',#1164);
#1164 = CARTESIAN_POINT('',(122.,105.,34.823238871673));
#1165 = SURFACE_CURVE('',#1166,(#1170,#1177),.PCURVE_S1.);
#1166 = LINE('',#1167,#1168);
#1167 = CARTESIAN_POINT('',(122.,112.,35.620788129784));
#1168 = VECTOR('',#1169,1.);
#1169 = DIRECTION('',(0.,-0.993571855677,-0.113203213768));
#1170 = PCURVE('',#182,#1171);
#1171 = DEFINITIONAL_REPRESENTATION('',(#1172),#1176);
#1172 = LINE('',#1173,#1174);
#1173 = CARTESIAN_POINT('',(112.,-35.62078812978));
#1174 = VECTOR('',#1175,1.);
#1175 = DIRECTION('',(-0.993571855677,0.113203213768));
#1176 = ( GEOMETRIC_REPRESENTATION_CONTEXT(2) 
PARAMETRIC_REPRESENTATION_CONTEXT() REPRESENTATION_CONTEXT('2D SPACE',''
  ) );
#1177 = PCURVE('',#1178,#1183);
#1178 = PLANE('',#1179);
#1179 = AXIS2_PLACEMENT_3D('',#1180,#1181,#1182);
#1180 = CARTESIAN_POINT('',(0.,112.,35.620788129784));
#1181 = DIRECTION('',(0.,0.113203213768,-0.993571855677));
#1182 = DIRECTION('',(0.,-0.993571855677,-0.113203213768));
#1183 = DEFINITIONAL_REPRESENTATION('',(#1184),#1188);
#1184 = LINE('',#1185,#1186);
#1185 = CARTESIAN_POINT('',(0.,-122.));
#1186 = VECTOR('',#1187,1.);
#1187 = DIRECTION('',(1.,0.));
#1188 = ( GEOMETRIC_REPRESENTATION_CONTEXT(2) 
PARAMETRIC_REPRESENTATION_CONTEXT() REPRESENTATION_CONTEXT('2D SPACE',''
  ) );
#1189 = ORIENTED_EDGE('',*,*,#1190,.F.);
#1190 = EDGE_CURVE('',#167,#1163,#1191,.T.);
#1191 = SURFACE_CURVE('',#1192,(#1196,#1203),.PCURVE_S1.);
#1192 = LINE('',#1193,#1194);
#1193 = CARTESIAN_POINT('',(122.,105.,0.));
#1194 = VECTOR('',#1195,1.);
#1195 = DIRECTION('',(0.,0.,1.));
#1196 = PCURVE('',#182,#1197);
#1197 = DEFINITIONAL_REPRESENTATION('',(#1198),#1202);
#1198 = LINE('',#1199,#1200);
#1199 = CARTESIAN_POINT('',(105.,0.));
#1200 = VECTOR('',#1201,1.);
#1201 = DIRECTION('',(0.,-1.));
#1202 = ( GEOMETRIC_REPRESENTATION_CONTEXT(2) 
PARAMETRIC_REPRESENTATION_CONTEXT() REPRESENTATION_CONTEXT('2D SPACE',''
  ) );
#1203 = PCURVE('',#211,#1204);
#1204 = DEFINITIONAL_REPRESENTATION('',(#1205),#1209);
#1205 = LINE('',#1206,#1207);
#1206 = CARTESIAN_POINT('',(0.,0.));
#1207 = VECTOR('',#1208,1.);
#1208 = DIRECTION('',(0.,1.));
#1209 = ( GEOMETRIC_REPRESENTATION_CONTEXT(2) 
PARAMETRIC_REPRESENTATION_CONTEXT() REPRESENTATION_CONTEXT('2D SPACE',''
  ) );
#1210 = ADVANCED_FACE('',(#1211),#268,.T.);
#1211 = FACE_BOUND('',#1212,.T.);
#1212 = EDGE_LOOP('',(#1213,#1234,#1235,#1236));
#1213 = ORIENTED_EDGE('',*,*,#1214,.F.);
#1214 = EDGE_CURVE('',#224,#670,#1215,.T.);
#1215 = SURFACE_CURVE('',#1216,(#1220,#1227),.PCURVE_S1.);
#1216 = LINE('',#1217,#1218);
#1217 = CARTESIAN_POINT('',(7.,112.,0.));
#1218 = VECTOR('',#1219,1.);
#1219 = DIRECTION('',(0.,0.,1.));
#1220 = PCURVE('',#268,#1221);
#1221 = DEFINITIONAL_REPRESENTATION('',(#1222),#1226);
#1222 = LINE('',#1223,#1224);
#1223 = CARTESIAN_POINT('',(0.,0.));
#1224 = VECTOR('',#1225,1.);
#1225 = DIRECTION('',(0.,1.));
#1226 = ( GEOMETRIC_REPRESENTATION_CONTEXT(2) 
PARAMETRIC_REPRESENTATION_CONTEXT() REPRESENTATION_CONTEXT('2D SPACE',''
  ) );
#1227 = PCURVE('',#239,#1228);
#1228 = DEFINITIONAL_REPRESENTATION('',(#1229),#1233);
#1229 = LINE('',#1230,#1231);
#1230 = CARTESIAN_POINT('',(115.,0.));
#1231 = VECTOR('',#1232,1.);
#1232 = DIRECTION('',(0.,-1.));
#1233 = ( GEOMETRIC_REPRESENTATION_CONTEXT(2) 
PARAMETRIC_REPRESENTATION_CONTEXT() REPRESENTATION_CONTEXT('2D SPACE',''
  ) );
#1234 = ORIENTED_EDGE('',*,*,#251,.T.);
#1235 = ORIENTED_EDGE('',*,*,#1060,.T.);
#1236 = ORIENTED_EDGE('',*,*,#669,.T.);
#1237 = ADVANCED_FACE('',(#1238),#211,.T.);
#1238 = FACE_BOUND('',#1239,.T.);
#1239 = EDGE_LOOP('',(#1240,#1241,#1242,#1265,#1294,#1320,#1349,#1377));
#1240 = ORIENTED_EDGE('',*,*,#1190,.F.);
#1241 = ORIENTED_EDGE('',*,*,#194,.T.);
#1242 = ORIENTED_EDGE('',*,*,#1243,.T.);
#1243 = EDGE_CURVE('',#195,#1244,#1246,.T.);
#1244 = VERTEX_POINT('',#1245);
#1245 = CARTESIAN_POINT('',(115.,112.,2.));
#1246 = SURFACE_CURVE('',#1247,(#1251,#1258),.PCURVE_S1.);
#1247 = LINE('',#1248,#1249);
#1248 = CARTESIAN_POINT('',(115.,112.,0.));
#1249 = VECTOR('',#1250,1.);
#1250 = DIRECTION('',(0.,0.,1.));
#1251 = PCURVE('',#211,#1252);
#1252 = DEFINITIONAL_REPRESENTATION('',(#1253),#1257);
#1253 = LINE('',#1254,#1255);
#1254 = CARTESIAN_POINT('',(1.570796326795,0.));
#1255 = VECTOR('',#1256,1.);
#1256 = DIRECTION('',(0.,1.));
#1257 = ( GEOMETRIC_REPRESENTATION_CONTEXT(2) 
PARAMETRIC_REPRESENTATION_CONTEXT() REPRESENTATION_CONTEXT('2D SPACE',''
  ) );
#1258 = PCURVE('',#239,#1259);
#1259 = DEFINITIONAL_REPRESENTATION('',(#1260),#1264);
#1260 = LINE('',#1261,#1262);
#1261 = CARTESIAN_POINT('',(7.,0.));
#1262 = VECTOR('',#1263,1.);
#1263 = DIRECTION('',(0.,-1.));
#1264 = ( GEOMETRIC_REPRESENTATION_CONTEXT(2) 
PARAMETRIC_REPRESENTATION_CONTEXT() REPRESENTATION_CONTEXT('2D SPACE',''
  ) );
#1265 = ORIENTED_EDGE('',*,*,#1266,.F.);
#1266 = EDGE_CURVE('',#1267,#1244,#1269,.T.);
#1267 = VERTEX_POINT('',#1268);
#1268 = CARTESIAN_POINT('',(120.4,109.45421149026,2.));
#1269 = SURFACE_CURVE('',#1270,(#1275,#1282),.PCURVE_S1.);
#1270 = CIRCLE('',#1271,7.);
#1271 = AXIS2_PLACEMENT_3D('',#1272,#1273,#1274);
#1272 = CARTESIAN_POINT('',(115.,105.,2.));
#1273 = DIRECTION('',(0.,0.,1.));
#1274 = DIRECTION('',(1.,0.,-0.));
#1275 = PCURVE('',#211,#1276);
#1276 = DEFINITIONAL_REPRESENTATION('',(#1277),#1281);
#1277 = LINE('',#1278,#1279);
#1278 = CARTESIAN_POINT('',(0.,2.));
#1279 = VECTOR('',#1280,1.);
#1280 = DIRECTION('',(1.,0.));
#1281 = ( GEOMETRIC_REPRESENTATION_CONTEXT(2) 
PARAMETRIC_REPRESENTATION_CONTEXT() REPRESENTATION_CONTEXT('2D SPACE',''
  ) );
#1282 = PCURVE('',#1283,#1288);
#1283 = PLANE('',#1284);
#1284 = AXIS2_PLACEMENT_3D('',#1285,#1286,#1287);
#1285 = CARTESIAN_POINT('',(43.6,108.,2.));
#1286 = DIRECTION('',(0.,0.,1.));
#1287 = DIRECTION('',(1.,0.,0.));
#1288 = DEFINITIONAL_REPRESENTATION('',(#1289),#1293);
#1289 = CIRCLE('',#1290,7.);
#1290 = AXIS2_PLACEMENT_2D('',#1291,#1292);
#1291 = CARTESIAN_POINT('',(71.4,-3.));
#1292 = DIRECTION('',(1.,0.));
#1293 = ( GEOMETRIC_REPRESENTATION_CONTEXT(2) 
PARAMETRIC_REPRESENTATION_CONTEXT() REPRESENTATION_CONTEXT('2D SPACE',''
  ) );
#1294 = ORIENTED_EDGE('',*,*,#1295,.T.);
#1295 = EDGE_CURVE('',#1267,#1296,#1298,.T.);
#1296 = VERTEX_POINT('',#1297);
#1297 = CARTESIAN_POINT('',(120.4,109.45421149026,20.9));
#1298 = SURFACE_CURVE('',#1299,(#1303,#1309),.PCURVE_S1.);
#1299 = LINE('',#1300,#1301);
#1300 = CARTESIAN_POINT('',(120.4,109.45421149026,0.));
#1301 = VECTOR('',#1302,1.);
#1302 = DIRECTION('',(0.,0.,1.));
#1303 = PCURVE('',#211,#1304);
#1304 = DEFINITIONAL_REPRESENTATION('',(#1305),#1308);
#1305 = B_SPLINE_CURVE_WITH_KNOTS('',1,(#1306,#1307),.UNSPECIFIED.,.F.,
  .F.,(2,2),(0.11,22.79),.PIECEWISE_BEZIER_KNOTS.);
#1306 = CARTESIAN_POINT('',(0.689713153971,0.11));
#1307 = CARTESIAN_POINT('',(0.689713153971,22.79));
#1308 = ( GEOMETRIC_REPRESENTATION_CONTEXT(2) 
PARAMETRIC_REPRESENTATION_CONTEXT() REPRESENTATION_CONTEXT('2D SPACE',''
  ) );
#1309 = PCURVE('',#1310,#1315);
#1310 = PLANE('',#1311);
#1311 = AXIS2_PLACEMENT_3D('',#1312,#1313,#1314);
#1312 = CARTESIAN_POINT('',(120.4,108.,2.));
#1313 = DIRECTION('',(1.,0.,0.));
#1314 = DIRECTION('',(0.,0.,1.));
#1315 = DEFINITIONAL_REPRESENTATION('',(#1316),#1319);
#1316 = B_SPLINE_CURVE_WITH_KNOTS('',1,(#1317,#1318),.UNSPECIFIED.,.F.,
  .F.,(2,2),(0.11,22.79),.PIECEWISE_BEZIER_KNOTS.);
#1317 = CARTESIAN_POINT('',(-1.89,-1.454211490264));
#1318 = CARTESIAN_POINT('',(20.79,-1.454211490264));
#1319 = ( GEOMETRIC_REPRESENTATION_CONTEXT(2) 
PARAMETRIC_REPRESENTATION_CONTEXT() REPRESENTATION_CONTEXT('2D SPACE',''
  ) );
#1320 = ORIENTED_EDGE('',*,*,#1321,.T.);
#1321 = EDGE_CURVE('',#1296,#1322,#1324,.T.);
#1322 = VERTEX_POINT('',#1323);
#1323 = CARTESIAN_POINT('',(115.,112.,20.9));
#1324 = SURFACE_CURVE('',#1325,(#1330,#1337),.PCURVE_S1.);
#1325 = CIRCLE('',#1326,7.);
#1326 = AXIS2_PLACEMENT_3D('',#1327,#1328,#1329);
#1327 = CARTESIAN_POINT('',(115.,105.,20.9));
#1328 = DIRECTION('',(0.,0.,1.));
#1329 = DIRECTION('',(1.,0.,-0.));
#1330 = PCURVE('',#211,#1331);
#1331 = DEFINITIONAL_REPRESENTATION('',(#1332),#1336);
#1332 = LINE('',#1333,#1334);
#1333 = CARTESIAN_POINT('',(0.,20.9));
#1334 = VECTOR('',#1335,1.);
#1335 = DIRECTION('',(1.,0.));
#1336 = ( GEOMETRIC_REPRESENTATION_CONTEXT(2) 
PARAMETRIC_REPRESENTATION_CONTEXT() REPRESENTATION_CONTEXT('2D SPACE',''
  ) );
#1337 = PCURVE('',#1338,#1343);
#1338 = PLANE('',#1339);
#1339 = AXIS2_PLACEMENT_3D('',#1340,#1341,#1342);
#1340 = CARTESIAN_POINT('',(43.6,108.,20.9));
#1341 = DIRECTION('',(0.,0.,1.));
#1342 = DIRECTION('',(1.,0.,0.));
#1343 = DEFINITIONAL_REPRESENTATION('',(#1344),#1348);
#1344 = CIRCLE('',#1345,7.);
#1345 = AXIS2_PLACEMENT_2D('',#1346,#1347);
#1346 = CARTESIAN_POINT('',(71.4,-3.));
#1347 = DIRECTION('',(1.,0.));
#1348 = ( GEOMETRIC_REPRESENTATION_CONTEXT(2) 
PARAMETRIC_REPRESENTATION_CONTEXT() REPRESENTATION_CONTEXT('2D SPACE',''
  ) );
#1349 = ORIENTED_EDGE('',*,*,#1350,.T.);
#1350 = EDGE_CURVE('',#1322,#1351,#1353,.T.);
#1351 = VERTEX_POINT('',#1352);
#1352 = CARTESIAN_POINT('',(115.,112.,35.620788129784));
#1353 = SURFACE_CURVE('',#1354,(#1358,#1365),.PCURVE_S1.);
#1354 = LINE('',#1355,#1356);
#1355 = CARTESIAN_POINT('',(115.,112.,0.));
#1356 = VECTOR('',#1357,1.);
#1357 = DIRECTION('',(0.,0.,1.));
#1358 = PCURVE('',#211,#1359);
#1359 = DEFINITIONAL_REPRESENTATION('',(#1360),#1364);
#1360 = LINE('',#1361,#1362);
#1361 = CARTESIAN_POINT('',(1.570796326795,0.));
#1362 = VECTOR('',#1363,1.);
#1363 = DIRECTION('',(0.,1.));
#1364 = ( GEOMETRIC_REPRESENTATION_CONTEXT(2) 
PARAMETRIC_REPRESENTATION_CONTEXT() REPRESENTATION_CONTEXT('2D SPACE',''
  ) );
#1365 = PCURVE('',#1366,#1371);
#1366 = PLANE('',#1367);
#1367 = AXIS2_PLACEMENT_3D('',#1368,#1369,#1370);
#1368 = CARTESIAN_POINT('',(122.,112.,0.));
#1369 = DIRECTION('',(0.,-1.,0.));
#1370 = DIRECTION('',(-1.,0.,0.));
#1371 = DEFINITIONAL_REPRESENTATION('',(#1372),#1376);
#1372 = LINE('',#1373,#1374);
#1373 = CARTESIAN_POINT('',(7.,0.));
#1374 = VECTOR('',#1375,1.);
#1375 = DIRECTION('',(0.,-1.));
#1376 = ( GEOMETRIC_REPRESENTATION_CONTEXT(2) 
PARAMETRIC_REPRESENTATION_CONTEXT() REPRESENTATION_CONTEXT('2D SPACE',''
  ) );
#1377 = ORIENTED_EDGE('',*,*,#1378,.T.);
#1378 = EDGE_CURVE('',#1351,#1163,#1379,.T.);
#1379 = SURFACE_CURVE('',#1380,(#1385,#1397),.PCURVE_S1.);
#1380 = ELLIPSE('',#1381,7.045288128893,7.);
#1381 = AXIS2_PLACEMENT_3D('',#1382,#1383,#1384);
#1382 = CARTESIAN_POINT('',(115.,105.,34.823238871673));
#1383 = DIRECTION('',(0.,0.113203213768,-0.993571855677));
#1384 = DIRECTION('',(0.,0.993571855677,0.113203213768));
#1385 = PCURVE('',#211,#1386);
#1386 = DEFINITIONAL_REPRESENTATION('',(#1387),#1396);
#1387 = B_SPLINE_CURVE_WITH_KNOTS('',7,(#1388,#1389,#1390,#1391,#1392,
    #1393,#1394,#1395),.UNSPECIFIED.,.F.,.F.,(8,8),(0.,1.570796326795),
  .PIECEWISE_BEZIER_KNOTS.);
#1388 = CARTESIAN_POINT('',(1.570796326795,35.620788129784));
#1389 = CARTESIAN_POINT('',(1.346396851538,35.620788129784));
#1390 = CARTESIAN_POINT('',(1.121997376282,35.573933169529));
#1391 = CARTESIAN_POINT('',(0.897597901026,35.480230046101));
#1392 = CARTESIAN_POINT('',(0.673198425769,35.345431716818));
#1393 = CARTESIAN_POINT('',(0.448798950513,35.181177414972));
#1394 = CARTESIAN_POINT('',(0.224399475256,35.002208506684));
#1395 = CARTESIAN_POINT('',(0.,34.823238871673));
#1396 = ( GEOMETRIC_REPRESENTATION_CONTEXT(2) 
PARAMETRIC_REPRESENTATION_CONTEXT() REPRESENTATION_CONTEXT('2D SPACE',''
  ) );
#1397 = PCURVE('',#1178,#1398);
#1398 = DEFINITIONAL_REPRESENTATION('',(#1399),#1403);
#1399 = ELLIPSE('',#1400,7.045288128893,7.);
#1400 = AXIS2_PLACEMENT_2D('',#1401,#1402);
#1401 = CARTESIAN_POINT('',(7.045288128893,-115.));
#1402 = DIRECTION('',(-1.,0.));
#1403 = ( GEOMETRIC_REPRESENTATION_CONTEXT(2) 
PARAMETRIC_REPRESENTATION_CONTEXT() REPRESENTATION_CONTEXT('2D SPACE',''
  ) );
#1404 = ADVANCED_FACE('',(#1405),#239,.F.);
#1405 = FACE_BOUND('',#1406,.F.);
#1406 = EDGE_LOOP('',(#1407,#1408,#1409,#1430,#1456,#1482,#1501,#1502));
#1407 = ORIENTED_EDGE('',*,*,#223,.F.);
#1408 = ORIENTED_EDGE('',*,*,#1243,.T.);
#1409 = ORIENTED_EDGE('',*,*,#1410,.T.);
#1410 = EDGE_CURVE('',#1244,#1411,#1413,.T.);
#1411 = VERTEX_POINT('',#1412);
#1412 = CARTESIAN_POINT('',(43.6,112.,2.));
#1413 = SURFACE_CURVE('',#1414,(#1418,#1424),.PCURVE_S1.);
#1414 = LINE('',#1415,#1416);
#1415 = CARTESIAN_POINT('',(82.8,112.,2.));
#1416 = VECTOR('',#1417,1.);
#1417 = DIRECTION('',(-1.,0.,0.));
#1418 = PCURVE('',#239,#1419);
#1419 = DEFINITIONAL_REPRESENTATION('',(#1420),#1423);
#1420 = B_SPLINE_CURVE_WITH_KNOTS('',1,(#1421,#1422),.UNSPECIFIED.,.F.,
  .F.,(2,2),(-32.2,39.2),.PIECEWISE_BEZIER_KNOTS.);
#1421 = CARTESIAN_POINT('',(7.,-2.));
#1422 = CARTESIAN_POINT('',(78.4,-2.));
#1423 = ( GEOMETRIC_REPRESENTATION_CONTEXT(2) 
PARAMETRIC_REPRESENTATION_CONTEXT() REPRESENTATION_CONTEXT('2D SPACE',''
  ) );
#1424 = PCURVE('',#1283,#1425);
#1425 = DEFINITIONAL_REPRESENTATION('',(#1426),#1429);
#1426 = B_SPLINE_CURVE_WITH_KNOTS('',1,(#1427,#1428),.UNSPECIFIED.,.F.,
  .F.,(2,2),(-32.2,39.2),.PIECEWISE_BEZIER_KNOTS.);
#1427 = CARTESIAN_POINT('',(71.4,4.));
#1428 = CARTESIAN_POINT('',(0.,4.));
#1429 = ( GEOMETRIC_REPRESENTATION_CONTEXT(2) 
PARAMETRIC_REPRESENTATION_CONTEXT() REPRESENTATION_CONTEXT('2D SPACE',''
  ) );
#1430 = ORIENTED_EDGE('',*,*,#1431,.T.);
#1431 = EDGE_CURVE('',#1411,#1432,#1434,.T.);
#1432 = VERTEX_POINT('',#1433);
#1433 = CARTESIAN_POINT('',(43.6,112.,20.9));
#1434 = SURFACE_CURVE('',#1435,(#1439,#1445),.PCURVE_S1.);
#1435 = LINE('',#1436,#1437);
#1436 = CARTESIAN_POINT('',(43.6,112.,1.));
#1437 = VECTOR('',#1438,1.);
#1438 = DIRECTION('',(-0.,0.,1.));
#1439 = PCURVE('',#239,#1440);
#1440 = DEFINITIONAL_REPRESENTATION('',(#1441),#1444);
#1441 = B_SPLINE_CURVE_WITH_KNOTS('',1,(#1442,#1443),.UNSPECIFIED.,.F.,
  .F.,(2,2),(1.,19.9),.PIECEWISE_BEZIER_KNOTS.);
#1442 = CARTESIAN_POINT('',(78.4,-2.));
#1443 = CARTESIAN_POINT('',(78.4,-20.9));
#1444 = ( GEOMETRIC_REPRESENTATION_CONTEXT(2) 
PARAMETRIC_REPRESENTATION_CONTEXT() REPRESENTATION_CONTEXT('2D SPACE',''
  ) );
#1445 = PCURVE('',#1446,#1451);
#1446 = PLANE('',#1447);
#1447 = AXIS2_PLACEMENT_3D('',#1448,#1449,#1450);
#1448 = CARTESIAN_POINT('',(43.6,108.,2.));
#1449 = DIRECTION('',(1.,0.,0.));
#1450 = DIRECTION('',(0.,0.,1.));
#1451 = DEFINITIONAL_REPRESENTATION('',(#1452),#1455);
#1452 = B_SPLINE_CURVE_WITH_KNOTS('',1,(#1453,#1454),.UNSPECIFIED.,.F.,
  .F.,(2,2),(1.,19.9),.PIECEWISE_BEZIER_KNOTS.);
#1453 = CARTESIAN_POINT('',(0.,-4.));
#1454 = CARTESIAN_POINT('',(18.9,-4.));
#1455 = ( GEOMETRIC_REPRESENTATION_CONTEXT(2) 
PARAMETRIC_REPRESENTATION_CONTEXT() REPRESENTATION_CONTEXT('2D SPACE',''
  ) );
#1456 = ORIENTED_EDGE('',*,*,#1457,.F.);
#1457 = EDGE_CURVE('',#1458,#1432,#1460,.T.);
#1458 = VERTEX_POINT('',#1459);
#1459 = CARTESIAN_POINT('',(80.5,112.,20.9));
#1460 = SURFACE_CURVE('',#1461,(#1465,#1471),.PCURVE_S1.);
#1461 = LINE('',#1462,#1463);
#1462 = CARTESIAN_POINT('',(82.8,112.,20.9));
#1463 = VECTOR('',#1464,1.);
#1464 = DIRECTION('',(-1.,0.,0.));
#1465 = PCURVE('',#239,#1466);
#1466 = DEFINITIONAL_REPRESENTATION('',(#1467),#1470);
#1467 = B_SPLINE_CURVE_WITH_KNOTS('',1,(#1468,#1469),.UNSPECIFIED.,.F.,
  .F.,(2,2),(-32.2,39.2),.PIECEWISE_BEZIER_KNOTS.);
#1468 = CARTESIAN_POINT('',(7.,-20.9));
#1469 = CARTESIAN_POINT('',(78.4,-20.9));
#1470 = ( GEOMETRIC_REPRESENTATION_CONTEXT(2) 
PARAMETRIC_REPRESENTATION_CONTEXT() REPRESENTATION_CONTEXT('2D SPACE',''
  ) );
#1471 = PCURVE('',#1472,#1477);
#1472 = PLANE('',#1473);
#1473 = AXIS2_PLACEMENT_3D('',#1474,#1475,#1476);
#1474 = CARTESIAN_POINT('',(43.6,108.,20.9));
#1475 = DIRECTION('',(0.,0.,1.));
#1476 = DIRECTION('',(1.,0.,0.));
#1477 = DEFINITIONAL_REPRESENTATION('',(#1478),#1481);
#1478 = B_SPLINE_CURVE_WITH_KNOTS('',1,(#1479,#1480),.UNSPECIFIED.,.F.,
  .F.,(2,2),(-32.2,39.2),.PIECEWISE_BEZIER_KNOTS.);
#1479 = CARTESIAN_POINT('',(71.4,4.));
#1480 = CARTESIAN_POINT('',(0.,4.));
#1481 = ( GEOMETRIC_REPRESENTATION_CONTEXT(2) 
PARAMETRIC_REPRESENTATION_CONTEXT() REPRESENTATION_CONTEXT('2D SPACE',''
  ) );
#1482 = ORIENTED_EDGE('',*,*,#1483,.T.);
#1483 = EDGE_CURVE('',#1458,#699,#1484,.T.);
#1484 = SURFACE_CURVE('',#1485,(#1489,#1495),.PCURVE_S1.);
#1485 = LINE('',#1486,#1487);
#1486 = CARTESIAN_POINT('',(80.5,112.,8.8));
#1487 = VECTOR('',#1488,1.);
#1488 = DIRECTION('',(-0.,0.,1.));
#1489 = PCURVE('',#239,#1490);
#1490 = DEFINITIONAL_REPRESENTATION('',(#1491),#1494);
#1491 = B_SPLINE_CURVE_WITH_KNOTS('',1,(#1492,#1493),.UNSPECIFIED.,.F.,
  .F.,(2,2),(8.8,26.820788129784),.PIECEWISE_BEZIER_KNOTS.);
#1492 = CARTESIAN_POINT('',(41.5,-17.6));
#1493 = CARTESIAN_POINT('',(41.5,-35.62078812978));
#1494 = ( GEOMETRIC_REPRESENTATION_CONTEXT(2) 
PARAMETRIC_REPRESENTATION_CONTEXT() REPRESENTATION_CONTEXT('2D SPACE',''
  ) );
#1495 = PCURVE('',#736,#1496);
#1496 = DEFINITIONAL_REPRESENTATION('',(#1497),#1500);
#1497 = B_SPLINE_CURVE_WITH_KNOTS('',1,(#1498,#1499),.UNSPECIFIED.,.F.,
  .F.,(2,2),(8.8,26.820788129784),.PIECEWISE_BEZIER_KNOTS.);
#1498 = CARTESIAN_POINT('',(0.,-5.));
#1499 = CARTESIAN_POINT('',(18.020788129784,-5.));
#1500 = ( GEOMETRIC_REPRESENTATION_CONTEXT(2) 
PARAMETRIC_REPRESENTATION_CONTEXT() REPRESENTATION_CONTEXT('2D SPACE',''
  ) );
#1501 = ORIENTED_EDGE('',*,*,#698,.F.);
#1502 = ORIENTED_EDGE('',*,*,#1214,.F.);
#1503 = ADVANCED_FACE('',(#1504),#357,.F.);
#1504 = FACE_BOUND('',#1505,.T.);
#1505 = EDGE_LOOP('',(#1506,#1507,#1530,#1557));
#1506 = ORIENTED_EDGE('',*,*,#336,.T.);
#1507 = ORIENTED_EDGE('',*,*,#1508,.T.);
#1508 = EDGE_CURVE('',#337,#1509,#1511,.T.);
#1509 = VERTEX_POINT('',#1510);
#1510 = CARTESIAN_POINT('',(13.,9.,0.89));
#1511 = SEAM_CURVE('',#1512,(#1516,#1523),.PCURVE_S1.);
#1512 = LINE('',#1513,#1514);
#1513 = CARTESIAN_POINT('',(13.,9.,-1.E-02));
#1514 = VECTOR('',#1515,1.);
#1515 = DIRECTION('',(0.,0.,1.));
#1516 = PCURVE('',#357,#1517);
#1517 = DEFINITIONAL_REPRESENTATION('',(#1518),#1522);
#1518 = LINE('',#1519,#1520);
#1519 = CARTESIAN_POINT('',(-6.28318530718,0.));
#1520 = VECTOR('',#1521,1.);
#1521 = DIRECTION('',(-0.,-1.));
#1522 = ( GEOMETRIC_REPRESENTATION_CONTEXT(2) 
PARAMETRIC_REPRESENTATION_CONTEXT() REPRESENTATION_CONTEXT('2D SPACE',''
  ) );
#1523 = PCURVE('',#357,#1524);
#1524 = DEFINITIONAL_REPRESENTATION('',(#1525),#1529);
#1525 = LINE('',#1526,#1527);
#1526 = CARTESIAN_POINT('',(-0.,0.));
#1527 = VECTOR('',#1528,1.);
#1528 = DIRECTION('',(-0.,-1.));
#1529 = ( GEOMETRIC_REPRESENTATION_CONTEXT(2) 
PARAMETRIC_REPRESENTATION_CONTEXT() REPRESENTATION_CONTEXT('2D SPACE',''
  ) );
#1530 = ORIENTED_EDGE('',*,*,#1531,.T.);
#1531 = EDGE_CURVE('',#1509,#1509,#1532,.T.);
#1532 = SURFACE_CURVE('',#1533,(#1538,#1545),.PCURVE_S1.);
#1533 = CIRCLE('',#1534,4.);
#1534 = AXIS2_PLACEMENT_3D('',#1535,#1536,#1537);
#1535 = CARTESIAN_POINT('',(9.,9.,0.89));
#1536 = DIRECTION('',(0.,0.,1.));
#1537 = DIRECTION('',(1.,0.,0.));
#1538 = PCURVE('',#357,#1539);
#1539 = DEFINITIONAL_REPRESENTATION('',(#1540),#1544);
#1540 = LINE('',#1541,#1542);
#1541 = CARTESIAN_POINT('',(-0.,-0.9));
#1542 = VECTOR('',#1543,1.);
#1543 = DIRECTION('',(-1.,0.));
#1544 = ( GEOMETRIC_REPRESENTATION_CONTEXT(2) 
PARAMETRIC_REPRESENTATION_CONTEXT() REPRESENTATION_CONTEXT('2D SPACE',''
  ) );
#1545 = PCURVE('',#1546,#1551);
#1546 = PLANE('',#1547);
#1547 = AXIS2_PLACEMENT_3D('',#1548,#1549,#1550);
#1548 = CARTESIAN_POINT('',(9.,9.,0.89));
#1549 = DIRECTION('',(0.,0.,1.));
#1550 = DIRECTION('',(1.,0.,-0.));
#1551 = DEFINITIONAL_REPRESENTATION('',(#1552),#1556);
#1552 = CIRCLE('',#1553,4.);
#1553 = AXIS2_PLACEMENT_2D('',#1554,#1555);
#1554 = CARTESIAN_POINT('',(-1.7763568394E-15,-1.7763568394E-15));
#1555 = DIRECTION('',(1.,0.));
#1556 = ( GEOMETRIC_REPRESENTATION_CONTEXT(2) 
PARAMETRIC_REPRESENTATION_CONTEXT() REPRESENTATION_CONTEXT('2D SPACE',''
  ) );
#1557 = ORIENTED_EDGE('',*,*,#1508,.F.);
#1558 = ADVANCED_FACE('',(#1559),#392,.F.);
#1559 = FACE_BOUND('',#1560,.T.);
#1560 = EDGE_LOOP('',(#1561,#1562,#1585,#1612));
#1561 = ORIENTED_EDGE('',*,*,#371,.T.);
#1562 = ORIENTED_EDGE('',*,*,#1563,.T.);
#1563 = EDGE_CURVE('',#372,#1564,#1566,.T.);
#1564 = VERTEX_POINT('',#1565);
#1565 = CARTESIAN_POINT('',(117.,9.,0.89));
#1566 = SEAM_CURVE('',#1567,(#1571,#1578),.PCURVE_S1.);
#1567 = LINE('',#1568,#1569);
#1568 = CARTESIAN_POINT('',(117.,9.,-1.E-02));
#1569 = VECTOR('',#1570,1.);
#1570 = DIRECTION('',(0.,0.,1.));
#1571 = PCURVE('',#392,#1572);
#1572 = DEFINITIONAL_REPRESENTATION('',(#1573),#1577);
#1573 = LINE('',#1574,#1575);
#1574 = CARTESIAN_POINT('',(-6.28318530718,0.));
#1575 = VECTOR('',#1576,1.);
#1576 = DIRECTION('',(-0.,-1.));
#1577 = ( GEOMETRIC_REPRESENTATION_CONTEXT(2) 
PARAMETRIC_REPRESENTATION_CONTEXT() REPRESENTATION_CONTEXT('2D SPACE',''
  ) );
#1578 = PCURVE('',#392,#1579);
#1579 = DEFINITIONAL_REPRESENTATION('',(#1580),#1584);
#1580 = LINE('',#1581,#1582);
#1581 = CARTESIAN_POINT('',(-0.,0.));
#1582 = VECTOR('',#1583,1.);
#1583 = DIRECTION('',(-0.,-1.));
#1584 = ( GEOMETRIC_REPRESENTATION_CONTEXT(2) 
PARAMETRIC_REPRESENTATION_CONTEXT() REPRESENTATION_CONTEXT('2D SPACE',''
  ) );
#1585 = ORIENTED_EDGE('',*,*,#1586,.T.);
#1586 = EDGE_CURVE('',#1564,#1564,#1587,.T.);
#1587 = SURFACE_CURVE('',#1588,(#1593,#1600),.PCURVE_S1.);
#1588 = CIRCLE('',#1589,4.);
#1589 = AXIS2_PLACEMENT_3D('',#1590,#1591,#1592);
#1590 = CARTESIAN_POINT('',(113.,9.,0.89));
#1591 = DIRECTION('',(0.,0.,1.));
#1592 = DIRECTION('',(1.,0.,0.));
#1593 = PCURVE('',#392,#1594);
#1594 = DEFINITIONAL_REPRESENTATION('',(#1595),#1599);
#1595 = LINE('',#1596,#1597);
#1596 = CARTESIAN_POINT('',(-0.,-0.9));
#1597 = VECTOR('',#1598,1.);
#1598 = DIRECTION('',(-1.,0.));
#1599 = ( GEOMETRIC_REPRESENTATION_CONTEXT(2) 
PARAMETRIC_REPRESENTATION_CONTEXT() REPRESENTATION_CONTEXT('2D SPACE',''
  ) );
#1600 = PCURVE('',#1601,#1606);
#1601 = PLANE('',#1602);
#1602 = AXIS2_PLACEMENT_3D('',#1603,#1604,#1605);
#1603 = CARTESIAN_POINT('',(113.,9.,0.89));
#1604 = DIRECTION('',(0.,0.,1.));
#1605 = DIRECTION('',(1.,0.,-0.));
#1606 = DEFINITIONAL_REPRESENTATION('',(#1607),#1611);
#1607 = CIRCLE('',#1608,4.);
#1608 = AXIS2_PLACEMENT_2D('',#1609,#1610);
#1609 = CARTESIAN_POINT('',(0.,-1.7763568394E-15));
#1610 = DIRECTION('',(1.,0.));
#1611 = ( GEOMETRIC_REPRESENTATION_CONTEXT(2) 
PARAMETRIC_REPRESENTATION_CONTEXT() REPRESENTATION_CONTEXT('2D SPACE',''
  ) );
#1612 = ORIENTED_EDGE('',*,*,#1563,.F.);
#1613 = ADVANCED_FACE('',(#1614),#427,.F.);
#1614 = FACE_BOUND('',#1615,.T.);
#1615 = EDGE_LOOP('',(#1616,#1617,#1640,#1667));
#1616 = ORIENTED_EDGE('',*,*,#406,.T.);
#1617 = ORIENTED_EDGE('',*,*,#1618,.T.);
#1618 = EDGE_CURVE('',#407,#1619,#1621,.T.);
#1619 = VERTEX_POINT('',#1620);
#1620 = CARTESIAN_POINT('',(13.,103.,0.89));
#1621 = SEAM_CURVE('',#1622,(#1626,#1633),.PCURVE_S1.);
#1622 = LINE('',#1623,#1624);
#1623 = CARTESIAN_POINT('',(13.,103.,-1.E-02));
#1624 = VECTOR('',#1625,1.);
#1625 = DIRECTION('',(0.,0.,1.));
#1626 = PCURVE('',#427,#1627);
#1627 = DEFINITIONAL_REPRESENTATION('',(#1628),#1632);
#1628 = LINE('',#1629,#1630);
#1629 = CARTESIAN_POINT('',(-6.28318530718,0.));
#1630 = VECTOR('',#1631,1.);
#1631 = DIRECTION('',(-0.,-1.));
#1632 = ( GEOMETRIC_REPRESENTATION_CONTEXT(2) 
PARAMETRIC_REPRESENTATION_CONTEXT() REPRESENTATION_CONTEXT('2D SPACE',''
  ) );
#1633 = PCURVE('',#427,#1634);
#1634 = DEFINITIONAL_REPRESENTATION('',(#1635),#1639);
#1635 = LINE('',#1636,#1637);
#1636 = CARTESIAN_POINT('',(-0.,0.));
#1637 = VECTOR('',#1638,1.);
#1638 = DIRECTION('',(-0.,-1.));
#1639 = ( GEOMETRIC_REPRESENTATION_CONTEXT(2) 
PARAMETRIC_REPRESENTATION_CONTEXT() REPRESENTATION_CONTEXT('2D SPACE',''
  ) );
#1640 = ORIENTED_EDGE('',*,*,#1641,.T.);
#1641 = EDGE_CURVE('',#1619,#1619,#1642,.T.);
#1642 = SURFACE_CURVE('',#1643,(#1648,#1655),.PCURVE_S1.);
#1643 = CIRCLE('',#1644,4.);
#1644 = AXIS2_PLACEMENT_3D('',#1645,#1646,#1647);
#1645 = CARTESIAN_POINT('',(9.,103.,0.89));
#1646 = DIRECTION('',(0.,0.,1.));
#1647 = DIRECTION('',(1.,0.,0.));
#1648 = PCURVE('',#427,#1649);
#1649 = DEFINITIONAL_REPRESENTATION('',(#1650),#1654);
#1650 = LINE('',#1651,#1652);
#1651 = CARTESIAN_POINT('',(-0.,-0.9));
#1652 = VECTOR('',#1653,1.);
#1653 = DIRECTION('',(-1.,0.));
#1654 = ( GEOMETRIC_REPRESENTATION_CONTEXT(2) 
PARAMETRIC_REPRESENTATION_CONTEXT() REPRESENTATION_CONTEXT('2D SPACE',''
  ) );
#1655 = PCURVE('',#1656,#1661);
#1656 = PLANE('',#1657);
#1657 = AXIS2_PLACEMENT_3D('',#1658,#1659,#1660);
#1658 = CARTESIAN_POINT('',(9.,103.,0.89));
#1659 = DIRECTION('',(0.,0.,1.));
#1660 = DIRECTION('',(1.,0.,-0.));
#1661 = DEFINITIONAL_REPRESENTATION('',(#1662),#1666);
#1662 = CIRCLE('',#1663,4.);
#1663 = AXIS2_PLACEMENT_2D('',#1664,#1665);
#1664 = CARTESIAN_POINT('',(0.,0.));
#1665 = DIRECTION('',(1.,0.));
#1666 = ( GEOMETRIC_REPRESENTATION_CONTEXT(2) 
PARAMETRIC_REPRESENTATION_CONTEXT() REPRESENTATION_CONTEXT('2D SPACE',''
  ) );
#1667 = ORIENTED_EDGE('',*,*,#1618,.F.);
#1668 = ADVANCED_FACE('',(#1669),#462,.F.);
#1669 = FACE_BOUND('',#1670,.T.);
#1670 = EDGE_LOOP('',(#1671,#1672,#1695,#1722));
#1671 = ORIENTED_EDGE('',*,*,#441,.T.);#1672 = ORIENTED_EDGE('',*,*,#1673,.T.);
#1673 = EDGE_CURVE('',#442,#1674,#1676,.T.);
#1674 = VERTEX_POINT('',#1675);
#1675 = CARTESIAN_POINT('',(117.,103.,0.89));
#1676 = SEAM_CURVE('',#1677,(#1681,#1688),.PCURVE_S1.);
#1677 = LINE('',#1678,#1679);
#1678 = CARTESIAN_POINT('',(117.,103.,-1.E-02));
#1679 = VECTOR('',#1680,1.);
#1680 = DIRECTION('',(0.,0.,1.));
#1681 = PCURVE('',#462,#1682);
#1682 = DEFINITIONAL_REPRESENTATION('',(#1683),#1687);
#1683 = LINE('',#1684,#1685);
#1684 = CARTESIAN_POINT('',(-6.28318530718,0.));
#1685 = VECTOR('',#1686,1.);
#1686 = DIRECTION('',(-0.,-1.));
#1687 = ( GEOMETRIC_REPRESENTATION_CONTEXT(2) 
PARAMETRIC_REPRESENTATION_CONTEXT() REPRESENTATION_CONTEXT('2D SPACE',''
  ) );
#1688 = PCURVE('',#462,#1689);
#1689 = DEFINITIONAL_REPRESENTATION('',(#1690),#1694);
#1690 = LINE('',#1691,#1692);
#1691 = CARTESIAN_POINT('',(-0.,0.));
#1692 = VECTOR('',#1693,1.);
#1693 = DIRECTION('',(-0.,-1.));
#1694 = ( GEOMETRIC_REPRESENTATION_CONTEXT(2) 
PARAMETRIC_REPRESENTATION_CONTEXT() REPRESENTATION_CONTEXT('2D SPACE',''
  ) );
#1695 = ORIENTED_EDGE('',*,*,#1696,.T.);
#1696 = EDGE_CURVE('',#1674,#1674,#1697,.T.);
#1697 = SURFACE_CURVE('',#1698,(#1703,#1710),.PCURVE_S1.);
#1698 = CIRCLE('',#1699,4.);
#1699 = AXIS2_PLACEMENT_3D('',#1700,#1701,#1702);
#1700 = CARTESIAN_POINT('',(113.,103.,0.89));
#1701 = DIRECTION('',(0.,0.,1.));
#1702 = DIRECTION('',(1.,0.,0.));
#1703 = PCURVE('',#462,#1704);
#1704 = DEFINITIONAL_REPRESENTATION('',(#1705),#1709);
#1705 = LINE('',#1706,#1707);
#1706 = CARTESIAN_POINT('',(-0.,-0.9));
#1707 = VECTOR('',#1708,1.);
#1708 = DIRECTION('',(-1.,0.));
#1709 = ( GEOMETRIC_REPRESENTATION_CONTEXT(2) 
PARAMETRIC_REPRESENTATION_CONTEXT() REPRESENTATION_CONTEXT('2D SPACE',''
  ) );
#1710 = PCURVE('',#1711,#1716);
#1711 = PLANE('',#1712);
#1712 = AXIS2_PLACEMENT_3D('',#1713,#1714,#1715);
#1713 = CARTESIAN_POINT('',(113.,103.,0.89));
#1714 = DIRECTION('',(0.,0.,1.));
#1715 = DIRECTION('',(1.,0.,-0.));
#1716 = DEFINITIONAL_REPRESENTATION('',(#1717),#1721);
#1717 = CIRCLE('',#1718,4.);
#1718 = AXIS2_PLACEMENT_2D('',#1719,#1720);
#1719 = CARTESIAN_POINT('',(-1.42108547152E-14,0.));
#1720 = DIRECTION('',(1.,0.));
#1721 = ( GEOMETRIC_REPRESENTATION_CONTEXT(2) 
PARAMETRIC_REPRESENTATION_CONTEXT() REPRESENTATION_CONTEXT('2D SPACE',''
  ) );
#1722 = ORIENTED_EDGE('',*,*,#1673,.F.);
#1723 = ADVANCED_FACE('',(#1724),#548,.T.);
#1724 = FACE_BOUND('',#1725,.T.);
#1725 = EDGE_LOOP('',(#1726,#1749,#1772,#1793));
#1726 = ORIENTED_EDGE('',*,*,#1727,.F.);
#1727 = EDGE_CURVE('',#1728,#534,#1730,.T.);
#1728 = VERTEX_POINT('',#1729);
#1729 = CARTESIAN_POINT('',(119.4,0.9,5.4));
#1730 = SURFACE_CURVE('',#1731,(#1735,#1742),.PCURVE_S1.);
#1731 = LINE('',#1732,#1733);
#1732 = CARTESIAN_POINT('',(119.4,0.9,5.4));
#1733 = VECTOR('',#1734,1.);
#1734 = DIRECTION('',(0.,1.,0.));
#1735 = PCURVE('',#548,#1736);
#1736 = DEFINITIONAL_REPRESENTATION('',(#1737),#1741);
#1737 = LINE('',#1738,#1739);
#1738 = CARTESIAN_POINT('',(3.,0.));
#1739 = VECTOR('',#1740,1.);
#1740 = DIRECTION('',(0.,-1.));
#1741 = ( GEOMETRIC_REPRESENTATION_CONTEXT(2) 
PARAMETRIC_REPRESENTATION_CONTEXT() REPRESENTATION_CONTEXT('2D SPACE',''
  ) );
#1742 = PCURVE('',#629,#1743);
#1743 = DEFINITIONAL_REPRESENTATION('',(#1744),#1748);
#1744 = LINE('',#1745,#1746);
#1745 = CARTESIAN_POINT('',(74.8,0.));
#1746 = VECTOR('',#1747,1.);
#1747 = DIRECTION('',(0.,1.));
#1748 = ( GEOMETRIC_REPRESENTATION_CONTEXT(2) 
PARAMETRIC_REPRESENTATION_CONTEXT() REPRESENTATION_CONTEXT('2D SPACE',''
  ) );
#1749 = ORIENTED_EDGE('',*,*,#1750,.F.);
#1750 = EDGE_CURVE('',#1751,#1728,#1753,.T.);
#1751 = VERTEX_POINT('',#1752);
#1752 = CARTESIAN_POINT('',(119.4,0.9,2.4));
#1753 = SURFACE_CURVE('',#1754,(#1758,#1765),.PCURVE_S1.);
#1754 = LINE('',#1755,#1756);
#1755 = CARTESIAN_POINT('',(119.4,0.9,2.4));
#1756 = VECTOR('',#1757,1.);
#1757 = DIRECTION('',(0.,0.,1.));
#1758 = PCURVE('',#548,#1759);
#1759 = DEFINITIONAL_REPRESENTATION('',(#1760),#1764);
#1760 = LINE('',#1761,#1762);
#1761 = CARTESIAN_POINT('',(0.,0.));
#1762 = VECTOR('',#1763,1.);
#1763 = DIRECTION('',(1.,0.));
#1764 = ( GEOMETRIC_REPRESENTATION_CONTEXT(2) 
PARAMETRIC_REPRESENTATION_CONTEXT() REPRESENTATION_CONTEXT('2D SPACE',''
  ) );
#1765 = PCURVE('',#603,#1766);
#1766 = DEFINITIONAL_REPRESENTATION('',(#1767),#1771);
#1767 = LINE('',#1768,#1769);
#1768 = CARTESIAN_POINT('',(0.,74.8));
#1769 = VECTOR('',#1770,1.);
#1770 = DIRECTION('',(1.,0.));
#1771 = ( GEOMETRIC_REPRESENTATION_CONTEXT(2) 
PARAMETRIC_REPRESENTATION_CONTEXT() REPRESENTATION_CONTEXT('2D SPACE',''
  ) );
#1772 = ORIENTED_EDGE('',*,*,#1773,.T.);
#1773 = EDGE_CURVE('',#1751,#532,#1774,.T.);
#1774 = SURFACE_CURVE('',#1775,(#1779,#1786),.PCURVE_S1.);
#1775 = LINE('',#1776,#1777);
#1776 = CARTESIAN_POINT('',(119.4,0.9,2.4));
#1777 = VECTOR('',#1778,1.);
#1778 = DIRECTION('',(0.,1.,0.));
#1779 = PCURVE('',#548,#1780);
#1780 = DEFINITIONAL_REPRESENTATION('',(#1781),#1785);
#1781 = LINE('',#1782,#1783);
#1782 = CARTESIAN_POINT('',(0.,0.));
#1783 = VECTOR('',#1784,1.);
#1784 = DIRECTION('',(0.,-1.));
#1785 = ( GEOMETRIC_REPRESENTATION_CONTEXT(2) 
PARAMETRIC_REPRESENTATION_CONTEXT() REPRESENTATION_CONTEXT('2D SPACE',''
  ) );
#1786 = PCURVE('',#576,#1787);
#1787 = DEFINITIONAL_REPRESENTATION('',(#1788),#1792);
#1788 = LINE('',#1789,#1790);
#1789 = CARTESIAN_POINT('',(74.8,0.));
#1790 = VECTOR('',#1791,1.);
#1791 = DIRECTION('',(0.,1.));
#1792 = ( GEOMETRIC_REPRESENTATION_CONTEXT(2) 
PARAMETRIC_REPRESENTATION_CONTEXT() REPRESENTATION_CONTEXT('2D SPACE',''
  ) );
#1793 = ORIENTED_EDGE('',*,*,#531,.T.);
#1794 = ADVANCED_FACE('',(#1795),#629,.T.);
#1795 = FACE_BOUND('',#1796,.T.);
#1796 = EDGE_LOOP('',(#1797,#1798,#1819));
#1797 = ORIENTED_EDGE('',*,*,#614,.F.);
#1798 = ORIENTED_EDGE('',*,*,#1799,.T.);
#1799 = EDGE_CURVE('',#589,#1728,#1800,.T.);
#1800 = SURFACE_CURVE('',#1801,(#1805,#1812),.PCURVE_S1.);
#1801 = LINE('',#1802,#1803);
#1802 = CARTESIAN_POINT('',(44.6,0.9,5.4));
#1803 = VECTOR('',#1804,1.);
#1804 = DIRECTION('',(1.,0.,0.));
#1805 = PCURVE('',#629,#1806);
#1806 = DEFINITIONAL_REPRESENTATION('',(#1807),#1811);
#1807 = LINE('',#1808,#1809);
#1808 = CARTESIAN_POINT('',(0.,0.));
#1809 = VECTOR('',#1810,1.);
#1810 = DIRECTION('',(1.,0.));
#1811 = ( GEOMETRIC_REPRESENTATION_CONTEXT(2) 
PARAMETRIC_REPRESENTATION_CONTEXT() REPRESENTATION_CONTEXT('2D SPACE',''
  ) );
#1812 = PCURVE('',#603,#1813);
#1813 = DEFINITIONAL_REPRESENTATION('',(#1814),#1818);
#1814 = LINE('',#1815,#1816);
#1815 = CARTESIAN_POINT('',(3.,0.));
#1816 = VECTOR('',#1817,1.);
#1817 = DIRECTION('',(0.,1.));
#1818 = ( GEOMETRIC_REPRESENTATION_CONTEXT(2) 
PARAMETRIC_REPRESENTATION_CONTEXT() REPRESENTATION_CONTEXT('2D SPACE',''
  ) );
#1819 = ORIENTED_EDGE('',*,*,#1727,.T.);
#1820 = ADVANCED_FACE('',(#1821),#603,.F.);
#1821 = FACE_BOUND('',#1822,.F.);
#1822 = EDGE_LOOP('',(#1823,#1844,#1845,#1846));
#1823 = ORIENTED_EDGE('',*,*,#1824,.F.);
#1824 = EDGE_CURVE('',#560,#1751,#1825,.T.);
#1825 = SURFACE_CURVE('',#1826,(#1830,#1837),.PCURVE_S1.);
#1826 = LINE('',#1827,#1828);
#1827 = CARTESIAN_POINT('',(44.6,0.9,2.4));
#1828 = VECTOR('',#1829,1.);
#1829 = DIRECTION('',(1.,0.,0.));
#1830 = PCURVE('',#603,#1831);
#1831 = DEFINITIONAL_REPRESENTATION('',(#1832),#1836);
#1832 = LINE('',#1833,#1834);
#1833 = CARTESIAN_POINT('',(0.,0.));
#1834 = VECTOR('',#1835,1.);
#1835 = DIRECTION('',(0.,1.));
#1836 = ( GEOMETRIC_REPRESENTATION_CONTEXT(2) 
PARAMETRIC_REPRESENTATION_CONTEXT() REPRESENTATION_CONTEXT('2D SPACE',''
  ) );
#1837 = PCURVE('',#576,#1838);
#1838 = DEFINITIONAL_REPRESENTATION('',(#1839),#1843);
#1839 = LINE('',#1840,#1841);
#1840 = CARTESIAN_POINT('',(0.,0.));
#1841 = VECTOR('',#1842,1.);
#1842 = DIRECTION('',(1.,0.));
#1843 = ( GEOMETRIC_REPRESENTATION_CONTEXT(2) 
PARAMETRIC_REPRESENTATION_CONTEXT() REPRESENTATION_CONTEXT('2D SPACE',''
  ) );
#1844 = ORIENTED_EDGE('',*,*,#588,.T.);
#1845 = ORIENTED_EDGE('',*,*,#1799,.T.);
#1846 = ORIENTED_EDGE('',*,*,#1750,.F.);
#1847 = ADVANCED_FACE('',(#1848),#576,.F.);
#1848 = FACE_BOUND('',#1849,.F.);
#1849 = EDGE_LOOP('',(#1850,#1851,#1852));
#1850 = ORIENTED_EDGE('',*,*,#559,.F.);
#1851 = ORIENTED_EDGE('',*,*,#1824,.T.);
#1852 = ORIENTED_EDGE('',*,*,#1773,.T.);
#1853 = ADVANCED_FACE('',(#1854),#968,.T.);
#1854 = FACE_BOUND('',#1855,.T.);
#1855 = EDGE_LOOP('',(#1856,#1879,#1898,#1899));
#1856 = ORIENTED_EDGE('',*,*,#1857,.F.);
#1857 = EDGE_CURVE('',#1858,#1090,#1860,.T.);
#1858 = VERTEX_POINT('',#1859);
#1859 = CARTESIAN_POINT('',(119.,29.246194139553,18.490376094893));
#1860 = SURFACE_CURVE('',#1861,(#1865,#1872),.PCURVE_S1.);
#1861 = LINE('',#1862,#1863);
#1862 = CARTESIAN_POINT('',(110.,29.246194139553,18.490376094893));
#1863 = VECTOR('',#1864,1.);
#1864 = DIRECTION('',(1.,0.,0.));
#1865 = PCURVE('',#968,#1866);
#1866 = DEFINITIONAL_REPRESENTATION('',(#1867),#1871);
#1867 = LINE('',#1868,#1869);
#1868 = CARTESIAN_POINT('',(0.,0.));
#1869 = VECTOR('',#1870,1.);
#1870 = DIRECTION('',(0.,1.));
#1871 = ( GEOMETRIC_REPRESENTATION_CONTEXT(2) 
PARAMETRIC_REPRESENTATION_CONTEXT() REPRESENTATION_CONTEXT('2D SPACE',''
  ) );
#1872 = PCURVE('',#1125,#1873);
#1873 = DEFINITIONAL_REPRESENTATION('',(#1874),#1878);
#1874 = LINE('',#1875,#1876);
#1875 = CARTESIAN_POINT('',(0.,0.));
#1876 = VECTOR('',#1877,1.);
#1877 = DIRECTION('',(1.,0.));
#1878 = ( GEOMETRIC_REPRESENTATION_CONTEXT(2) 
PARAMETRIC_REPRESENTATION_CONTEXT() REPRESENTATION_CONTEXT('2D SPACE',''
  ) );
#1879 = ORIENTED_EDGE('',*,*,#1880,.F.);
#1880 = EDGE_CURVE('',#928,#1858,#1881,.T.);
#1881 = SURFACE_CURVE('',#1882,(#1886,#1892),.PCURVE_S1.);
#1882 = LINE('',#1883,#1884);
#1883 = CARTESIAN_POINT('',(119.,29.246194139553,10.445188047447));
#1884 = VECTOR('',#1885,1.);
#1885 = DIRECTION('',(0.,0.,-1.));
#1886 = PCURVE('',#968,#1887);
#1887 = DEFINITIONAL_REPRESENTATION('',(#1888),#1891);
#1888 = B_SPLINE_CURVE_WITH_KNOTS('',1,(#1889,#1890),.UNSPECIFIED.,.F.,
  .F.,(2,2),(-20.04518804744,-8.045188047447),.PIECEWISE_BEZIER_KNOTS.);
#1889 = CARTESIAN_POINT('',(12.,9.));
#1890 = CARTESIAN_POINT('',(0.,9.));
#1891 = ( GEOMETRIC_REPRESENTATION_CONTEXT(2) 
PARAMETRIC_REPRESENTATION_CONTEXT() REPRESENTATION_CONTEXT('2D SPACE',''
  ) );
#1892 = PCURVE('',#942,#1893);
#1893 = DEFINITIONAL_REPRESENTATION('',(#1894),#1897);
#1894 = B_SPLINE_CURVE_WITH_KNOTS('',1,(#1895,#1896),.UNSPECIFIED.,.F.,
  .F.,(2,2),(-20.04518804744,-8.045188047447),.PIECEWISE_BEZIER_KNOTS.);
#1895 = CARTESIAN_POINT('',(26.246194139553,-28.09037609489));
#1896 = CARTESIAN_POINT('',(26.246194139553,-16.09037609489));
#1897 = ( GEOMETRIC_REPRESENTATION_CONTEXT(2) 
PARAMETRIC_REPRESENTATION_CONTEXT() REPRESENTATION_CONTEXT('2D SPACE',''
  ) );
#1898 = ORIENTED_EDGE('',*,*,#953,.T.);
#1899 = ORIENTED_EDGE('',*,*,#1089,.T.);
#1900 = ADVANCED_FACE('',(#1901,#2150),#942,.T.);
#1901 = FACE_BOUND('',#1902,.T.);
#1902 = EDGE_LOOP('',(#1903,#1931,#1952,#1953,#1954,#1975,#1996,#2017,
    #2045,#2073,#2101,#2129));
#1903 = ORIENTED_EDGE('',*,*,#1904,.F.);
#1904 = EDGE_CURVE('',#1905,#1907,#1909,.T.);
#1905 = VERTEX_POINT('',#1906);
#1906 = CARTESIAN_POINT('',(119.,7.,5.4));
#1907 = VERTEX_POINT('',#1908);
#1908 = CARTESIAN_POINT('',(119.,105.,5.4));
#1909 = SURFACE_CURVE('',#1910,(#1914,#1920),.PCURVE_S1.);
#1910 = LINE('',#1911,#1912);
#1911 = CARTESIAN_POINT('',(119.,2.7,5.4));
#1912 = VECTOR('',#1913,1.);
#1913 = DIRECTION('',(0.,1.,-0.));
#1914 = PCURVE('',#942,#1915);
#1915 = DEFINITIONAL_REPRESENTATION('',(#1916),#1919);
#1916 = B_SPLINE_CURVE_WITH_KNOTS('',1,(#1917,#1918),.UNSPECIFIED.,.F.,
  .F.,(2,2),(4.3,102.3),.PIECEWISE_BEZIER_KNOTS.);
#1917 = CARTESIAN_POINT('',(4.,-3.));
#1918 = CARTESIAN_POINT('',(102.,-3.));
#1919 = ( GEOMETRIC_REPRESENTATION_CONTEXT(2) 
PARAMETRIC_REPRESENTATION_CONTEXT() REPRESENTATION_CONTEXT('2D SPACE',''
  ) );
#1920 = PCURVE('',#1921,#1926);
#1921 = PLANE('',#1922);
#1922 = AXIS2_PLACEMENT_3D('',#1923,#1924,#1925);
#1923 = CARTESIAN_POINT('',(117.9,2.4,5.4));
#1924 = DIRECTION('',(0.,0.,1.));
#1925 = DIRECTION('',(1.,0.,0.));
#1926 = DEFINITIONAL_REPRESENTATION('',(#1927),#1930);
#1927 = B_SPLINE_CURVE_WITH_KNOTS('',1,(#1928,#1929),.UNSPECIFIED.,.F.,
  .F.,(2,2),(4.3,102.3),.PIECEWISE_BEZIER_KNOTS.);
#1928 = CARTESIAN_POINT('',(1.1,4.6));
#1929 = CARTESIAN_POINT('',(1.1,102.6));
#1930 = ( GEOMETRIC_REPRESENTATION_CONTEXT(2) 
PARAMETRIC_REPRESENTATION_CONTEXT() REPRESENTATION_CONTEXT('2D SPACE',''
  ) );
#1931 = ORIENTED_EDGE('',*,*,#1932,.T.);
#1932 = EDGE_CURVE('',#1905,#894,#1933,.T.);
#1933 = SURFACE_CURVE('',#1934,(#1938,#1945),.PCURVE_S1.);
#1934 = LINE('',#1935,#1936);
#1935 = CARTESIAN_POINT('',(119.,7.,2.4));
#1936 = VECTOR('',#1937,1.);
#1937 = DIRECTION('',(0.,0.,1.));
#1938 = PCURVE('',#942,#1939);
#1939 = DEFINITIONAL_REPRESENTATION('',(#1940),#1944);
#1940 = LINE('',#1941,#1942);
#1941 = CARTESIAN_POINT('',(4.,0.));
#1942 = VECTOR('',#1943,1.);
#1943 = DIRECTION('',(0.,-1.));
#1944 = ( GEOMETRIC_REPRESENTATION_CONTEXT(2) 
PARAMETRIC_REPRESENTATION_CONTEXT() REPRESENTATION_CONTEXT('2D SPACE',''
  ) );
#1945 = PCURVE('',#910,#1946);
#1946 = DEFINITIONAL_REPRESENTATION('',(#1947),#1951);
#1947 = LINE('',#1948,#1949);
#1948 = CARTESIAN_POINT('',(1.570796326795,0.));
#1949 = VECTOR('',#1950,1.);
#1950 = DIRECTION('',(0.,1.));
#1951 = ( GEOMETRIC_REPRESENTATION_CONTEXT(2) 
PARAMETRIC_REPRESENTATION_CONTEXT() REPRESENTATION_CONTEXT('2D SPACE',''
  ) );
#1952 = ORIENTED_EDGE('',*,*,#927,.T.);
#1953 = ORIENTED_EDGE('',*,*,#1880,.T.);
#1954 = ORIENTED_EDGE('',*,*,#1955,.T.);
#1955 = EDGE_CURVE('',#1858,#1956,#1958,.T.);
#1956 = VERTEX_POINT('',#1957);
#1957 = CARTESIAN_POINT('',(119.,47.246194139553,18.490376094893));
#1958 = SURFACE_CURVE('',#1959,(#1963,#1969),.PCURVE_S1.);
#1959 = LINE('',#1960,#1961);
#1960 = CARTESIAN_POINT('',(119.,16.123097069776,18.490376094893));
#1961 = VECTOR('',#1962,1.);
#1962 = DIRECTION('',(0.,1.,-0.));
#1963 = PCURVE('',#942,#1964);
#1964 = DEFINITIONAL_REPRESENTATION('',(#1965),#1968);
#1965 = B_SPLINE_CURVE_WITH_KNOTS('',1,(#1966,#1967),.UNSPECIFIED.,.F.,
  .F.,(2,2),(13.123097069776,31.123097069776),.PIECEWISE_BEZIER_KNOTS.);
#1966 = CARTESIAN_POINT('',(26.246194139553,-16.09037609489));
#1967 = CARTESIAN_POINT('',(44.246194139553,-16.09037609489));
#1968 = ( GEOMETRIC_REPRESENTATION_CONTEXT(2) 
PARAMETRIC_REPRESENTATION_CONTEXT() REPRESENTATION_CONTEXT('2D SPACE',''
  ) );
#1969 = PCURVE('',#1125,#1970);
#1970 = DEFINITIONAL_REPRESENTATION('',(#1971),#1974);
#1971 = B_SPLINE_CURVE_WITH_KNOTS('',1,(#1972,#1973),.UNSPECIFIED.,.F.,
  .F.,(2,2),(13.123097069776,31.123097069776),.PIECEWISE_BEZIER_KNOTS.);
#1972 = CARTESIAN_POINT('',(9.,0.));
#1973 = CARTESIAN_POINT('',(9.,18.));
#1974 = ( GEOMETRIC_REPRESENTATION_CONTEXT(2) 
PARAMETRIC_REPRESENTATION_CONTEXT() REPRESENTATION_CONTEXT('2D SPACE',''
  ) );
#1975 = ORIENTED_EDGE('',*,*,#1976,.F.);
#1976 = EDGE_CURVE('',#1977,#1956,#1979,.T.);
#1977 = VERTEX_POINT('',#1978);
#1978 = CARTESIAN_POINT('',(119.,47.246194139553,28.243023869228));
#1979 = SURFACE_CURVE('',#1980,(#1984,#1990),.PCURVE_S1.);
#1980 = LINE('',#1981,#1982);
#1981 = CARTESIAN_POINT('',(119.,47.246194139553,10.445188047447));
#1982 = VECTOR('',#1983,1.);
#1983 = DIRECTION('',(0.,0.,-1.));
#1984 = PCURVE('',#942,#1985);
#1985 = DEFINITIONAL_REPRESENTATION('',(#1986),#1989);
#1986 = B_SPLINE_CURVE_WITH_KNOTS('',1,(#1987,#1988),.UNSPECIFIED.,.F.,
  .F.,(2,2),(-20.04518804744,-8.045188047447),.PIECEWISE_BEZIER_KNOTS.);
#1987 = CARTESIAN_POINT('',(44.246194139553,-28.09037609489));
#1988 = CARTESIAN_POINT('',(44.246194139553,-16.09037609489));
#1989 = ( GEOMETRIC_REPRESENTATION_CONTEXT(2) 
PARAMETRIC_REPRESENTATION_CONTEXT() REPRESENTATION_CONTEXT('2D SPACE',''
  ) );
#1990 = PCURVE('',#1151,#1991);
#1991 = DEFINITIONAL_REPRESENTATION('',(#1992),#1995);
#1992 = B_SPLINE_CURVE_WITH_KNOTS('',1,(#1993,#1994),.UNSPECIFIED.,.F.,
  .F.,(2,2),(-20.04518804744,-8.045188047447),.PIECEWISE_BEZIER_KNOTS.);
#1993 = CARTESIAN_POINT('',(12.,9.));
#1994 = CARTESIAN_POINT('',(0.,9.));
#1995 = ( GEOMETRIC_REPRESENTATION_CONTEXT(2) 
PARAMETRIC_REPRESENTATION_CONTEXT() REPRESENTATION_CONTEXT('2D SPACE',''
  ) );
#1996 = ORIENTED_EDGE('',*,*,#1997,.T.);
#1997 = EDGE_CURVE('',#1977,#1998,#2000,.T.);
#1998 = VERTEX_POINT('',#1999);
#1999 = CARTESIAN_POINT('',(119.,105.,34.823238871673));
#2000 = SURFACE_CURVE('',#2001,(#2005,#2011),.PCURVE_S1.);
#2001 = LINE('',#2002,#2003);
#2002 = CARTESIAN_POINT('',(119.,56.33015290562,29.278010237027));
#2003 = VECTOR('',#2004,1.);
#2004 = DIRECTION('',(0.,0.993571855677,0.113203213768));
#2005 = PCURVE('',#942,#2006);
#2006 = DEFINITIONAL_REPRESENTATION('',(#2007),#2010);
#2007 = B_SPLINE_CURVE_WITH_KNOTS('',1,(#2008,#2009),.UNSPECIFIED.,.F.,
  .F.,(2,2),(-49.64930580891,48.984727995579),.PIECEWISE_BEZIER_KNOTS.);
#2008 = CARTESIAN_POINT('',(4.,-21.25754925811));
#2009 = CARTESIAN_POINT('',(102.,-32.42323887167));
#2010 = ( GEOMETRIC_REPRESENTATION_CONTEXT(2) 
PARAMETRIC_REPRESENTATION_CONTEXT() REPRESENTATION_CONTEXT('2D SPACE',''
  ) );
#2011 = PCURVE('',#1178,#2012);
#2012 = DEFINITIONAL_REPRESENTATION('',(#2013),#2016);
#2013 = B_SPLINE_CURVE_WITH_KNOTS('',1,(#2014,#2015),.UNSPECIFIED.,.F.,
  .F.,(2,2),(-49.64930580891,48.984727995579),.PIECEWISE_BEZIER_KNOTS.);
#2014 = CARTESIAN_POINT('',(105.67932193338,-119.));
#2015 = CARTESIAN_POINT('',(7.045288128893,-119.));
#2016 = ( GEOMETRIC_REPRESENTATION_CONTEXT(2) 
PARAMETRIC_REPRESENTATION_CONTEXT() REPRESENTATION_CONTEXT('2D SPACE',''
  ) );
#2017 = ORIENTED_EDGE('',*,*,#2018,.F.);
#2018 = EDGE_CURVE('',#2019,#1998,#2021,.T.);
#2019 = VERTEX_POINT('',#2020);
#2020 = CARTESIAN_POINT('',(119.,105.,32.096011572053));
#2021 = SURFACE_CURVE('',#2022,(#2026,#2033),.PCURVE_S1.);
#2022 = LINE('',#2023,#2024);
#2023 = CARTESIAN_POINT('',(119.,105.,2.4));
#2024 = VECTOR('',#2025,1.);
#2025 = DIRECTION('',(0.,0.,1.));
#2026 = PCURVE('',#942,#2027);
#2027 = DEFINITIONAL_REPRESENTATION('',(#2028),#2032);
#2028 = LINE('',#2029,#2030);
#2029 = CARTESIAN_POINT('',(102.,0.));
#2030 = VECTOR('',#2031,1.);
#2031 = DIRECTION('',(0.,-1.));
#2032 = ( GEOMETRIC_REPRESENTATION_CONTEXT(2) 
PARAMETRIC_REPRESENTATION_CONTEXT() REPRESENTATION_CONTEXT('2D SPACE',''
  ) );
#2033 = PCURVE('',#2034,#2039);
#2034 = CYLINDRICAL_SURFACE('',#2035,4.);
#2035 = AXIS2_PLACEMENT_3D('',#2036,#2037,#2038);
#2036 = CARTESIAN_POINT('',(115.,105.,2.4));
#2037 = DIRECTION('',(0.,0.,1.));
#2038 = DIRECTION('',(1.,0.,-0.));
#2039 = DEFINITIONAL_REPRESENTATION('',(#2040),#2044);
#2040 = LINE('',#2041,#2042);
#2041 = CARTESIAN_POINT('',(0.,0.));
#2042 = VECTOR('',#2043,1.);
#2043 = DIRECTION('',(0.,1.));
#2044 = ( GEOMETRIC_REPRESENTATION_CONTEXT(2) 
PARAMETRIC_REPRESENTATION_CONTEXT() REPRESENTATION_CONTEXT('2D SPACE',''
  ) );
#2045 = ORIENTED_EDGE('',*,*,#2046,.T.);
#2046 = EDGE_CURVE('',#2019,#2047,#2049,.T.);
#2047 = VERTEX_POINT('',#2048);
#2048 = CARTESIAN_POINT('',(119.,48.746194139553,25.68669998206));
#2049 = SURFACE_CURVE('',#2050,(#2054,#2061),.PCURVE_S1.);
#2050 = LINE('',#2051,#2052);
#2051 = CARTESIAN_POINT('',(119.,105.38289814495,32.139637305116));
#2052 = VECTOR('',#2053,1.);
#2053 = DIRECTION('',(0.,-0.993571855677,-0.113203213768));
#2054 = PCURVE('',#942,#2055);
#2055 = DEFINITIONAL_REPRESENTATION('',(#2056),#2060);
#2056 = LINE('',#2057,#2058);
#2057 = CARTESIAN_POINT('',(102.38289814495,-29.73963730511));
#2058 = VECTOR('',#2059,1.);
#2059 = DIRECTION('',(-0.993571855677,0.113203213768));
#2060 = ( GEOMETRIC_REPRESENTATION_CONTEXT(2) 
PARAMETRIC_REPRESENTATION_CONTEXT() REPRESENTATION_CONTEXT('2D SPACE',''
  ) );
#2061 = PCURVE('',#2062,#2067);
#2062 = PLANE('',#2063);
#2063 = AXIS2_PLACEMENT_3D('',#2064,#2065,#2066);
#2064 = CARTESIAN_POINT('',(111.2,105.38289814495,32.139637305116));
#2065 = DIRECTION('',(0.,0.113203213768,-0.993571855677));
#2066 = DIRECTION('',(0.,-0.993571855677,-0.113203213768));
#2067 = DEFINITIONAL_REPRESENTATION('',(#2068),#2072);
#2068 = LINE('',#2069,#2070);
#2069 = CARTESIAN_POINT('',(0.,-7.8));
#2070 = VECTOR('',#2071,1.);
#2071 = DIRECTION('',(1.,0.));
#2072 = ( GEOMETRIC_REPRESENTATION_CONTEXT(2) 
PARAMETRIC_REPRESENTATION_CONTEXT() REPRESENTATION_CONTEXT('2D SPACE',''
  ) );
#2073 = ORIENTED_EDGE('',*,*,#2074,.T.);
#2074 = EDGE_CURVE('',#2047,#2075,#2077,.T.);
#2075 = VERTEX_POINT('',#2076);
#2076 = CARTESIAN_POINT('',(119.,48.746194139553,24.28669998206));
#2077 = SURFACE_CURVE('',#2078,(#2082,#2089),.PCURVE_S1.);
#2078 = LINE('',#2079,#2080);
#2079 = CARTESIAN_POINT('',(119.,48.746194139553,25.68669998206));
#2080 = VECTOR('',#2081,1.);
#2081 = DIRECTION('',(0.,0.,-1.));
#2082 = PCURVE('',#942,#2083);
#2083 = DEFINITIONAL_REPRESENTATION('',(#2084),#2088);
#2084 = LINE('',#2085,#2086);
#2085 = CARTESIAN_POINT('',(45.746194139553,-23.28669998206));
#2086 = VECTOR('',#2087,1.);
#2087 = DIRECTION('',(0.,1.));
#2088 = ( GEOMETRIC_REPRESENTATION_CONTEXT(2) 
PARAMETRIC_REPRESENTATION_CONTEXT() REPRESENTATION_CONTEXT('2D SPACE',''
  ) );
#2089 = PCURVE('',#2090,#2095);
#2090 = PLANE('',#2091);
#2091 = AXIS2_PLACEMENT_3D('',#2092,#2093,#2094);
#2092 = CARTESIAN_POINT('',(111.2,48.746194139553,25.68669998206));
#2093 = DIRECTION('',(-0.,1.,0.));
#2094 = DIRECTION('',(0.,0.,-1.));
#2095 = DEFINITIONAL_REPRESENTATION('',(#2096),#2100);
#2096 = LINE('',#2097,#2098);
#2097 = CARTESIAN_POINT('',(0.,-7.8));
#2098 = VECTOR('',#2099,1.);
#2099 = DIRECTION('',(1.,0.));
#2100 = ( GEOMETRIC_REPRESENTATION_CONTEXT(2) 
PARAMETRIC_REPRESENTATION_CONTEXT() REPRESENTATION_CONTEXT('2D SPACE',''
  ) );
#2101 = ORIENTED_EDGE('',*,*,#2102,.T.);
#2102 = EDGE_CURVE('',#2075,#2103,#2105,.T.);
#2103 = VERTEX_POINT('',#2104);
#2104 = CARTESIAN_POINT('',(119.,105.,30.696011572053));
#2105 = SURFACE_CURVE('',#2106,(#2110,#2117),.PCURVE_S1.);
#2106 = LINE('',#2107,#2108);
#2107 = CARTESIAN_POINT('',(119.,48.746194139553,24.28669998206));
#2108 = VECTOR('',#2109,1.);
#2109 = DIRECTION('',(0.,0.993571855677,0.113203213768));
#2110 = PCURVE('',#942,#2111);
#2111 = DEFINITIONAL_REPRESENTATION('',(#2112),#2116);
#2112 = LINE('',#2113,#2114);
#2113 = CARTESIAN_POINT('',(45.746194139553,-21.88669998206));
#2114 = VECTOR('',#2115,1.);
#2115 = DIRECTION('',(0.993571855677,-0.113203213768));
#2116 = ( GEOMETRIC_REPRESENTATION_CONTEXT(2) 
PARAMETRIC_REPRESENTATION_CONTEXT() REPRESENTATION_CONTEXT('2D SPACE',''
  ) );
#2117 = PCURVE('',#2118,#2123);
#2118 = PLANE('',#2119);
#2119 = AXIS2_PLACEMENT_3D('',#2120,#2121,#2122);
#2120 = CARTESIAN_POINT('',(111.2,48.746194139553,24.28669998206));
#2121 = DIRECTION('',(0.,-0.113203213768,0.993571855677));
#2122 = DIRECTION('',(0.,0.993571855677,0.113203213768));
#2123 = DEFINITIONAL_REPRESENTATION('',(#2124),#2128);
#2124 = LINE('',#2125,#2126);
#2125 = CARTESIAN_POINT('',(0.,-7.8));
#2126 = VECTOR('',#2127,1.);
#2127 = DIRECTION('',(1.,0.));
#2128 = ( GEOMETRIC_REPRESENTATION_CONTEXT(2) 
PARAMETRIC_REPRESENTATION_CONTEXT() REPRESENTATION_CONTEXT('2D SPACE',''
  ) );
#2129 = ORIENTED_EDGE('',*,*,#2130,.F.);
#2130 = EDGE_CURVE('',#1907,#2103,#2131,.T.);
#2131 = SURFACE_CURVE('',#2132,(#2136,#2143),.PCURVE_S1.);
#2132 = LINE('',#2133,#2134);
#2133 = CARTESIAN_POINT('',(119.,105.,2.4));
#2134 = VECTOR('',#2135,1.);
#2135 = DIRECTION('',(0.,0.,1.));
#2136 = PCURVE('',#942,#2137);
#2137 = DEFINITIONAL_REPRESENTATION('',(#2138),#2142);
#2138 = LINE('',#2139,#2140);
#2139 = CARTESIAN_POINT('',(102.,0.));
#2140 = VECTOR('',#2141,1.);
#2141 = DIRECTION('',(0.,-1.));
#2142 = ( GEOMETRIC_REPRESENTATION_CONTEXT(2) 
PARAMETRIC_REPRESENTATION_CONTEXT() REPRESENTATION_CONTEXT('2D SPACE',''
  ) );
#2143 = PCURVE('',#2034,#2144);
#2144 = DEFINITIONAL_REPRESENTATION('',(#2145),#2149);
#2145 = LINE('',#2146,#2147);
#2146 = CARTESIAN_POINT('',(0.,0.));
#2147 = VECTOR('',#2148,1.);
#2148 = DIRECTION('',(0.,1.));
#2149 = ( GEOMETRIC_REPRESENTATION_CONTEXT(2) 
PARAMETRIC_REPRESENTATION_CONTEXT() REPRESENTATION_CONTEXT('2D SPACE',''
  ) );
#2150 = FACE_BOUND('',#2151,.T.);
#2151 = EDGE_LOOP('',(#2152,#2182,#2210,#2238));
#2152 = ORIENTED_EDGE('',*,*,#2153,.T.);
#2153 = EDGE_CURVE('',#2154,#2156,#2158,.T.);
#2154 = VERTEX_POINT('',#2155);
#2155 = CARTESIAN_POINT('',(119.,15.,21.841806824905));
#2156 = VERTEX_POINT('',#2157);
#2157 = CARTESIAN_POINT('',(119.,15.,20.441806824905));
#2158 = SURFACE_CURVE('',#2159,(#2163,#2170),.PCURVE_S1.);
#2159 = LINE('',#2160,#2161);
#2160 = CARTESIAN_POINT('',(119.,15.,21.841806824905));
#2161 = VECTOR('',#2162,1.);
#2162 = DIRECTION('',(0.,0.,-1.));
#2163 = PCURVE('',#942,#2164);
#2164 = DEFINITIONAL_REPRESENTATION('',(#2165),#2169);
#2165 = LINE('',#2166,#2167);
#2166 = CARTESIAN_POINT('',(12.,-19.4418068249));
#2167 = VECTOR('',#2168,1.);
#2168 = DIRECTION('',(0.,1.));
#2169 = ( GEOMETRIC_REPRESENTATION_CONTEXT(2) 
PARAMETRIC_REPRESENTATION_CONTEXT() REPRESENTATION_CONTEXT('2D SPACE',''
  ) );
#2170 = PCURVE('',#2171,#2176);
#2171 = PLANE('',#2172);
#2172 = AXIS2_PLACEMENT_3D('',#2173,#2174,#2175);
#2173 = CARTESIAN_POINT('',(111.2,15.,21.841806824905));
#2174 = DIRECTION('',(-0.,1.,0.));
#2175 = DIRECTION('',(0.,0.,-1.));
#2176 = DEFINITIONAL_REPRESENTATION('',(#2177),#2181);
#2177 = LINE('',#2178,#2179);
#2178 = CARTESIAN_POINT('',(0.,-7.8));
#2179 = VECTOR('',#2180,1.);
#2180 = DIRECTION('',(1.,0.));
#2181 = ( GEOMETRIC_REPRESENTATION_CONTEXT(2) 
PARAMETRIC_REPRESENTATION_CONTEXT() REPRESENTATION_CONTEXT('2D SPACE',''
  ) );
#2182 = ORIENTED_EDGE('',*,*,#2183,.T.);
#2183 = EDGE_CURVE('',#2156,#2184,#2186,.T.);
#2184 = VERTEX_POINT('',#2185);
#2185 = CARTESIAN_POINT('',(119.,27.746194139553,21.894052207726));
#2186 = SURFACE_CURVE('',#2187,(#2191,#2198),.PCURVE_S1.);
#2187 = LINE('',#2188,#2189);
#2188 = CARTESIAN_POINT('',(119.,15.,20.441806824905));
#2189 = VECTOR('',#2190,1.);
#2190 = DIRECTION('',(0.,0.993571855677,0.113203213768));
#2191 = PCURVE('',#942,#2192);
#2192 = DEFINITIONAL_REPRESENTATION('',(#2193),#2197);
#2193 = LINE('',#2194,#2195);
#2194 = CARTESIAN_POINT('',(12.,-18.0418068249));
#2195 = VECTOR('',#2196,1.);
#2196 = DIRECTION('',(0.993571855677,-0.113203213768));
#2197 = ( GEOMETRIC_REPRESENTATION_CONTEXT(2) 
PARAMETRIC_REPRESENTATION_CONTEXT() REPRESENTATION_CONTEXT('2D SPACE',''
  ) );
#2198 = PCURVE('',#2199,#2204);
#2199 = PLANE('',#2200);
#2200 = AXIS2_PLACEMENT_3D('',#2201,#2202,#2203);
#2201 = CARTESIAN_POINT('',(111.2,15.,20.441806824905));
#2202 = DIRECTION('',(0.,-0.113203213768,0.993571855677));
#2203 = DIRECTION('',(0.,0.993571855677,0.113203213768));
#2204 = DEFINITIONAL_REPRESENTATION('',(#2205),#2209);
#2205 = LINE('',#2206,#2207);
#2206 = CARTESIAN_POINT('',(0.,-7.8));
#2207 = VECTOR('',#2208,1.);
#2208 = DIRECTION('',(1.,0.));
#2209 = ( GEOMETRIC_REPRESENTATION_CONTEXT(2) 
PARAMETRIC_REPRESENTATION_CONTEXT() REPRESENTATION_CONTEXT('2D SPACE',''
  ) );
#2210 = ORIENTED_EDGE('',*,*,#2211,.T.);
#2211 = EDGE_CURVE('',#2184,#2212,#2214,.T.);
#2212 = VERTEX_POINT('',#2213);
#2213 = CARTESIAN_POINT('',(119.,27.746194139553,23.294052207726));
#2214 = SURFACE_CURVE('',#2215,(#2219,#2226),.PCURVE_S1.);
#2215 = LINE('',#2216,#2217);
#2216 = CARTESIAN_POINT('',(119.,27.746194139553,21.894052207726));
#2217 = VECTOR('',#2218,1.);
#2218 = DIRECTION('',(0.,0.,1.));
#2219 = PCURVE('',#942,#2220);
#2220 = DEFINITIONAL_REPRESENTATION('',(#2221),#2225);
#2221 = LINE('',#2222,#2223);
#2222 = CARTESIAN_POINT('',(24.746194139553,-19.49405220772));
#2223 = VECTOR('',#2224,1.);
#2224 = DIRECTION('',(0.,-1.));
#2225 = ( GEOMETRIC_REPRESENTATION_CONTEXT(2) 
PARAMETRIC_REPRESENTATION_CONTEXT() REPRESENTATION_CONTEXT('2D SPACE',''
  ) );
#2226 = PCURVE('',#2227,#2232);
#2227 = PLANE('',#2228);
#2228 = AXIS2_PLACEMENT_3D('',#2229,#2230,#2231);
#2229 = CARTESIAN_POINT('',(111.2,27.746194139553,21.894052207726));
#2230 = DIRECTION('',(0.,-1.,0.));
#2231 = DIRECTION('',(0.,0.,1.));
#2232 = DEFINITIONAL_REPRESENTATION('',(#2233),#2237);
#2233 = LINE('',#2234,#2235);
#2234 = CARTESIAN_POINT('',(0.,-7.8));
#2235 = VECTOR('',#2236,1.);
#2236 = DIRECTION('',(1.,0.));
#2237 = ( GEOMETRIC_REPRESENTATION_CONTEXT(2) 
PARAMETRIC_REPRESENTATION_CONTEXT() REPRESENTATION_CONTEXT('2D SPACE',''
  ) );
#2238 = ORIENTED_EDGE('',*,*,#2239,.T.);
#2239 = EDGE_CURVE('',#2212,#2154,#2240,.T.);
#2240 = SURFACE_CURVE('',#2241,(#2245,#2252),.PCURVE_S1.);
#2241 = LINE('',#2242,#2243);
#2242 = CARTESIAN_POINT('',(119.,27.746194139553,23.294052207726));
#2243 = VECTOR('',#2244,1.);
#2244 = DIRECTION('',(0.,-0.993571855677,-0.113203213768));
#2245 = PCURVE('',#942,#2246);
#2246 = DEFINITIONAL_REPRESENTATION('',(#2247),#2251);
#2247 = LINE('',#2248,#2249);
#2248 = CARTESIAN_POINT('',(24.746194139553,-20.89405220772));
#2249 = VECTOR('',#2250,1.);
#2250 = DIRECTION('',(-0.993571855677,0.113203213768));
#2251 = ( GEOMETRIC_REPRESENTATION_CONTEXT(2) 
PARAMETRIC_REPRESENTATION_CONTEXT() REPRESENTATION_CONTEXT('2D SPACE',''
  ) );
#2252 = PCURVE('',#2253,#2258);
#2253 = PLANE('',#2254);
#2254 = AXIS2_PLACEMENT_3D('',#2255,#2256,#2257);
#2255 = CARTESIAN_POINT('',(111.2,27.746194139553,23.294052207726));
#2256 = DIRECTION('',(0.,0.113203213768,-0.993571855677));
#2257 = DIRECTION('',(0.,-0.993571855677,-0.113203213768));
#2258 = DEFINITIONAL_REPRESENTATION('',(#2259),#2263);
#2259 = LINE('',#2260,#2261);
#2260 = CARTESIAN_POINT('',(0.,-7.8));
#2261 = VECTOR('',#2262,1.);
#2262 = DIRECTION('',(1.,0.));
#2263 = ( GEOMETRIC_REPRESENTATION_CONTEXT(2) 
PARAMETRIC_REPRESENTATION_CONTEXT() REPRESENTATION_CONTEXT('2D SPACE',''
  ) );
#2264 = ADVANCED_FACE('',(#2265),#910,.F.);
#2265 = FACE_BOUND('',#2266,.F.);
#2266 = EDGE_LOOP('',(#2267,#2290,#2319,#2346,#2368,#2369));
#2267 = ORIENTED_EDGE('',*,*,#2268,.F.);
#2268 = EDGE_CURVE('',#2269,#868,#2271,.T.);
#2269 = VERTEX_POINT('',#2270);
#2270 = CARTESIAN_POINT('',(115.,3.,18.6));
#2271 = SURFACE_CURVE('',#2272,(#2276,#2283),.PCURVE_S1.);
#2272 = LINE('',#2273,#2274);
#2273 = CARTESIAN_POINT('',(115.,3.,2.4));
#2274 = VECTOR('',#2275,1.);
#2275 = DIRECTION('',(0.,0.,1.));
#2276 = PCURVE('',#910,#2277);
#2277 = DEFINITIONAL_REPRESENTATION('',(#2278),#2282);
#2278 = LINE('',#2279,#2280);
#2279 = CARTESIAN_POINT('',(0.,0.));
#2280 = VECTOR('',#2281,1.);
#2281 = DIRECTION('',(0.,1.));
#2282 = ( GEOMETRIC_REPRESENTATION_CONTEXT(2) 
PARAMETRIC_REPRESENTATION_CONTEXT() REPRESENTATION_CONTEXT('2D SPACE',''
  ) );
#2283 = PCURVE('',#882,#2284);
#2284 = DEFINITIONAL_REPRESENTATION('',(#2285),#2289);
#2285 = LINE('',#2286,#2287);
#2286 = CARTESIAN_POINT('',(112.,0.));
#2287 = VECTOR('',#2288,1.);
#2288 = DIRECTION('',(0.,-1.));
#2289 = ( GEOMETRIC_REPRESENTATION_CONTEXT(2) 
PARAMETRIC_REPRESENTATION_CONTEXT() REPRESENTATION_CONTEXT('2D SPACE',''
  ) );
#2290 = ORIENTED_EDGE('',*,*,#2291,.T.);
#2291 = EDGE_CURVE('',#2269,#2292,#2294,.T.);
#2292 = VERTEX_POINT('',#2293);
#2293 = CARTESIAN_POINT('',(117.9,4.245004537209,18.6));
#2294 = SURFACE_CURVE('',#2295,(#2300,#2307),.PCURVE_S1.);
#2295 = CIRCLE('',#2296,4.);
#2296 = AXIS2_PLACEMENT_3D('',#2297,#2298,#2299);
#2297 = CARTESIAN_POINT('',(115.,7.,18.6));
#2298 = DIRECTION('',(0.,0.,1.));
#2299 = DIRECTION('',(0.,-1.,0.));
#2300 = PCURVE('',#910,#2301);
#2301 = DEFINITIONAL_REPRESENTATION('',(#2302),#2306);
#2302 = LINE('',#2303,#2304);
#2303 = CARTESIAN_POINT('',(0.,16.2));
#2304 = VECTOR('',#2305,1.);
#2305 = DIRECTION('',(1.,0.));
#2306 = ( GEOMETRIC_REPRESENTATION_CONTEXT(2) 
PARAMETRIC_REPRESENTATION_CONTEXT() REPRESENTATION_CONTEXT('2D SPACE',''
  ) );
#2307 = PCURVE('',#2308,#2313);
#2308 = PLANE('',#2309);
#2309 = AXIS2_PLACEMENT_3D('',#2310,#2311,#2312);
#2310 = CARTESIAN_POINT('',(46.1,2.4,18.6));
#2311 = DIRECTION('',(0.,0.,1.));
#2312 = DIRECTION('',(1.,0.,0.));
#2313 = DEFINITIONAL_REPRESENTATION('',(#2314),#2318);
#2314 = CIRCLE('',#2315,4.);
#2315 = AXIS2_PLACEMENT_2D('',#2316,#2317);
#2316 = CARTESIAN_POINT('',(68.9,4.6));
#2317 = DIRECTION('',(0.,-1.));
#2318 = ( GEOMETRIC_REPRESENTATION_CONTEXT(2) 
PARAMETRIC_REPRESENTATION_CONTEXT() REPRESENTATION_CONTEXT('2D SPACE',''
  ) );
#2319 = ORIENTED_EDGE('',*,*,#2320,.F.);
#2320 = EDGE_CURVE('',#2321,#2292,#2323,.T.);
#2321 = VERTEX_POINT('',#2322);
#2322 = CARTESIAN_POINT('',(117.9,4.245004537209,5.4));
#2323 = SURFACE_CURVE('',#2324,(#2328,#2334),.PCURVE_S1.);
#2324 = LINE('',#2325,#2326);
#2325 = CARTESIAN_POINT('',(117.9,4.245004537209,2.4));
#2326 = VECTOR('',#2327,1.);
#2327 = DIRECTION('',(0.,0.,1.));
#2328 = PCURVE('',#910,#2329);
#2329 = DEFINITIONAL_REPRESENTATION('',(#2330),#2333);
#2330 = B_SPLINE_CURVE_WITH_KNOTS('',1,(#2331,#2332),.UNSPECIFIED.,.F.,
  .F.,(2,2),(-5.999999994621E-07,17.82),.PIECEWISE_BEZIER_KNOTS.);
#2331 = CARTESIAN_POINT('',(0.811034394288,-5.999999994621E-07));
#2332 = CARTESIAN_POINT('',(0.811034394288,17.82));
#2333 = ( GEOMETRIC_REPRESENTATION_CONTEXT(2) 
PARAMETRIC_REPRESENTATION_CONTEXT() REPRESENTATION_CONTEXT('2D SPACE',''
  ) );
#2334 = PCURVE('',#2335,#2340);
#2335 = PLANE('',#2336);
#2336 = AXIS2_PLACEMENT_3D('',#2337,#2338,#2339);
#2337 = CARTESIAN_POINT('',(117.9,2.4,2.4));
#2338 = DIRECTION('',(1.,0.,0.));
#2339 = DIRECTION('',(0.,0.,1.));
#2340 = DEFINITIONAL_REPRESENTATION('',(#2341),#2345);
#2341 = LINE('',#2342,#2343);
#2342 = CARTESIAN_POINT('',(0.,-1.845004537209));
#2343 = VECTOR('',#2344,1.);
#2344 = DIRECTION('',(1.,0.));
#2345 = ( GEOMETRIC_REPRESENTATION_CONTEXT(2) 
PARAMETRIC_REPRESENTATION_CONTEXT() REPRESENTATION_CONTEXT('2D SPACE',''
  ) );
#2346 = ORIENTED_EDGE('',*,*,#2347,.T.);
#2347 = EDGE_CURVE('',#2321,#1905,#2348,.T.);
#2348 = SURFACE_CURVE('',#2349,(#2354,#2361),.PCURVE_S1.);
#2349 = CIRCLE('',#2350,4.);
#2350 = AXIS2_PLACEMENT_3D('',#2351,#2352,#2353);
#2351 = CARTESIAN_POINT('',(115.,7.,5.4));
#2352 = DIRECTION('',(0.,0.,1.));
#2353 = DIRECTION('',(0.,-1.,0.));
#2354 = PCURVE('',#910,#2355);
#2355 = DEFINITIONAL_REPRESENTATION('',(#2356),#2360);
#2356 = LINE('',#2357,#2358);
#2357 = CARTESIAN_POINT('',(0.,3.));
#2358 = VECTOR('',#2359,1.);
#2359 = DIRECTION('',(1.,0.));
#2360 = ( GEOMETRIC_REPRESENTATION_CONTEXT(2) 
PARAMETRIC_REPRESENTATION_CONTEXT() REPRESENTATION_CONTEXT('2D SPACE',''
  ) );
#2361 = PCURVE('',#1921,#2362);
#2362 = DEFINITIONAL_REPRESENTATION('',(#2363),#2367);
#2363 = CIRCLE('',#2364,4.);
#2364 = AXIS2_PLACEMENT_2D('',#2365,#2366);
#2365 = CARTESIAN_POINT('',(-2.9,4.6));
#2366 = DIRECTION('',(0.,-1.));
#2367 = ( GEOMETRIC_REPRESENTATION_CONTEXT(2) 
PARAMETRIC_REPRESENTATION_CONTEXT() REPRESENTATION_CONTEXT('2D SPACE',''
  ) );
#2368 = ORIENTED_EDGE('',*,*,#1932,.T.);
#2369 = ORIENTED_EDGE('',*,*,#893,.T.);
#2370 = ADVANCED_FACE('',(#2371),#882,.T.);
#2371 = FACE_BOUND('',#2372,.T.);
#2372 = EDGE_LOOP('',(#2373,#2403,#2424,#2425,#2426,#2447,#2474,#2500));
#2373 = ORIENTED_EDGE('',*,*,#2374,.F.);
#2374 = EDGE_CURVE('',#2375,#2377,#2379,.T.);
#2375 = VERTEX_POINT('',#2376);
#2376 = CARTESIAN_POINT('',(7.,3.,2.4));
#2377 = VERTEX_POINT('',#2378);
#2378 = CARTESIAN_POINT('',(44.6,3.,2.4));
#2379 = SURFACE_CURVE('',#2380,(#2384,#2391),.PCURVE_S1.);
#2380 = LINE('',#2381,#2382);
#2381 = CARTESIAN_POINT('',(3.,3.,2.4));
#2382 = VECTOR('',#2383,1.);
#2383 = DIRECTION('',(1.,0.,0.));
#2384 = PCURVE('',#882,#2385);
#2385 = DEFINITIONAL_REPRESENTATION('',(#2386),#2390);
#2386 = LINE('',#2387,#2388);
#2387 = CARTESIAN_POINT('',(0.,0.));
#2388 = VECTOR('',#2389,1.);
#2389 = DIRECTION('',(1.,0.));
#2390 = ( GEOMETRIC_REPRESENTATION_CONTEXT(2) 
PARAMETRIC_REPRESENTATION_CONTEXT() REPRESENTATION_CONTEXT('2D SPACE',''
  ) );
#2391 = PCURVE('',#2392,#2397);
#2392 = PLANE('',#2393);
#2393 = AXIS2_PLACEMENT_3D('',#2394,#2395,#2396);
#2394 = CARTESIAN_POINT('',(46.1,2.4,2.4));
#2395 = DIRECTION('',(0.,0.,1.));
#2396 = DIRECTION('',(1.,0.,0.));
#2397 = DEFINITIONAL_REPRESENTATION('',(#2398),#2402);
#2398 = LINE('',#2399,#2400);
#2399 = CARTESIAN_POINT('',(-43.1,0.6));
#2400 = VECTOR('',#2401,1.);
#2401 = DIRECTION('',(1.,0.));
#2402 = ( GEOMETRIC_REPRESENTATION_CONTEXT(2) 
PARAMETRIC_REPRESENTATION_CONTEXT() REPRESENTATION_CONTEXT('2D SPACE',''
  ) );
#2403 = ORIENTED_EDGE('',*,*,#2404,.T.);
#2404 = EDGE_CURVE('',#2375,#834,#2405,.T.);
#2405 = SURFACE_CURVE('',#2406,(#2410,#2417),.PCURVE_S1.);
#2406 = LINE('',#2407,#2408);
#2407 = CARTESIAN_POINT('',(7.,3.,2.4));
#2408 = VECTOR('',#2409,1.);
#2409 = DIRECTION('',(0.,0.,1.));
#2410 = PCURVE('',#882,#2411);
#2411 = DEFINITIONAL_REPRESENTATION('',(#2412),#2416);
#2412 = LINE('',#2413,#2414);
#2413 = CARTESIAN_POINT('',(4.,0.));
#2414 = VECTOR('',#2415,1.);
#2415 = DIRECTION('',(0.,-1.));
#2416 = ( GEOMETRIC_REPRESENTATION_CONTEXT(2) 
PARAMETRIC_REPRESENTATION_CONTEXT() REPRESENTATION_CONTEXT('2D SPACE',''
  ) );
#2417 = PCURVE('',#850,#2418);
#2418 = DEFINITIONAL_REPRESENTATION('',(#2419),#2423);
#2419 = LINE('',#2420,#2421);
#2420 = CARTESIAN_POINT('',(-0.,0.));
#2421 = VECTOR('',#2422,1.);
#2422 = DIRECTION('',(-0.,1.));
#2423 = ( GEOMETRIC_REPRESENTATION_CONTEXT(2) 
PARAMETRIC_REPRESENTATION_CONTEXT() REPRESENTATION_CONTEXT('2D SPACE',''
  ) );
#2424 = ORIENTED_EDGE('',*,*,#867,.T.);
#2425 = ORIENTED_EDGE('',*,*,#2268,.F.);
#2426 = ORIENTED_EDGE('',*,*,#2427,.F.);
#2427 = EDGE_CURVE('',#2428,#2269,#2430,.T.);
#2428 = VERTEX_POINT('',#2429);
#2429 = CARTESIAN_POINT('',(46.1,3.,18.6));
#2430 = SURFACE_CURVE('',#2431,(#2435,#2441),.PCURVE_S1.);
#2431 = LINE('',#2432,#2433);
#2432 = CARTESIAN_POINT('',(24.55,3.,18.6));
#2433 = VECTOR('',#2434,1.);
#2434 = DIRECTION('',(1.,0.,0.));
#2435 = PCURVE('',#882,#2436);
#2436 = DEFINITIONAL_REPRESENTATION('',(#2437),#2440);
#2437 = B_SPLINE_CURVE_WITH_KNOTS('',1,(#2438,#2439),.UNSPECIFIED.,.F.,
  .F.,(2,2),(21.55,90.45),.PIECEWISE_BEZIER_KNOTS.);
#2438 = CARTESIAN_POINT('',(43.1,-16.2));
#2439 = CARTESIAN_POINT('',(112.,-16.2));
#2440 = ( GEOMETRIC_REPRESENTATION_CONTEXT(2) 
PARAMETRIC_REPRESENTATION_CONTEXT() REPRESENTATION_CONTEXT('2D SPACE',''
  ) );
#2441 = PCURVE('',#2308,#2442);
#2442 = DEFINITIONAL_REPRESENTATION('',(#2443),#2446);
#2443 = B_SPLINE_CURVE_WITH_KNOTS('',1,(#2444,#2445),.UNSPECIFIED.,.F.,
  .F.,(2,2),(21.55,90.45),.PIECEWISE_BEZIER_KNOTS.);
#2444 = CARTESIAN_POINT('',(0.,0.6));
#2445 = CARTESIAN_POINT('',(68.9,0.6));
#2446 = ( GEOMETRIC_REPRESENTATION_CONTEXT(2) 
PARAMETRIC_REPRESENTATION_CONTEXT() REPRESENTATION_CONTEXT('2D SPACE',''
  ) );
#2447 = ORIENTED_EDGE('',*,*,#2448,.T.);
#2448 = EDGE_CURVE('',#2428,#2449,#2451,.T.);
#2449 = VERTEX_POINT('',#2450);
#2450 = CARTESIAN_POINT('',(46.1,3.,5.4));
#2451 = SURFACE_CURVE('',#2452,(#2456,#2462),.PCURVE_S1.);
#2452 = LINE('',#2453,#2454);
#2453 = CARTESIAN_POINT('',(46.1,3.,2.4));
#2454 = VECTOR('',#2455,1.);
#2455 = DIRECTION('',(0.,0.,-1.));
#2456 = PCURVE('',#882,#2457);
#2457 = DEFINITIONAL_REPRESENTATION('',(#2458),#2461);
#2458 = B_SPLINE_CURVE_WITH_KNOTS('',1,(#2459,#2460),.UNSPECIFIED.,.F.,
  .F.,(2,2),(-16.2,0.),.PIECEWISE_BEZIER_KNOTS.);
#2459 = CARTESIAN_POINT('',(43.1,-16.2));
#2460 = CARTESIAN_POINT('',(43.1,0.));
#2461 = ( GEOMETRIC_REPRESENTATION_CONTEXT(2) 
PARAMETRIC_REPRESENTATION_CONTEXT() REPRESENTATION_CONTEXT('2D SPACE',''
  ) );
#2462 = PCURVE('',#2463,#2468);
#2463 = PLANE('',#2464);
#2464 = AXIS2_PLACEMENT_3D('',#2465,#2466,#2467);
#2465 = CARTESIAN_POINT('',(46.1,2.4,2.4));
#2466 = DIRECTION('',(1.,0.,0.));
#2467 = DIRECTION('',(0.,0.,1.));
#2468 = DEFINITIONAL_REPRESENTATION('',(#2469),#2473);
#2469 = LINE('',#2470,#2471);
#2470 = CARTESIAN_POINT('',(0.,-0.6));
#2471 = VECTOR('',#2472,1.);
#2472 = DIRECTION('',(-1.,0.));
#2473 = ( GEOMETRIC_REPRESENTATION_CONTEXT(2) 
PARAMETRIC_REPRESENTATION_CONTEXT() REPRESENTATION_CONTEXT('2D SPACE',''
  ) );
#2474 = ORIENTED_EDGE('',*,*,#2475,.F.);
#2475 = EDGE_CURVE('',#2476,#2449,#2478,.T.);
#2476 = VERTEX_POINT('',#2477);
#2477 = CARTESIAN_POINT('',(44.6,3.,5.4));
#2478 = SURFACE_CURVE('',#2479,(#2483,#2489),.PCURVE_S1.);
#2479 = LINE('',#2480,#2481);
#2480 = CARTESIAN_POINT('',(23.8,3.,5.4));
#2481 = VECTOR('',#2482,1.);
#2482 = DIRECTION('',(1.,0.,0.));
#2483 = PCURVE('',#882,#2484);
#2484 = DEFINITIONAL_REPRESENTATION('',(#2485),#2488);
#2485 = B_SPLINE_CURVE_WITH_KNOTS('',1,(#2486,#2487),.UNSPECIFIED.,.F.,
  .F.,(2,2),(20.8,22.3),.PIECEWISE_BEZIER_KNOTS.);
#2486 = CARTESIAN_POINT('',(41.6,-3.));
#2487 = CARTESIAN_POINT('',(43.1,-3.));
#2488 = ( GEOMETRIC_REPRESENTATION_CONTEXT(2) 
PARAMETRIC_REPRESENTATION_CONTEXT() REPRESENTATION_CONTEXT('2D SPACE',''
  ) );
#2489 = PCURVE('',#2490,#2495);
#2490 = PLANE('',#2491);
#2491 = AXIS2_PLACEMENT_3D('',#2492,#2493,#2494);
#2492 = CARTESIAN_POINT('',(44.6,2.4,5.4));
#2493 = DIRECTION('',(0.,0.,1.));
#2494 = DIRECTION('',(1.,0.,0.));
#2495 = DEFINITIONAL_REPRESENTATION('',(#2496),#2499);
#2496 = B_SPLINE_CURVE_WITH_KNOTS('',1,(#2497,#2498),.UNSPECIFIED.,.F.,
  .F.,(2,2),(20.8,22.3),.PIECEWISE_BEZIER_KNOTS.);
#2497 = CARTESIAN_POINT('',(0.,0.6));
#2498 = CARTESIAN_POINT('',(1.5,0.6));
#2499 = ( GEOMETRIC_REPRESENTATION_CONTEXT(2) 
PARAMETRIC_REPRESENTATION_CONTEXT() REPRESENTATION_CONTEXT('2D SPACE',''
  ) );
#2500 = ORIENTED_EDGE('',*,*,#2501,.T.);
#2501 = EDGE_CURVE('',#2476,#2377,#2502,.T.);
#2502 = SURFACE_CURVE('',#2503,(#2507,#2513),.PCURVE_S1.);
#2503 = LINE('',#2504,#2505);
#2504 = CARTESIAN_POINT('',(44.6,3.,2.4));
#2505 = VECTOR('',#2506,1.);
#2506 = DIRECTION('',(0.,0.,-1.));
#2507 = PCURVE('',#882,#2508);
#2508 = DEFINITIONAL_REPRESENTATION('',(#2509),#2512);
#2509 = B_SPLINE_CURVE_WITH_KNOTS('',1,(#2510,#2511),.UNSPECIFIED.,.F.,
  .F.,(2,2),(-3.,0.),.PIECEWISE_BEZIER_KNOTS.);
#2510 = CARTESIAN_POINT('',(41.6,-3.));
#2511 = CARTESIAN_POINT('',(41.6,0.));
#2512 = ( GEOMETRIC_REPRESENTATION_CONTEXT(2) 
PARAMETRIC_REPRESENTATION_CONTEXT() REPRESENTATION_CONTEXT('2D SPACE',''
  ) );
#2513 = PCURVE('',#2514,#2519);
#2514 = PLANE('',#2515);
#2515 = AXIS2_PLACEMENT_3D('',#2516,#2517,#2518);
#2516 = CARTESIAN_POINT('',(44.6,2.4,2.4));
#2517 = DIRECTION('',(1.,0.,0.));
#2518 = DIRECTION('',(0.,0.,1.));
#2519 = DEFINITIONAL_REPRESENTATION('',(#2520),#2523);
#2520 = B_SPLINE_CURVE_WITH_KNOTS('',1,(#2521,#2522),.UNSPECIFIED.,.F.,
  .F.,(2,2),(-3.,0.),.PIECEWISE_BEZIER_KNOTS.);
#2521 = CARTESIAN_POINT('',(3.,-0.6));
#2522 = CARTESIAN_POINT('',(0.,-0.6));#2523 = ( GEOMETRIC_REPRESENTATION_CONTEXT(2) 
PARAMETRIC_REPRESENTATION_CONTEXT() REPRESENTATION_CONTEXT('2D SPACE',''
  ) );
#2524 = ADVANCED_FACE('',(#2525),#850,.F.);
#2525 = FACE_BOUND('',#2526,.T.);
#2526 = EDGE_LOOP('',(#2527,#2528,#2556,#2577));
#2527 = ORIENTED_EDGE('',*,*,#2404,.F.);
#2528 = ORIENTED_EDGE('',*,*,#2529,.T.);
#2529 = EDGE_CURVE('',#2375,#2530,#2532,.T.);
#2530 = VERTEX_POINT('',#2531);
#2531 = CARTESIAN_POINT('',(3.,7.,2.4));
#2532 = SURFACE_CURVE('',#2533,(#2538,#2545),.PCURVE_S1.);
#2533 = CIRCLE('',#2534,4.);
#2534 = AXIS2_PLACEMENT_3D('',#2535,#2536,#2537);
#2535 = CARTESIAN_POINT('',(7.,7.,2.4));
#2536 = DIRECTION('',(-0.,-0.,-1.));
#2537 = DIRECTION('',(0.,-1.,0.));
#2538 = PCURVE('',#850,#2539);
#2539 = DEFINITIONAL_REPRESENTATION('',(#2540),#2544);
#2540 = LINE('',#2541,#2542);
#2541 = CARTESIAN_POINT('',(-0.,4.440892098501E-16));
#2542 = VECTOR('',#2543,1.);
#2543 = DIRECTION('',(-1.,0.));
#2544 = ( GEOMETRIC_REPRESENTATION_CONTEXT(2) 
PARAMETRIC_REPRESENTATION_CONTEXT() REPRESENTATION_CONTEXT('2D SPACE',''
  ) );
#2545 = PCURVE('',#2392,#2546);
#2546 = DEFINITIONAL_REPRESENTATION('',(#2547),#2555);
#2547 = ( BOUNDED_CURVE() B_SPLINE_CURVE(2,(#2548,#2549,#2550,#2551,
#2552,#2553,#2554),.UNSPECIFIED.,.T.,.F.) B_SPLINE_CURVE_WITH_KNOTS((1,2
    ,2,2,2,1),(-2.094395102393,0.,2.094395102393,4.188790204786,
6.28318530718,8.377580409573),.UNSPECIFIED.) CURVE() 
GEOMETRIC_REPRESENTATION_ITEM() RATIONAL_B_SPLINE_CURVE((1.,0.5,1.,0.5,
1.,0.5,1.)) REPRESENTATION_ITEM('') );
#2548 = CARTESIAN_POINT('',(-39.1,0.6));
#2549 = CARTESIAN_POINT('',(-46.02820323027,0.6));
#2550 = CARTESIAN_POINT('',(-42.56410161513,6.6));
#2551 = CARTESIAN_POINT('',(-39.1,12.6));
#2552 = CARTESIAN_POINT('',(-35.63589838486,6.6));
#2553 = CARTESIAN_POINT('',(-32.17179676972,0.6));
#2554 = CARTESIAN_POINT('',(-39.1,0.6));
#2555 = ( GEOMETRIC_REPRESENTATION_CONTEXT(2) 
PARAMETRIC_REPRESENTATION_CONTEXT() REPRESENTATION_CONTEXT('2D SPACE',''
  ) );
#2556 = ORIENTED_EDGE('',*,*,#2557,.T.);
#2557 = EDGE_CURVE('',#2530,#808,#2558,.T.);
#2558 = SURFACE_CURVE('',#2559,(#2563,#2570),.PCURVE_S1.);
#2559 = LINE('',#2560,#2561);
#2560 = CARTESIAN_POINT('',(3.,7.,2.4));
#2561 = VECTOR('',#2562,1.);
#2562 = DIRECTION('',(0.,0.,1.));
#2563 = PCURVE('',#850,#2564);
#2564 = DEFINITIONAL_REPRESENTATION('',(#2565),#2569);
#2565 = LINE('',#2566,#2567);
#2566 = CARTESIAN_POINT('',(-1.570796326795,0.));
#2567 = VECTOR('',#2568,1.);
#2568 = DIRECTION('',(-0.,1.));
#2569 = ( GEOMETRIC_REPRESENTATION_CONTEXT(2) 
PARAMETRIC_REPRESENTATION_CONTEXT() REPRESENTATION_CONTEXT('2D SPACE',''
  ) );
#2570 = PCURVE('',#822,#2571);
#2571 = DEFINITIONAL_REPRESENTATION('',(#2572),#2576);
#2572 = LINE('',#2573,#2574);
#2573 = CARTESIAN_POINT('',(102.,0.));
#2574 = VECTOR('',#2575,1.);
#2575 = DIRECTION('',(0.,-1.));
#2576 = ( GEOMETRIC_REPRESENTATION_CONTEXT(2) 
PARAMETRIC_REPRESENTATION_CONTEXT() REPRESENTATION_CONTEXT('2D SPACE',''
  ) );
#2577 = ORIENTED_EDGE('',*,*,#833,.F.);
#2578 = ADVANCED_FACE('',(#2579),#822,.T.);
#2579 = FACE_BOUND('',#2580,.T.);
#2580 = EDGE_LOOP('',(#2581,#2604,#2625,#2626));
#2581 = ORIENTED_EDGE('',*,*,#2582,.F.);
#2582 = EDGE_CURVE('',#2583,#2530,#2585,.T.);
#2583 = VERTEX_POINT('',#2584);
#2584 = CARTESIAN_POINT('',(3.,105.,2.4));
#2585 = SURFACE_CURVE('',#2586,(#2590,#2597),.PCURVE_S1.);
#2586 = LINE('',#2587,#2588);
#2587 = CARTESIAN_POINT('',(3.,109.,2.4));
#2588 = VECTOR('',#2589,1.);
#2589 = DIRECTION('',(0.,-1.,0.));
#2590 = PCURVE('',#822,#2591);
#2591 = DEFINITIONAL_REPRESENTATION('',(#2592),#2596);
#2592 = LINE('',#2593,#2594);
#2593 = CARTESIAN_POINT('',(0.,0.));
#2594 = VECTOR('',#2595,1.);
#2595 = DIRECTION('',(1.,0.));
#2596 = ( GEOMETRIC_REPRESENTATION_CONTEXT(2) 
PARAMETRIC_REPRESENTATION_CONTEXT() REPRESENTATION_CONTEXT('2D SPACE',''
  ) );
#2597 = PCURVE('',#2392,#2598);
#2598 = DEFINITIONAL_REPRESENTATION('',(#2599),#2603);
#2599 = LINE('',#2600,#2601);
#2600 = CARTESIAN_POINT('',(-43.1,106.6));
#2601 = VECTOR('',#2602,1.);
#2602 = DIRECTION('',(0.,-1.));
#2603 = ( GEOMETRIC_REPRESENTATION_CONTEXT(2) 
PARAMETRIC_REPRESENTATION_CONTEXT() REPRESENTATION_CONTEXT('2D SPACE',''
  ) );
#2604 = ORIENTED_EDGE('',*,*,#2605,.T.);
#2605 = EDGE_CURVE('',#2583,#774,#2606,.T.);
#2606 = SURFACE_CURVE('',#2607,(#2611,#2618),.PCURVE_S1.);
#2607 = LINE('',#2608,#2609);
#2608 = CARTESIAN_POINT('',(3.,105.,2.4));
#2609 = VECTOR('',#2610,1.);
#2610 = DIRECTION('',(0.,0.,1.));
#2611 = PCURVE('',#822,#2612);
#2612 = DEFINITIONAL_REPRESENTATION('',(#2613),#2617);
#2613 = LINE('',#2614,#2615);
#2614 = CARTESIAN_POINT('',(4.,0.));
#2615 = VECTOR('',#2616,1.);
#2616 = DIRECTION('',(0.,-1.));
#2617 = ( GEOMETRIC_REPRESENTATION_CONTEXT(2) 
PARAMETRIC_REPRESENTATION_CONTEXT() REPRESENTATION_CONTEXT('2D SPACE',''
  ) );
#2618 = PCURVE('',#790,#2619);
#2619 = DEFINITIONAL_REPRESENTATION('',(#2620),#2624);
#2620 = LINE('',#2621,#2622);
#2621 = CARTESIAN_POINT('',(1.570796326795,0.));
#2622 = VECTOR('',#2623,1.);
#2623 = DIRECTION('',(0.,1.));
#2624 = ( GEOMETRIC_REPRESENTATION_CONTEXT(2) 
PARAMETRIC_REPRESENTATION_CONTEXT() REPRESENTATION_CONTEXT('2D SPACE',''
  ) );
#2625 = ORIENTED_EDGE('',*,*,#807,.T.);
#2626 = ORIENTED_EDGE('',*,*,#2557,.F.);
#2627 = ADVANCED_FACE('',(#2628),#790,.F.);
#2628 = FACE_BOUND('',#2629,.F.);
#2629 = EDGE_LOOP('',(#2630,#2653,#2675,#2676));
#2630 = ORIENTED_EDGE('',*,*,#2631,.F.);
#2631 = EDGE_CURVE('',#2632,#748,#2634,.T.);
#2632 = VERTEX_POINT('',#2633);
#2633 = CARTESIAN_POINT('',(7.,109.,2.4));
#2634 = SURFACE_CURVE('',#2635,(#2639,#2646),.PCURVE_S1.);
#2635 = LINE('',#2636,#2637);
#2636 = CARTESIAN_POINT('',(7.,109.,2.4));
#2637 = VECTOR('',#2638,1.);
#2638 = DIRECTION('',(0.,0.,1.));
#2639 = PCURVE('',#790,#2640);
#2640 = DEFINITIONAL_REPRESENTATION('',(#2641),#2645);
#2641 = LINE('',#2642,#2643);
#2642 = CARTESIAN_POINT('',(0.,0.));
#2643 = VECTOR('',#2644,1.);
#2644 = DIRECTION('',(0.,1.));
#2645 = ( GEOMETRIC_REPRESENTATION_CONTEXT(2) 
PARAMETRIC_REPRESENTATION_CONTEXT() REPRESENTATION_CONTEXT('2D SPACE',''
  ) );
#2646 = PCURVE('',#762,#2647);
#2647 = DEFINITIONAL_REPRESENTATION('',(#2648),#2652);
#2648 = LINE('',#2649,#2650);
#2649 = CARTESIAN_POINT('',(112.,0.));
#2650 = VECTOR('',#2651,1.);
#2651 = DIRECTION('',(0.,-1.));
#2652 = ( GEOMETRIC_REPRESENTATION_CONTEXT(2) 
PARAMETRIC_REPRESENTATION_CONTEXT() REPRESENTATION_CONTEXT('2D SPACE',''
  ) );
#2653 = ORIENTED_EDGE('',*,*,#2654,.T.);
#2654 = EDGE_CURVE('',#2632,#2583,#2655,.T.);
#2655 = SURFACE_CURVE('',#2656,(#2661,#2668),.PCURVE_S1.);
#2656 = CIRCLE('',#2657,4.);
#2657 = AXIS2_PLACEMENT_3D('',#2658,#2659,#2660);
#2658 = CARTESIAN_POINT('',(7.,105.,2.4));
#2659 = DIRECTION('',(0.,0.,1.));
#2660 = DIRECTION('',(0.,-1.,0.));
#2661 = PCURVE('',#790,#2662);
#2662 = DEFINITIONAL_REPRESENTATION('',(#2663),#2667);
#2663 = LINE('',#2664,#2665);
#2664 = CARTESIAN_POINT('',(-3.14159265359,4.440892098501E-16));
#2665 = VECTOR('',#2666,1.);
#2666 = DIRECTION('',(1.,0.));
#2667 = ( GEOMETRIC_REPRESENTATION_CONTEXT(2) 
PARAMETRIC_REPRESENTATION_CONTEXT() REPRESENTATION_CONTEXT('2D SPACE',''
  ) );
#2668 = PCURVE('',#2392,#2669);
#2669 = DEFINITIONAL_REPRESENTATION('',(#2670),#2674);
#2670 = CIRCLE('',#2671,4.);
#2671 = AXIS2_PLACEMENT_2D('',#2672,#2673);
#2672 = CARTESIAN_POINT('',(-39.1,102.6));
#2673 = DIRECTION('',(0.,-1.));
#2674 = ( GEOMETRIC_REPRESENTATION_CONTEXT(2) 
PARAMETRIC_REPRESENTATION_CONTEXT() REPRESENTATION_CONTEXT('2D SPACE',''
  ) );
#2675 = ORIENTED_EDGE('',*,*,#2605,.T.);
#2676 = ORIENTED_EDGE('',*,*,#773,.T.);
#2677 = ADVANCED_FACE('',(#2678),#762,.T.);
#2678 = FACE_BOUND('',#2679,.T.);
#2679 = EDGE_LOOP('',(#2680,#2703,#2724,#2745,#2764,#2765));
#2680 = ORIENTED_EDGE('',*,*,#2681,.F.);
#2681 = EDGE_CURVE('',#2682,#2632,#2684,.T.);
#2682 = VERTEX_POINT('',#2683);
#2683 = CARTESIAN_POINT('',(43.6,109.,2.4));
#2684 = SURFACE_CURVE('',#2685,(#2689,#2696),.PCURVE_S1.);
#2685 = LINE('',#2686,#2687);
#2686 = CARTESIAN_POINT('',(119.,109.,2.4));
#2687 = VECTOR('',#2688,1.);
#2688 = DIRECTION('',(-1.,0.,0.));
#2689 = PCURVE('',#762,#2690);
#2690 = DEFINITIONAL_REPRESENTATION('',(#2691),#2695);
#2691 = LINE('',#2692,#2693);
#2692 = CARTESIAN_POINT('',(0.,-0.));
#2693 = VECTOR('',#2694,1.);
#2694 = DIRECTION('',(1.,0.));
#2695 = ( GEOMETRIC_REPRESENTATION_CONTEXT(2) 
PARAMETRIC_REPRESENTATION_CONTEXT() REPRESENTATION_CONTEXT('2D SPACE',''
  ) );
#2696 = PCURVE('',#2392,#2697);
#2697 = DEFINITIONAL_REPRESENTATION('',(#2698),#2702);
#2698 = LINE('',#2699,#2700);
#2699 = CARTESIAN_POINT('',(72.9,106.6));
#2700 = VECTOR('',#2701,1.);
#2701 = DIRECTION('',(-1.,0.));
#2702 = ( GEOMETRIC_REPRESENTATION_CONTEXT(2) 
PARAMETRIC_REPRESENTATION_CONTEXT() REPRESENTATION_CONTEXT('2D SPACE',''
  ) );
#2703 = ORIENTED_EDGE('',*,*,#2704,.T.);
#2704 = EDGE_CURVE('',#2682,#2705,#2707,.T.);
#2705 = VERTEX_POINT('',#2706);
#2706 = CARTESIAN_POINT('',(43.6,109.,20.9));
#2707 = SURFACE_CURVE('',#2708,(#2712,#2718),.PCURVE_S1.);
#2708 = LINE('',#2709,#2710);
#2709 = CARTESIAN_POINT('',(43.6,109.,2.2));
#2710 = VECTOR('',#2711,1.);
#2711 = DIRECTION('',(-0.,0.,1.));
#2712 = PCURVE('',#762,#2713);
#2713 = DEFINITIONAL_REPRESENTATION('',(#2714),#2717);
#2714 = B_SPLINE_CURVE_WITH_KNOTS('',1,(#2715,#2716),.UNSPECIFIED.,.F.,
  .F.,(2,2),(0.2,18.7),.PIECEWISE_BEZIER_KNOTS.);
#2715 = CARTESIAN_POINT('',(75.4,0.));
#2716 = CARTESIAN_POINT('',(75.4,-18.5));
#2717 = ( GEOMETRIC_REPRESENTATION_CONTEXT(2) 
PARAMETRIC_REPRESENTATION_CONTEXT() REPRESENTATION_CONTEXT('2D SPACE',''
  ) );
#2718 = PCURVE('',#1446,#2719);
#2719 = DEFINITIONAL_REPRESENTATION('',(#2720),#2723);
#2720 = B_SPLINE_CURVE_WITH_KNOTS('',1,(#2721,#2722),.UNSPECIFIED.,.F.,
  .F.,(2,2),(0.2,18.7),.PIECEWISE_BEZIER_KNOTS.);
#2721 = CARTESIAN_POINT('',(0.4,-1.));
#2722 = CARTESIAN_POINT('',(18.9,-1.));
#2723 = ( GEOMETRIC_REPRESENTATION_CONTEXT(2) 
PARAMETRIC_REPRESENTATION_CONTEXT() REPRESENTATION_CONTEXT('2D SPACE',''
  ) );
#2724 = ORIENTED_EDGE('',*,*,#2725,.F.);
#2725 = EDGE_CURVE('',#2726,#2705,#2728,.T.);
#2726 = VERTEX_POINT('',#2727);
#2727 = CARTESIAN_POINT('',(80.5,109.,20.9));
#2728 = SURFACE_CURVE('',#2729,(#2733,#2739),.PCURVE_S1.);
#2729 = LINE('',#2730,#2731);
#2730 = CARTESIAN_POINT('',(81.3,109.,20.9));
#2731 = VECTOR('',#2732,1.);
#2732 = DIRECTION('',(-1.,0.,0.));
#2733 = PCURVE('',#762,#2734);
#2734 = DEFINITIONAL_REPRESENTATION('',(#2735),#2738);
#2735 = B_SPLINE_CURVE_WITH_KNOTS('',1,(#2736,#2737),.UNSPECIFIED.,.F.,
  .F.,(2,2),(-33.7,37.7),.PIECEWISE_BEZIER_KNOTS.);
#2736 = CARTESIAN_POINT('',(4.,-18.5));
#2737 = CARTESIAN_POINT('',(75.4,-18.5));
#2738 = ( GEOMETRIC_REPRESENTATION_CONTEXT(2) 
PARAMETRIC_REPRESENTATION_CONTEXT() REPRESENTATION_CONTEXT('2D SPACE',''
  ) );
#2739 = PCURVE('',#1472,#2740);
#2740 = DEFINITIONAL_REPRESENTATION('',(#2741),#2744);
#2741 = B_SPLINE_CURVE_WITH_KNOTS('',1,(#2742,#2743),.UNSPECIFIED.,.F.,
  .F.,(2,2),(-33.7,37.7),.PIECEWISE_BEZIER_KNOTS.);
#2742 = CARTESIAN_POINT('',(71.4,1.));
#2743 = CARTESIAN_POINT('',(0.,1.));
#2744 = ( GEOMETRIC_REPRESENTATION_CONTEXT(2) 
PARAMETRIC_REPRESENTATION_CONTEXT() REPRESENTATION_CONTEXT('2D SPACE',''
  ) );
#2745 = ORIENTED_EDGE('',*,*,#2746,.T.);
#2746 = EDGE_CURVE('',#2726,#722,#2747,.T.);
#2747 = SURFACE_CURVE('',#2748,(#2752,#2758),.PCURVE_S1.);
#2748 = LINE('',#2749,#2750);
#2749 = CARTESIAN_POINT('',(80.5,109.,10.));
#2750 = VECTOR('',#2751,1.);
#2751 = DIRECTION('',(-0.,0.,1.));
#2752 = PCURVE('',#762,#2753);
#2753 = DEFINITIONAL_REPRESENTATION('',(#2754),#2757);
#2754 = B_SPLINE_CURVE_WITH_KNOTS('',1,(#2755,#2756),.UNSPECIFIED.,.F.,
  .F.,(2,2),(7.6,25.278981304879),.PIECEWISE_BEZIER_KNOTS.);
#2755 = CARTESIAN_POINT('',(38.5,-15.2));
#2756 = CARTESIAN_POINT('',(38.5,-32.87898130487));
#2757 = ( GEOMETRIC_REPRESENTATION_CONTEXT(2) 
PARAMETRIC_REPRESENTATION_CONTEXT() REPRESENTATION_CONTEXT('2D SPACE',''
  ) );
#2758 = PCURVE('',#736,#2759);
#2759 = DEFINITIONAL_REPRESENTATION('',(#2760),#2763);
#2760 = B_SPLINE_CURVE_WITH_KNOTS('',1,(#2761,#2762),.UNSPECIFIED.,.F.,
  .F.,(2,2),(7.6,25.278981304879),.PIECEWISE_BEZIER_KNOTS.);
#2761 = CARTESIAN_POINT('',(0.,-2.));
#2762 = CARTESIAN_POINT('',(17.678981304879,-2.));
#2763 = ( GEOMETRIC_REPRESENTATION_CONTEXT(2) 
PARAMETRIC_REPRESENTATION_CONTEXT() REPRESENTATION_CONTEXT('2D SPACE',''
  ) );
#2764 = ORIENTED_EDGE('',*,*,#747,.T.);
#2765 = ORIENTED_EDGE('',*,*,#2631,.F.);
#2766 = ADVANCED_FACE('',(#2767),#736,.T.);
#2767 = FACE_BOUND('',#2768,.T.);
#2768 = EDGE_LOOP('',(#2769,#2770,#2771,#2772));
#2769 = ORIENTED_EDGE('',*,*,#1483,.T.);
#2770 = ORIENTED_EDGE('',*,*,#721,.T.);
#2771 = ORIENTED_EDGE('',*,*,#2746,.F.);
#2772 = ORIENTED_EDGE('',*,*,#2773,.T.);
#2773 = EDGE_CURVE('',#2726,#1458,#2774,.T.);
#2774 = SURFACE_CURVE('',#2775,(#2779,#2785),.PCURVE_S1.);
#2775 = LINE('',#2776,#2777);
#2776 = CARTESIAN_POINT('',(80.5,107.5,20.9));
#2777 = VECTOR('',#2778,1.);
#2778 = DIRECTION('',(0.,1.,0.));
#2779 = PCURVE('',#736,#2780);
#2780 = DEFINITIONAL_REPRESENTATION('',(#2781),#2784);
#2781 = B_SPLINE_CURVE_WITH_KNOTS('',1,(#2782,#2783),.UNSPECIFIED.,.F.,
  .F.,(2,2),(0.5,4.5),.PIECEWISE_BEZIER_KNOTS.);
#2782 = CARTESIAN_POINT('',(3.3,-1.));
#2783 = CARTESIAN_POINT('',(3.3,-5.));
#2784 = ( GEOMETRIC_REPRESENTATION_CONTEXT(2) 
PARAMETRIC_REPRESENTATION_CONTEXT() REPRESENTATION_CONTEXT('2D SPACE',''
  ) );
#2785 = PCURVE('',#1472,#2786);
#2786 = DEFINITIONAL_REPRESENTATION('',(#2787),#2790);
#2787 = B_SPLINE_CURVE_WITH_KNOTS('',1,(#2788,#2789),.UNSPECIFIED.,.F.,
  .F.,(2,2),(0.5,4.5),.PIECEWISE_BEZIER_KNOTS.);
#2788 = CARTESIAN_POINT('',(36.9,-1.745270594711E-13));
#2789 = CARTESIAN_POINT('',(36.9,4.));
#2790 = ( GEOMETRIC_REPRESENTATION_CONTEXT(2) 
PARAMETRIC_REPRESENTATION_CONTEXT() REPRESENTATION_CONTEXT('2D SPACE',''
  ) );
#2791 = ADVANCED_FACE('',(#2792),#1178,.F.);
#2792 = FACE_BOUND('',#2793,.F.);
#2793 = EDGE_LOOP('',(#2794,#2795,#2814,#2815,#2844,#2870,#2896,#2917));
#2794 = ORIENTED_EDGE('',*,*,#1162,.T.);
#2795 = ORIENTED_EDGE('',*,*,#2796,.F.);
#2796 = EDGE_CURVE('',#1977,#1137,#2797,.T.);
#2797 = SURFACE_CURVE('',#2798,(#2802,#2808),.PCURVE_S1.);
#2798 = LINE('',#2799,#2800);
#2799 = CARTESIAN_POINT('',(55.,47.246194139553,28.243023869228));
#2800 = VECTOR('',#2801,1.);
#2801 = DIRECTION('',(1.,-0.,0.));
#2802 = PCURVE('',#1178,#2803);
#2803 = DEFINITIONAL_REPRESENTATION('',(#2804),#2807);
#2804 = B_SPLINE_CURVE_WITH_KNOTS('',1,(#2805,#2806),.UNSPECIFIED.,.F.,
  .F.,(2,2),(55.,67.),.PIECEWISE_BEZIER_KNOTS.);
#2805 = CARTESIAN_POINT('',(65.172745675603,-110.));
#2806 = CARTESIAN_POINT('',(65.172745675603,-122.));
#2807 = ( GEOMETRIC_REPRESENTATION_CONTEXT(2) 
PARAMETRIC_REPRESENTATION_CONTEXT() REPRESENTATION_CONTEXT('2D SPACE',''
  ) );
#2808 = PCURVE('',#1151,#2809);
#2809 = DEFINITIONAL_REPRESENTATION('',(#2810),#2813);
#2810 = B_SPLINE_CURVE_WITH_KNOTS('',1,(#2811,#2812),.UNSPECIFIED.,.F.,
  .F.,(2,2),(55.,67.),.PIECEWISE_BEZIER_KNOTS.);
#2811 = CARTESIAN_POINT('',(9.752647774335,0.));
#2812 = CARTESIAN_POINT('',(9.752647774335,12.));
#2813 = ( GEOMETRIC_REPRESENTATION_CONTEXT(2) 
PARAMETRIC_REPRESENTATION_CONTEXT() REPRESENTATION_CONTEXT('2D SPACE',''
  ) );
#2814 = ORIENTED_EDGE('',*,*,#1997,.T.);
#2815 = ORIENTED_EDGE('',*,*,#2816,.F.);
#2816 = EDGE_CURVE('',#2817,#1998,#2819,.T.);
#2817 = VERTEX_POINT('',#2818);
#2818 = CARTESIAN_POINT('',(115.,109.,35.278981304879));
#2819 = SURFACE_CURVE('',#2820,(#2825,#2832),.PCURVE_S1.);
#2820 = ELLIPSE('',#2821,4.025878930796,4.);
#2821 = AXIS2_PLACEMENT_3D('',#2822,#2823,#2824);
#2822 = CARTESIAN_POINT('',(115.,105.,34.823238871673));
#2823 = DIRECTION('',(0.,0.113203213768,-0.993571855677));
#2824 = DIRECTION('',(0.,0.993571855677,0.113203213768));
#2825 = PCURVE('',#1178,#2826);
#2826 = DEFINITIONAL_REPRESENTATION('',(#2827),#2831);
#2827 = ELLIPSE('',#2828,4.025878930796,4.);
#2828 = AXIS2_PLACEMENT_2D('',#2829,#2830);
#2829 = CARTESIAN_POINT('',(7.045288128893,-115.));
#2830 = DIRECTION('',(-1.,0.));
#2831 = ( GEOMETRIC_REPRESENTATION_CONTEXT(2) 
PARAMETRIC_REPRESENTATION_CONTEXT() REPRESENTATION_CONTEXT('2D SPACE',''
  ) );
#2832 = PCURVE('',#2034,#2833);
#2833 = DEFINITIONAL_REPRESENTATION('',(#2834),#2843);
#2834 = B_SPLINE_CURVE_WITH_KNOTS('',7,(#2835,#2836,#2837,#2838,#2839,
    #2840,#2841,#2842),.UNSPECIFIED.,.F.,.F.,(8,8),(0.,1.570796326795),
  .PIECEWISE_BEZIER_KNOTS.);
#2835 = CARTESIAN_POINT('',(1.570796326795,32.878981304879));
#2836 = CARTESIAN_POINT('',(1.346396851538,32.878981304879));
#2837 = CARTESIAN_POINT('',(1.121997376282,32.85220704188));
#2838 = CARTESIAN_POINT('',(0.897597901026,32.79866239991));
#2839 = CARTESIAN_POINT('',(0.673198425769,32.721634783193));
#2840 = CARTESIAN_POINT('',(0.448798950513,32.627775182129));
#2841 = CARTESIAN_POINT('',(0.224399475256,32.525507234536));
#2842 = CARTESIAN_POINT('',(0.,32.423238871673));
#2843 = ( GEOMETRIC_REPRESENTATION_CONTEXT(2) 
PARAMETRIC_REPRESENTATION_CONTEXT() REPRESENTATION_CONTEXT('2D SPACE',''
  ) );
#2844 = ORIENTED_EDGE('',*,*,#2845,.T.);
#2845 = EDGE_CURVE('',#2817,#2846,#2848,.T.);
#2846 = VERTEX_POINT('',#2847);
#2847 = CARTESIAN_POINT('',(101.5,109.,35.278981304879));
#2848 = SURFACE_CURVE('',#2849,(#2853,#2859),.PCURVE_S1.);
#2849 = LINE('',#2850,#2851);
#2850 = CARTESIAN_POINT('',(59.5,109.,35.278981304879));
#2851 = VECTOR('',#2852,1.);
#2852 = DIRECTION('',(-1.,-0.,-0.));
#2853 = PCURVE('',#1178,#2854);
#2854 = DEFINITIONAL_REPRESENTATION('',(#2855),#2858);
#2855 = B_SPLINE_CURVE_WITH_KNOTS('',1,(#2856,#2857),.UNSPECIFIED.,.F.,
  .F.,(2,2),(-55.5,52.5),.PIECEWISE_BEZIER_KNOTS.);
#2856 = CARTESIAN_POINT('',(3.019409198097,-115.));
#2857 = CARTESIAN_POINT('',(3.019409198097,-7.));
#2858 = ( GEOMETRIC_REPRESENTATION_CONTEXT(2) 
PARAMETRIC_REPRESENTATION_CONTEXT() REPRESENTATION_CONTEXT('2D SPACE',''
  ) );
#2859 = PCURVE('',#2860,#2865);
#2860 = PLANE('',#2861);
#2861 = AXIS2_PLACEMENT_3D('',#2862,#2863,#2864);
#2862 = CARTESIAN_POINT('',(119.,109.,2.4));
#2863 = DIRECTION('',(0.,-1.,0.));
#2864 = DIRECTION('',(-1.,0.,0.));
#2865 = DEFINITIONAL_REPRESENTATION('',(#2866),#2869);
#2866 = B_SPLINE_CURVE_WITH_KNOTS('',1,(#2867,#2868),.UNSPECIFIED.,.F.,
  .F.,(2,2),(-55.5,52.5),.PIECEWISE_BEZIER_KNOTS.);
#2867 = CARTESIAN_POINT('',(4.,-32.87898130487));
#2868 = CARTESIAN_POINT('',(112.,-32.87898130487));
#2869 = ( GEOMETRIC_REPRESENTATION_CONTEXT(2) 
PARAMETRIC_REPRESENTATION_CONTEXT() REPRESENTATION_CONTEXT('2D SPACE',''
  ) );
#2870 = ORIENTED_EDGE('',*,*,#2871,.F.);
#2871 = EDGE_CURVE('',#2872,#2846,#2874,.T.);
#2872 = VERTEX_POINT('',#2873);
#2873 = CARTESIAN_POINT('',(101.5,112.,35.620788129784));
#2874 = SURFACE_CURVE('',#2875,(#2879,#2885),.PCURVE_S1.);
#2875 = LINE('',#2876,#2877);
#2876 = CARTESIAN_POINT('',(101.5,108.51858859654,35.224131403783));
#2877 = VECTOR('',#2878,1.);
#2878 = DIRECTION('',(0.,-0.993571855677,-0.113203213768));
#2879 = PCURVE('',#1178,#2880);
#2880 = DEFINITIONAL_REPRESENTATION('',(#2881),#2884);
#2881 = B_SPLINE_CURVE_WITH_KNOTS('',1,(#2882,#2883),.UNSPECIFIED.,.F.,
  .F.,(2,2),(-3.503935204653,1.528413458842),.PIECEWISE_BEZIER_KNOTS.);
#2882 = CARTESIAN_POINT('',(0.,-101.5));
#2883 = CARTESIAN_POINT('',(5.032348663495,-101.5));
#2884 = ( GEOMETRIC_REPRESENTATION_CONTEXT(2) 
PARAMETRIC_REPRESENTATION_CONTEXT() REPRESENTATION_CONTEXT('2D SPACE',''
  ) );
#2885 = PCURVE('',#2886,#2891);
#2886 = PLANE('',#2887);
#2887 = AXIS2_PLACEMENT_3D('',#2888,#2889,#2890);
#2888 = CARTESIAN_POINT('',(101.5,107.,17.6));
#2889 = DIRECTION('',(1.,0.,0.));
#2890 = DIRECTION('',(0.,0.,1.));
#2891 = DEFINITIONAL_REPRESENTATION('',(#2892),#2895);
#2892 = B_SPLINE_CURVE_WITH_KNOTS('',1,(#2893,#2894),.UNSPECIFIED.,.F.,
  .F.,(2,2),(-3.503935204653,1.528413458842),.PIECEWISE_BEZIER_KNOTS.);
#2893 = CARTESIAN_POINT('',(18.020788129784,-5.));
#2894 = CARTESIAN_POINT('',(17.451110088276,2.22044604925E-16));
#2895 = ( GEOMETRIC_REPRESENTATION_CONTEXT(2) 
PARAMETRIC_REPRESENTATION_CONTEXT() REPRESENTATION_CONTEXT('2D SPACE',''
  ) );
#2896 = ORIENTED_EDGE('',*,*,#2897,.T.);
#2897 = EDGE_CURVE('',#2872,#1351,#2898,.T.);
#2898 = SURFACE_CURVE('',#2899,(#2903,#2910),.PCURVE_S1.);
#2899 = LINE('',#2900,#2901);
#2900 = CARTESIAN_POINT('',(0.,112.,35.620788129784));
#2901 = VECTOR('',#2902,1.);
#2902 = DIRECTION('',(1.,0.,0.));
#2903 = PCURVE('',#1178,#2904);
#2904 = DEFINITIONAL_REPRESENTATION('',(#2905),#2909);
#2905 = LINE('',#2906,#2907);
#2906 = CARTESIAN_POINT('',(0.,0.));
#2907 = VECTOR('',#2908,1.);
#2908 = DIRECTION('',(0.,-1.));
#2909 = ( GEOMETRIC_REPRESENTATION_CONTEXT(2) 
PARAMETRIC_REPRESENTATION_CONTEXT() REPRESENTATION_CONTEXT('2D SPACE',''
  ) );
#2910 = PCURVE('',#1366,#2911);
#2911 = DEFINITIONAL_REPRESENTATION('',(#2912),#2916);
#2912 = LINE('',#2913,#2914);
#2913 = CARTESIAN_POINT('',(122.,-35.62078812978));
#2914 = VECTOR('',#2915,1.);
#2915 = DIRECTION('',(-1.,-0.));
#2916 = ( GEOMETRIC_REPRESENTATION_CONTEXT(2) 
PARAMETRIC_REPRESENTATION_CONTEXT() REPRESENTATION_CONTEXT('2D SPACE',''
  ) );
#2917 = ORIENTED_EDGE('',*,*,#1378,.T.);
#2918 = ADVANCED_FACE('',(#2919),#1151,.F.);
#2919 = FACE_BOUND('',#2920,.F.);
#2920 = EDGE_LOOP('',(#2921,#2942,#2943,#2944));
#2921 = ORIENTED_EDGE('',*,*,#2922,.F.);
#2922 = EDGE_CURVE('',#1956,#1111,#2923,.T.);
#2923 = SURFACE_CURVE('',#2924,(#2928,#2935),.PCURVE_S1.);
#2924 = LINE('',#2925,#2926);
#2925 = CARTESIAN_POINT('',(110.,47.246194139553,18.490376094893));
#2926 = VECTOR('',#2927,1.);
#2927 = DIRECTION('',(1.,0.,0.));
#2928 = PCURVE('',#1151,#2929);
#2929 = DEFINITIONAL_REPRESENTATION('',(#2930),#2934);
#2930 = LINE('',#2931,#2932);
#2931 = CARTESIAN_POINT('',(0.,0.));
#2932 = VECTOR('',#2933,1.);
#2933 = DIRECTION('',(0.,1.));
#2934 = ( GEOMETRIC_REPRESENTATION_CONTEXT(2) 
PARAMETRIC_REPRESENTATION_CONTEXT() REPRESENTATION_CONTEXT('2D SPACE',''
  ) );
#2935 = PCURVE('',#1125,#2936);
#2936 = DEFINITIONAL_REPRESENTATION('',(#2937),#2941);
#2937 = LINE('',#2938,#2939);
#2938 = CARTESIAN_POINT('',(0.,18.));
#2939 = VECTOR('',#2940,1.);
#2940 = DIRECTION('',(1.,0.));
#2941 = ( GEOMETRIC_REPRESENTATION_CONTEXT(2) 
PARAMETRIC_REPRESENTATION_CONTEXT() REPRESENTATION_CONTEXT('2D SPACE',''
  ) );
#2942 = ORIENTED_EDGE('',*,*,#1976,.F.);
#2943 = ORIENTED_EDGE('',*,*,#2796,.T.);
#2944 = ORIENTED_EDGE('',*,*,#1136,.T.);
#2945 = ADVANCED_FACE('',(#2946),#1125,.T.);
#2946 = FACE_BOUND('',#2947,.T.);
#2947 = EDGE_LOOP('',(#2948,#2949,#2950,#2951));
#2948 = ORIENTED_EDGE('',*,*,#2922,.F.);
#2949 = ORIENTED_EDGE('',*,*,#1955,.F.);
#2950 = ORIENTED_EDGE('',*,*,#1857,.T.);
#2951 = ORIENTED_EDGE('',*,*,#1110,.T.);
#2952 = ADVANCED_FACE('',(#2953),#1366,.F.);
#2953 = FACE_BOUND('',#2954,.F.);
#2954 = EDGE_LOOP('',(#2955,#2956,#2977,#2996));
#2955 = ORIENTED_EDGE('',*,*,#2897,.F.);
#2956 = ORIENTED_EDGE('',*,*,#2957,.F.);
#2957 = EDGE_CURVE('',#2958,#2872,#2960,.T.);
#2958 = VERTEX_POINT('',#2959);
#2959 = CARTESIAN_POINT('',(101.5,112.,20.9));
#2960 = SURFACE_CURVE('',#2961,(#2965,#2971),.PCURVE_S1.);
#2961 = LINE('',#2962,#2963);
#2962 = CARTESIAN_POINT('',(101.5,112.,8.8));
#2963 = VECTOR('',#2964,1.);
#2964 = DIRECTION('',(-0.,0.,1.));
#2965 = PCURVE('',#1366,#2966);
#2966 = DEFINITIONAL_REPRESENTATION('',(#2967),#2970);
#2967 = B_SPLINE_CURVE_WITH_KNOTS('',1,(#2968,#2969),.UNSPECIFIED.,.F.,
  .F.,(2,2),(8.8,26.820788129784),.PIECEWISE_BEZIER_KNOTS.);
#2968 = CARTESIAN_POINT('',(20.5,-17.6));
#2969 = CARTESIAN_POINT('',(20.5,-35.62078812978));
#2970 = ( GEOMETRIC_REPRESENTATION_CONTEXT(2) 
PARAMETRIC_REPRESENTATION_CONTEXT() REPRESENTATION_CONTEXT('2D SPACE',''
  ) );
#2971 = PCURVE('',#2886,#2972);
#2972 = DEFINITIONAL_REPRESENTATION('',(#2973),#2976);
#2973 = B_SPLINE_CURVE_WITH_KNOTS('',1,(#2974,#2975),.UNSPECIFIED.,.F.,
  .F.,(2,2),(8.8,26.820788129784),.PIECEWISE_BEZIER_KNOTS.);
#2974 = CARTESIAN_POINT('',(0.,-5.));
#2975 = CARTESIAN_POINT('',(18.020788129784,-5.));
#2976 = ( GEOMETRIC_REPRESENTATION_CONTEXT(2) 
PARAMETRIC_REPRESENTATION_CONTEXT() REPRESENTATION_CONTEXT('2D SPACE',''
  ) );
#2977 = ORIENTED_EDGE('',*,*,#2978,.F.);
#2978 = EDGE_CURVE('',#1322,#2958,#2979,.T.);
#2979 = SURFACE_CURVE('',#2980,(#2984,#2990),.PCURVE_S1.);
#2980 = LINE('',#2981,#2982);
#2981 = CARTESIAN_POINT('',(82.8,112.,20.9));
#2982 = VECTOR('',#2983,1.);
#2983 = DIRECTION('',(-1.,0.,0.));
#2984 = PCURVE('',#1366,#2985);
#2985 = DEFINITIONAL_REPRESENTATION('',(#2986),#2989);
#2986 = B_SPLINE_CURVE_WITH_KNOTS('',1,(#2987,#2988),.UNSPECIFIED.,.F.,
  .F.,(2,2),(-32.2,39.2),.PIECEWISE_BEZIER_KNOTS.);
#2987 = CARTESIAN_POINT('',(7.,-20.9));
#2988 = CARTESIAN_POINT('',(78.4,-20.9));
#2989 = ( GEOMETRIC_REPRESENTATION_CONTEXT(2) 
PARAMETRIC_REPRESENTATION_CONTEXT() REPRESENTATION_CONTEXT('2D SPACE',''
  ) );
#2990 = PCURVE('',#1338,#2991);
#2991 = DEFINITIONAL_REPRESENTATION('',(#2992),#2995);
#2992 = B_SPLINE_CURVE_WITH_KNOTS('',1,(#2993,#2994),.UNSPECIFIED.,.F.,
  .F.,(2,2),(-32.2,39.2),.PIECEWISE_BEZIER_KNOTS.);
#2993 = CARTESIAN_POINT('',(71.4,4.));
#2994 = CARTESIAN_POINT('',(0.,4.));
#2995 = ( GEOMETRIC_REPRESENTATION_CONTEXT(2) 
PARAMETRIC_REPRESENTATION_CONTEXT() REPRESENTATION_CONTEXT('2D SPACE',''
  ) );
#2996 = ORIENTED_EDGE('',*,*,#1350,.T.);
#2997 = ADVANCED_FACE('',(#2998),#1338,.F.);
#2998 = FACE_BOUND('',#2999,.F.);
#2999 = EDGE_LOOP('',(#3000,#3021,#3042,#3066,#3094,#3115,#3116));
#3000 = ORIENTED_EDGE('',*,*,#3001,.F.);
#3001 = EDGE_CURVE('',#3002,#2958,#3004,.T.);
#3002 = VERTEX_POINT('',#3003);
#3003 = CARTESIAN_POINT('',(101.5,109.,20.9));
#3004 = SURFACE_CURVE('',#3005,(#3009,#3015),.PCURVE_S1.);
#3005 = LINE('',#3006,#3007);
#3006 = CARTESIAN_POINT('',(101.5,107.5,20.9));
#3007 = VECTOR('',#3008,1.);
#3008 = DIRECTION('',(0.,1.,0.));
#3009 = PCURVE('',#1338,#3010);
#3010 = DEFINITIONAL_REPRESENTATION('',(#3011),#3014);
#3011 = B_SPLINE_CURVE_WITH_KNOTS('',1,(#3012,#3013),.UNSPECIFIED.,.F.,
  .F.,(2,2),(0.5,4.5),.PIECEWISE_BEZIER_KNOTS.);
#3012 = CARTESIAN_POINT('',(57.9,-1.745270594711E-13));
#3013 = CARTESIAN_POINT('',(57.9,4.));
#3014 = ( GEOMETRIC_REPRESENTATION_CONTEXT(2) 
PARAMETRIC_REPRESENTATION_CONTEXT() REPRESENTATION_CONTEXT('2D SPACE',''
  ) );
#3015 = PCURVE('',#2886,#3016);
#3016 = DEFINITIONAL_REPRESENTATION('',(#3017),#3020);
#3017 = B_SPLINE_CURVE_WITH_KNOTS('',1,(#3018,#3019),.UNSPECIFIED.,.F.,
  .F.,(2,2),(0.5,4.5),.PIECEWISE_BEZIER_KNOTS.);
#3018 = CARTESIAN_POINT('',(3.3,-1.));
#3019 = CARTESIAN_POINT('',(3.3,-5.));
#3020 = ( GEOMETRIC_REPRESENTATION_CONTEXT(2) 
PARAMETRIC_REPRESENTATION_CONTEXT() REPRESENTATION_CONTEXT('2D SPACE',''
  ) );
#3021 = ORIENTED_EDGE('',*,*,#3022,.F.);
#3022 = EDGE_CURVE('',#3023,#3002,#3025,.T.);
#3023 = VERTEX_POINT('',#3024);
#3024 = CARTESIAN_POINT('',(115.,109.,20.9));
#3025 = SURFACE_CURVE('',#3026,(#3030,#3036),.PCURVE_S1.);
#3026 = LINE('',#3027,#3028);
#3027 = CARTESIAN_POINT('',(81.3,109.,20.9));
#3028 = VECTOR('',#3029,1.);
#3029 = DIRECTION('',(-1.,0.,0.));
#3030 = PCURVE('',#1338,#3031);
#3031 = DEFINITIONAL_REPRESENTATION('',(#3032),#3035);
#3032 = B_SPLINE_CURVE_WITH_KNOTS('',1,(#3033,#3034),.UNSPECIFIED.,.F.,
  .F.,(2,2),(-33.7,37.7),.PIECEWISE_BEZIER_KNOTS.);
#3033 = CARTESIAN_POINT('',(71.4,1.));
#3034 = CARTESIAN_POINT('',(0.,1.));
#3035 = ( GEOMETRIC_REPRESENTATION_CONTEXT(2) 
PARAMETRIC_REPRESENTATION_CONTEXT() REPRESENTATION_CONTEXT('2D SPACE',''
  ) );
#3036 = PCURVE('',#2860,#3037);
#3037 = DEFINITIONAL_REPRESENTATION('',(#3038),#3041);
#3038 = B_SPLINE_CURVE_WITH_KNOTS('',1,(#3039,#3040),.UNSPECIFIED.,.F.,
  .F.,(2,2),(-33.7,37.7),.PIECEWISE_BEZIER_KNOTS.);
#3039 = CARTESIAN_POINT('',(4.,-18.5));
#3040 = CARTESIAN_POINT('',(75.4,-18.5));
#3041 = ( GEOMETRIC_REPRESENTATION_CONTEXT(2) 
PARAMETRIC_REPRESENTATION_CONTEXT() REPRESENTATION_CONTEXT('2D SPACE',''
  ) );
#3042 = ORIENTED_EDGE('',*,*,#3043,.F.);
#3043 = EDGE_CURVE('',#3044,#3023,#3046,.T.);
#3044 = VERTEX_POINT('',#3045);
#3045 = CARTESIAN_POINT('',(117.64575131106,108.,20.9));
#3046 = SURFACE_CURVE('',#3047,(#3052,#3059),.PCURVE_S1.);
#3047 = CIRCLE('',#3048,4.);
#3048 = AXIS2_PLACEMENT_3D('',#3049,#3050,#3051);
#3049 = CARTESIAN_POINT('',(115.,105.,20.9));
#3050 = DIRECTION('',(0.,0.,1.));
#3051 = DIRECTION('',(1.,0.,-0.));
#3052 = PCURVE('',#1338,#3053);
#3053 = DEFINITIONAL_REPRESENTATION('',(#3054),#3058);
#3054 = CIRCLE('',#3055,4.);
#3055 = AXIS2_PLACEMENT_2D('',#3056,#3057);
#3056 = CARTESIAN_POINT('',(71.4,-3.));
#3057 = DIRECTION('',(1.,0.));
#3058 = ( GEOMETRIC_REPRESENTATION_CONTEXT(2) 
PARAMETRIC_REPRESENTATION_CONTEXT() REPRESENTATION_CONTEXT('2D SPACE',''
  ) );
#3059 = PCURVE('',#2034,#3060);
#3060 = DEFINITIONAL_REPRESENTATION('',(#3061),#3065);
#3061 = LINE('',#3062,#3063);
#3062 = CARTESIAN_POINT('',(0.,18.5));
#3063 = VECTOR('',#3064,1.);
#3064 = DIRECTION('',(1.,0.));
#3065 = ( GEOMETRIC_REPRESENTATION_CONTEXT(2) 
PARAMETRIC_REPRESENTATION_CONTEXT() REPRESENTATION_CONTEXT('2D SPACE',''
  ) );
#3066 = ORIENTED_EDGE('',*,*,#3067,.T.);
#3067 = EDGE_CURVE('',#3044,#3068,#3070,.T.);
#3068 = VERTEX_POINT('',#3069);
#3069 = CARTESIAN_POINT('',(120.4,108.,20.9));
#3070 = SURFACE_CURVE('',#3071,(#3075,#3082),.PCURVE_S1.);
#3071 = LINE('',#3072,#3073);
#3072 = CARTESIAN_POINT('',(43.6,108.,20.9));
#3073 = VECTOR('',#3074,1.);
#3074 = DIRECTION('',(1.,0.,0.));
#3075 = PCURVE('',#1338,#3076);
#3076 = DEFINITIONAL_REPRESENTATION('',(#3077),#3081);
#3077 = LINE('',#3078,#3079);
#3078 = CARTESIAN_POINT('',(0.,0.));
#3079 = VECTOR('',#3080,1.);
#3080 = DIRECTION('',(1.,0.));
#3081 = ( GEOMETRIC_REPRESENTATION_CONTEXT(2) 
PARAMETRIC_REPRESENTATION_CONTEXT() REPRESENTATION_CONTEXT('2D SPACE',''
  ) );
#3082 = PCURVE('',#3083,#3088);
#3083 = PLANE('',#3084);
#3084 = AXIS2_PLACEMENT_3D('',#3085,#3086,#3087);
#3085 = CARTESIAN_POINT('',(43.6,108.,2.));
#3086 = DIRECTION('',(0.,1.,0.));
#3087 = DIRECTION('',(0.,0.,1.));
#3088 = DEFINITIONAL_REPRESENTATION('',(#3089),#3093);
#3089 = LINE('',#3090,#3091);
#3090 = CARTESIAN_POINT('',(18.9,0.));
#3091 = VECTOR('',#3092,1.);
#3092 = DIRECTION('',(0.,1.));
#3093 = ( GEOMETRIC_REPRESENTATION_CONTEXT(2) 
PARAMETRIC_REPRESENTATION_CONTEXT() REPRESENTATION_CONTEXT('2D SPACE',''
  ) );
#3094 = ORIENTED_EDGE('',*,*,#3095,.T.);
#3095 = EDGE_CURVE('',#3068,#1296,#3096,.T.);
#3096 = SURFACE_CURVE('',#3097,(#3101,#3108),.PCURVE_S1.);
#3097 = LINE('',#3098,#3099);
#3098 = CARTESIAN_POINT('',(120.4,108.,20.9));
#3099 = VECTOR('',#3100,1.);
#3100 = DIRECTION('',(0.,1.,0.));
#3101 = PCURVE('',#1338,#3102);
#3102 = DEFINITIONAL_REPRESENTATION('',(#3103),#3107);
#3103 = LINE('',#3104,#3105);
#3104 = CARTESIAN_POINT('',(76.8,0.));
#3105 = VECTOR('',#3106,1.);
#3106 = DIRECTION('',(0.,1.));
#3107 = ( GEOMETRIC_REPRESENTATION_CONTEXT(2) 
PARAMETRIC_REPRESENTATION_CONTEXT() REPRESENTATION_CONTEXT('2D SPACE',''
  ) );
#3108 = PCURVE('',#1310,#3109);
#3109 = DEFINITIONAL_REPRESENTATION('',(#3110),#3114);
#3110 = LINE('',#3111,#3112);
#3111 = CARTESIAN_POINT('',(18.9,0.));
#3112 = VECTOR('',#3113,1.);
#3113 = DIRECTION('',(0.,-1.));
#3114 = ( GEOMETRIC_REPRESENTATION_CONTEXT(2) 
PARAMETRIC_REPRESENTATION_CONTEXT() REPRESENTATION_CONTEXT('2D SPACE',''
  ) );
#3115 = ORIENTED_EDGE('',*,*,#1321,.T.);
#3116 = ORIENTED_EDGE('',*,*,#2978,.T.);
#3117 = ADVANCED_FACE('',(#3118),#1310,.F.);
#3118 = FACE_BOUND('',#3119,.F.);
#3119 = EDGE_LOOP('',(#3120,#3121,#3144,#3165));
#3120 = ORIENTED_EDGE('',*,*,#3095,.F.);
#3121 = ORIENTED_EDGE('',*,*,#3122,.F.);
#3122 = EDGE_CURVE('',#3123,#3068,#3125,.T.);
#3123 = VERTEX_POINT('',#3124);
#3124 = CARTESIAN_POINT('',(120.4,108.,2.));
#3125 = SURFACE_CURVE('',#3126,(#3130,#3137),.PCURVE_S1.);
#3126 = LINE('',#3127,#3128);
#3127 = CARTESIAN_POINT('',(120.4,108.,2.));
#3128 = VECTOR('',#3129,1.);
#3129 = DIRECTION('',(0.,0.,1.));
#3130 = PCURVE('',#1310,#3131);
#3131 = DEFINITIONAL_REPRESENTATION('',(#3132),#3136);
#3132 = LINE('',#3133,#3134);
#3133 = CARTESIAN_POINT('',(0.,0.));
#3134 = VECTOR('',#3135,1.);
#3135 = DIRECTION('',(1.,0.));
#3136 = ( GEOMETRIC_REPRESENTATION_CONTEXT(2) 
PARAMETRIC_REPRESENTATION_CONTEXT() REPRESENTATION_CONTEXT('2D SPACE',''
  ) );
#3137 = PCURVE('',#3083,#3138);
#3138 = DEFINITIONAL_REPRESENTATION('',(#3139),#3143);
#3139 = LINE('',#3140,#3141);
#3140 = CARTESIAN_POINT('',(0.,76.8));
#3141 = VECTOR('',#3142,1.);
#3142 = DIRECTION('',(1.,0.));
#3143 = ( GEOMETRIC_REPRESENTATION_CONTEXT(2) 
PARAMETRIC_REPRESENTATION_CONTEXT() REPRESENTATION_CONTEXT('2D SPACE',''
  ) );
#3144 = ORIENTED_EDGE('',*,*,#3145,.T.);
#3145 = EDGE_CURVE('',#3123,#1267,#3146,.T.);
#3146 = SURFACE_CURVE('',#3147,(#3151,#3158),.PCURVE_S1.);
#3147 = LINE('',#3148,#3149);
#3148 = CARTESIAN_POINT('',(120.4,108.,2.));
#3149 = VECTOR('',#3150,1.);
#3150 = DIRECTION('',(0.,1.,0.));
#3151 = PCURVE('',#1310,#3152);
#3152 = DEFINITIONAL_REPRESENTATION('',(#3153),#3157);
#3153 = LINE('',#3154,#3155);
#3154 = CARTESIAN_POINT('',(0.,0.));
#3155 = VECTOR('',#3156,1.);
#3156 = DIRECTION('',(0.,-1.));
#3157 = ( GEOMETRIC_REPRESENTATION_CONTEXT(2) 
PARAMETRIC_REPRESENTATION_CONTEXT() REPRESENTATION_CONTEXT('2D SPACE',''
  ) );
#3158 = PCURVE('',#1283,#3159);
#3159 = DEFINITIONAL_REPRESENTATION('',(#3160),#3164);
#3160 = LINE('',#3161,#3162);
#3161 = CARTESIAN_POINT('',(76.8,0.));
#3162 = VECTOR('',#3163,1.);
#3163 = DIRECTION('',(0.,1.));
#3164 = ( GEOMETRIC_REPRESENTATION_CONTEXT(2) 
PARAMETRIC_REPRESENTATION_CONTEXT() REPRESENTATION_CONTEXT('2D SPACE',''
  ) );
#3165 = ORIENTED_EDGE('',*,*,#1295,.T.);
#3166 = ADVANCED_FACE('',(#3167),#1283,.T.);
#3167 = FACE_BOUND('',#3168,.T.);
#3168 = EDGE_LOOP('',(#3169,#3192,#3213,#3214,#3215));
#3169 = ORIENTED_EDGE('',*,*,#3170,.F.);
#3170 = EDGE_CURVE('',#3171,#1411,#3173,.T.);
#3171 = VERTEX_POINT('',#3172);
#3172 = CARTESIAN_POINT('',(43.6,108.,2.));
#3173 = SURFACE_CURVE('',#3174,(#3178,#3185),.PCURVE_S1.);
#3174 = LINE('',#3175,#3176);
#3175 = CARTESIAN_POINT('',(43.6,108.,2.));
#3176 = VECTOR('',#3177,1.);
#3177 = DIRECTION('',(0.,1.,0.));
#3178 = PCURVE('',#1283,#3179);
#3179 = DEFINITIONAL_REPRESENTATION('',(#3180),#3184);
#3180 = LINE('',#3181,#3182);
#3181 = CARTESIAN_POINT('',(0.,0.));
#3182 = VECTOR('',#3183,1.);
#3183 = DIRECTION('',(0.,1.));
#3184 = ( GEOMETRIC_REPRESENTATION_CONTEXT(2) 
PARAMETRIC_REPRESENTATION_CONTEXT() REPRESENTATION_CONTEXT('2D SPACE',''
  ) );
#3185 = PCURVE('',#1446,#3186);
#3186 = DEFINITIONAL_REPRESENTATION('',(#3187),#3191);
#3187 = LINE('',#3188,#3189);
#3188 = CARTESIAN_POINT('',(0.,0.));
#3189 = VECTOR('',#3190,1.);
#3190 = DIRECTION('',(0.,-1.));
#3191 = ( GEOMETRIC_REPRESENTATION_CONTEXT(2) 
PARAMETRIC_REPRESENTATION_CONTEXT() REPRESENTATION_CONTEXT('2D SPACE',''
  ) );
#3192 = ORIENTED_EDGE('',*,*,#3193,.T.);
#3193 = EDGE_CURVE('',#3171,#3123,#3194,.T.);
#3194 = SURFACE_CURVE('',#3195,(#3199,#3206),.PCURVE_S1.);
#3195 = LINE('',#3196,#3197);
#3196 = CARTESIAN_POINT('',(43.6,108.,2.));
#3197 = VECTOR('',#3198,1.);
#3198 = DIRECTION('',(1.,0.,0.));
#3199 = PCURVE('',#1283,#3200);
#3200 = DEFINITIONAL_REPRESENTATION('',(#3201),#3205);
#3201 = LINE('',#3202,#3203);
#3202 = CARTESIAN_POINT('',(0.,0.));
#3203 = VECTOR('',#3204,1.);
#3204 = DIRECTION('',(1.,0.));
#3205 = ( GEOMETRIC_REPRESENTATION_CONTEXT(2) 
PARAMETRIC_REPRESENTATION_CONTEXT() REPRESENTATION_CONTEXT('2D SPACE',''
  ) );
#3206 = PCURVE('',#3083,#3207);
#3207 = DEFINITIONAL_REPRESENTATION('',(#3208),#3212);
#3208 = LINE('',#3209,#3210);
#3209 = CARTESIAN_POINT('',(0.,0.));
#3210 = VECTOR('',#3211,1.);
#3211 = DIRECTION('',(0.,1.));
#3212 = ( GEOMETRIC_REPRESENTATION_CONTEXT(2) 
PARAMETRIC_REPRESENTATION_CONTEXT() REPRESENTATION_CONTEXT('2D SPACE',''
  ) );
#3213 = ORIENTED_EDGE('',*,*,#3145,.T.);
#3214 = ORIENTED_EDGE('',*,*,#1266,.T.);
#3215 = ORIENTED_EDGE('',*,*,#1410,.T.);
#3216 = ADVANCED_FACE('',(#3217),#1472,.F.);
#3217 = FACE_BOUND('',#3218,.F.);
#3218 = EDGE_LOOP('',(#3219,#3240,#3241,#3242));
#3219 = ORIENTED_EDGE('',*,*,#3220,.F.);
#3220 = EDGE_CURVE('',#2705,#1432,#3221,.T.);
#3221 = SURFACE_CURVE('',#3222,(#3226,#3233),.PCURVE_S1.);
#3222 = LINE('',#3223,#3224);
#3223 = CARTESIAN_POINT('',(43.6,108.,20.9));
#3224 = VECTOR('',#3225,1.);
#3225 = DIRECTION('',(0.,1.,0.));
#3226 = PCURVE('',#1472,#3227);
#3227 = DEFINITIONAL_REPRESENTATION('',(#3228),#3232);
#3228 = LINE('',#3229,#3230);
#3229 = CARTESIAN_POINT('',(0.,0.));
#3230 = VECTOR('',#3231,1.);
#3231 = DIRECTION('',(0.,1.));
#3232 = ( GEOMETRIC_REPRESENTATION_CONTEXT(2) 
PARAMETRIC_REPRESENTATION_CONTEXT() REPRESENTATION_CONTEXT('2D SPACE',''
  ) );
#3233 = PCURVE('',#1446,#3234);
#3234 = DEFINITIONAL_REPRESENTATION('',(#3235),#3239);
#3235 = LINE('',#3236,#3237);
#3236 = CARTESIAN_POINT('',(18.9,0.));
#3237 = VECTOR('',#3238,1.);
#3238 = DIRECTION('',(0.,-1.));
#3239 = ( GEOMETRIC_REPRESENTATION_CONTEXT(2) 
PARAMETRIC_REPRESENTATION_CONTEXT() REPRESENTATION_CONTEXT('2D SPACE',''
  ) );
#3240 = ORIENTED_EDGE('',*,*,#2725,.F.);
#3241 = ORIENTED_EDGE('',*,*,#2773,.T.);
#3242 = ORIENTED_EDGE('',*,*,#1457,.T.);
#3243 = ADVANCED_FACE('',(#3244),#1446,.T.);
#3244 = FACE_BOUND('',#3245,.T.);
#3245 = EDGE_LOOP('',(#3246,#3269,#3270,#3271,#3272,#3273));
#3246 = ORIENTED_EDGE('',*,*,#3247,.F.);
#3247 = EDGE_CURVE('',#3171,#3248,#3250,.T.);
#3248 = VERTEX_POINT('',#3249);
#3249 = CARTESIAN_POINT('',(43.6,108.,2.4));
#3250 = SURFACE_CURVE('',#3251,(#3255,#3262),.PCURVE_S1.);
#3251 = LINE('',#3252,#3253);
#3252 = CARTESIAN_POINT('',(43.6,108.,2.));
#3253 = VECTOR('',#3254,1.);
#3254 = DIRECTION('',(0.,0.,1.));
#3255 = PCURVE('',#1446,#3256);
#3256 = DEFINITIONAL_REPRESENTATION('',(#3257),#3261);
#3257 = LINE('',#3258,#3259);
#3258 = CARTESIAN_POINT('',(0.,0.));
#3259 = VECTOR('',#3260,1.);
#3260 = DIRECTION('',(1.,0.));
#3261 = ( GEOMETRIC_REPRESENTATION_CONTEXT(2) 
PARAMETRIC_REPRESENTATION_CONTEXT() REPRESENTATION_CONTEXT('2D SPACE',''
  ) );
#3262 = PCURVE('',#3083,#3263);
#3263 = DEFINITIONAL_REPRESENTATION('',(#3264),#3268);
#3264 = LINE('',#3265,#3266);
#3265 = CARTESIAN_POINT('',(0.,0.));
#3266 = VECTOR('',#3267,1.);
#3267 = DIRECTION('',(1.,0.));
#3268 = ( GEOMETRIC_REPRESENTATION_CONTEXT(2) 
PARAMETRIC_REPRESENTATION_CONTEXT() REPRESENTATION_CONTEXT('2D SPACE',''
  ) );
#3269 = ORIENTED_EDGE('',*,*,#3170,.T.);
#3270 = ORIENTED_EDGE('',*,*,#1431,.T.);
#3271 = ORIENTED_EDGE('',*,*,#3220,.F.);
#3272 = ORIENTED_EDGE('',*,*,#2704,.F.);
#3273 = ORIENTED_EDGE('',*,*,#3274,.F.);
#3274 = EDGE_CURVE('',#3248,#2682,#3275,.T.);
#3275 = SURFACE_CURVE('',#3276,(#3280,#3286),.PCURVE_S1.);
#3276 = LINE('',#3277,#3278);
#3277 = CARTESIAN_POINT('',(43.6,55.2,2.4));
#3278 = VECTOR('',#3279,1.);
#3279 = DIRECTION('',(0.,1.,0.));
#3280 = PCURVE('',#1446,#3281);
#3281 = DEFINITIONAL_REPRESENTATION('',(#3282),#3285);
#3282 = B_SPLINE_CURVE_WITH_KNOTS('',1,(#3283,#3284),.UNSPECIFIED.,.F.,
  .F.,(2,2),(52.8,56.8),.PIECEWISE_BEZIER_KNOTS.);
#3283 = CARTESIAN_POINT('',(0.4,0.));
#3284 = CARTESIAN_POINT('',(0.4,-4.));
#3285 = ( GEOMETRIC_REPRESENTATION_CONTEXT(2) 
PARAMETRIC_REPRESENTATION_CONTEXT() REPRESENTATION_CONTEXT('2D SPACE',''
  ) );
#3286 = PCURVE('',#2392,#3287);
#3287 = DEFINITIONAL_REPRESENTATION('',(#3288),#3291);
#3288 = B_SPLINE_CURVE_WITH_KNOTS('',1,(#3289,#3290),.UNSPECIFIED.,.F.,
  .F.,(2,2),(52.8,56.8),.PIECEWISE_BEZIER_KNOTS.);
#3289 = CARTESIAN_POINT('',(-2.5,105.6));
#3290 = CARTESIAN_POINT('',(-2.5,109.6));
#3291 = ( GEOMETRIC_REPRESENTATION_CONTEXT(2) 
PARAMETRIC_REPRESENTATION_CONTEXT() REPRESENTATION_CONTEXT('2D SPACE',''
  ) );
#3292 = ADVANCED_FACE('',(#3293),#1546,.F.);
#3293 = FACE_BOUND('',#3294,.F.);
#3294 = EDGE_LOOP('',(#3295));
#3295 = ORIENTED_EDGE('',*,*,#1531,.T.);
#3296 = ADVANCED_FACE('',(#3297),#1601,.F.);
#3297 = FACE_BOUND('',#3298,.F.);
#3298 = EDGE_LOOP('',(#3299));
#3299 = ORIENTED_EDGE('',*,*,#1586,.T.);
#3300 = ADVANCED_FACE('',(#3301),#1656,.F.);
#3301 = FACE_BOUND('',#3302,.F.);
#3302 = EDGE_LOOP('',(#3303));
#3303 = ORIENTED_EDGE('',*,*,#1641,.T.);
#3304 = ADVANCED_FACE('',(#3305),#1711,.F.);
#3305 = FACE_BOUND('',#3306,.F.);
#3306 = EDGE_LOOP('',(#3307));
#3307 = ORIENTED_EDGE('',*,*,#1696,.T.);
#3308 = ADVANCED_FACE('',(#3309),#1921,.T.);
#3309 = FACE_BOUND('',#3310,.T.);
#3310 = EDGE_LOOP('',(#3311,#3334,#3335,#3336));
#3311 = ORIENTED_EDGE('',*,*,#3312,.F.);
#3312 = EDGE_CURVE('',#2321,#3313,#3315,.T.);
#3313 = VERTEX_POINT('',#3314);
#3314 = CARTESIAN_POINT('',(117.9,107.75499546279,5.4));
#3315 = SURFACE_CURVE('',#3316,(#3320,#3327),.PCURVE_S1.);
#3316 = LINE('',#3317,#3318);
#3317 = CARTESIAN_POINT('',(117.9,2.4,5.4));
#3318 = VECTOR('',#3319,1.);
#3319 = DIRECTION('',(0.,1.,0.));
#3320 = PCURVE('',#1921,#3321);
#3321 = DEFINITIONAL_REPRESENTATION('',(#3322),#3326);
#3322 = LINE('',#3323,#3324);
#3323 = CARTESIAN_POINT('',(0.,0.));
#3324 = VECTOR('',#3325,1.);
#3325 = DIRECTION('',(0.,1.));
#3326 = ( GEOMETRIC_REPRESENTATION_CONTEXT(2) 
PARAMETRIC_REPRESENTATION_CONTEXT() REPRESENTATION_CONTEXT('2D SPACE',''
  ) );
#3327 = PCURVE('',#2335,#3328);
#3328 = DEFINITIONAL_REPRESENTATION('',(#3329),#3333);
#3329 = LINE('',#3330,#3331);
#3330 = CARTESIAN_POINT('',(3.,0.));
#3331 = VECTOR('',#3332,1.);
#3332 = DIRECTION('',(0.,-1.));
#3333 = ( GEOMETRIC_REPRESENTATION_CONTEXT(2) 
PARAMETRIC_REPRESENTATION_CONTEXT() REPRESENTATION_CONTEXT('2D SPACE',''
  ) );
#3334 = ORIENTED_EDGE('',*,*,#2347,.T.);
#3335 = ORIENTED_EDGE('',*,*,#1904,.T.);
#3336 = ORIENTED_EDGE('',*,*,#3337,.T.);
#3337 = EDGE_CURVE('',#1907,#3313,#3338,.T.);
#3338 = SURFACE_CURVE('',#3339,(#3344,#3351),.PCURVE_S1.);
#3339 = CIRCLE('',#3340,4.);
#3340 = AXIS2_PLACEMENT_3D('',#3341,#3342,#3343);
#3341 = CARTESIAN_POINT('',(115.,105.,5.4));
#3342 = DIRECTION('',(0.,0.,1.));
#3343 = DIRECTION('',(1.,0.,-0.));
#3344 = PCURVE('',#1921,#3345);
#3345 = DEFINITIONAL_REPRESENTATION('',(#3346),#3350);
#3346 = CIRCLE('',#3347,4.);
#3347 = AXIS2_PLACEMENT_2D('',#3348,#3349);
#3348 = CARTESIAN_POINT('',(-2.9,102.6));
#3349 = DIRECTION('',(1.,0.));
#3350 = ( GEOMETRIC_REPRESENTATION_CONTEXT(2) 
PARAMETRIC_REPRESENTATION_CONTEXT() REPRESENTATION_CONTEXT('2D SPACE',''
  ) );
#3351 = PCURVE('',#2034,#3352);
#3352 = DEFINITIONAL_REPRESENTATION('',(#3353),#3357);
#3353 = LINE('',#3354,#3355);
#3354 = CARTESIAN_POINT('',(0.,3.));
#3355 = VECTOR('',#3356,1.);
#3356 = DIRECTION('',(1.,0.));
#3357 = ( GEOMETRIC_REPRESENTATION_CONTEXT(2) 
PARAMETRIC_REPRESENTATION_CONTEXT() REPRESENTATION_CONTEXT('2D SPACE',''
  ) );#3358 = ADVANCED_FACE('',(#3359),#2034,.F.);
#3359 = FACE_BOUND('',#3360,.F.);
#3360 = EDGE_LOOP('',(#3361,#3362,#3363,#3385,#3414,#3433,#3434,#3455,
    #3456,#3457,#3486,#3512));
#3361 = ORIENTED_EDGE('',*,*,#2130,.F.);
#3362 = ORIENTED_EDGE('',*,*,#3337,.T.);
#3363 = ORIENTED_EDGE('',*,*,#3364,.T.);
#3364 = EDGE_CURVE('',#3313,#3365,#3367,.T.);
#3365 = VERTEX_POINT('',#3366);
#3366 = CARTESIAN_POINT('',(117.9,107.75499546279,18.6));
#3367 = SURFACE_CURVE('',#3368,(#3372,#3378),.PCURVE_S1.);
#3368 = LINE('',#3369,#3370);
#3369 = CARTESIAN_POINT('',(117.9,107.75499546279,2.4));
#3370 = VECTOR('',#3371,1.);
#3371 = DIRECTION('',(0.,0.,1.));
#3372 = PCURVE('',#2034,#3373);
#3373 = DEFINITIONAL_REPRESENTATION('',(#3374),#3377);
#3374 = B_SPLINE_CURVE_WITH_KNOTS('',1,(#3375,#3376),.UNSPECIFIED.,.F.,
  .F.,(2,2),(-5.999999994621E-07,17.82),.PIECEWISE_BEZIER_KNOTS.);
#3375 = CARTESIAN_POINT('',(0.759761932507,-5.999999994621E-07));
#3376 = CARTESIAN_POINT('',(0.759761932507,17.82));
#3377 = ( GEOMETRIC_REPRESENTATION_CONTEXT(2) 
PARAMETRIC_REPRESENTATION_CONTEXT() REPRESENTATION_CONTEXT('2D SPACE',''
  ) );
#3378 = PCURVE('',#2335,#3379);
#3379 = DEFINITIONAL_REPRESENTATION('',(#3380),#3384);
#3380 = LINE('',#3381,#3382);
#3381 = CARTESIAN_POINT('',(0.,-105.3549954627));
#3382 = VECTOR('',#3383,1.);
#3383 = DIRECTION('',(1.,0.));
#3384 = ( GEOMETRIC_REPRESENTATION_CONTEXT(2) 
PARAMETRIC_REPRESENTATION_CONTEXT() REPRESENTATION_CONTEXT('2D SPACE',''
  ) );
#3385 = ORIENTED_EDGE('',*,*,#3386,.T.);
#3386 = EDGE_CURVE('',#3365,#3387,#3389,.T.);
#3387 = VERTEX_POINT('',#3388);
#3388 = CARTESIAN_POINT('',(117.64575131106,108.,18.6));
#3389 = SURFACE_CURVE('',#3390,(#3395,#3402),.PCURVE_S1.);
#3390 = CIRCLE('',#3391,4.);
#3391 = AXIS2_PLACEMENT_3D('',#3392,#3393,#3394);
#3392 = CARTESIAN_POINT('',(115.,105.,18.6));
#3393 = DIRECTION('',(0.,0.,1.));
#3394 = DIRECTION('',(1.,0.,-0.));
#3395 = PCURVE('',#2034,#3396);
#3396 = DEFINITIONAL_REPRESENTATION('',(#3397),#3401);
#3397 = LINE('',#3398,#3399);
#3398 = CARTESIAN_POINT('',(0.,16.2));
#3399 = VECTOR('',#3400,1.);
#3400 = DIRECTION('',(1.,0.));
#3401 = ( GEOMETRIC_REPRESENTATION_CONTEXT(2) 
PARAMETRIC_REPRESENTATION_CONTEXT() REPRESENTATION_CONTEXT('2D SPACE',''
  ) );
#3402 = PCURVE('',#3403,#3408);
#3403 = PLANE('',#3404);
#3404 = AXIS2_PLACEMENT_3D('',#3405,#3406,#3407);
#3405 = CARTESIAN_POINT('',(46.1,2.4,18.6));
#3406 = DIRECTION('',(0.,0.,1.));
#3407 = DIRECTION('',(1.,0.,0.));
#3408 = DEFINITIONAL_REPRESENTATION('',(#3409),#3413);
#3409 = CIRCLE('',#3410,4.);
#3410 = AXIS2_PLACEMENT_2D('',#3411,#3412);
#3411 = CARTESIAN_POINT('',(68.9,102.6));
#3412 = DIRECTION('',(1.,0.));
#3413 = ( GEOMETRIC_REPRESENTATION_CONTEXT(2) 
PARAMETRIC_REPRESENTATION_CONTEXT() REPRESENTATION_CONTEXT('2D SPACE',''
  ) );
#3414 = ORIENTED_EDGE('',*,*,#3415,.T.);
#3415 = EDGE_CURVE('',#3387,#3044,#3416,.T.);
#3416 = SURFACE_CURVE('',#3417,(#3421,#3427),.PCURVE_S1.);
#3417 = LINE('',#3418,#3419);
#3418 = CARTESIAN_POINT('',(117.64575131106,108.,2.4));
#3419 = VECTOR('',#3420,1.);
#3420 = DIRECTION('',(0.,0.,1.));
#3421 = PCURVE('',#2034,#3422);
#3422 = DEFINITIONAL_REPRESENTATION('',(#3423),#3426);
#3423 = B_SPLINE_CURVE_WITH_KNOTS('',1,(#3424,#3425),.UNSPECIFIED.,.F.,
  .F.,(2,2),(2.9999994,20.39),.PIECEWISE_BEZIER_KNOTS.);
#3424 = CARTESIAN_POINT('',(0.848062078981,2.9999994));
#3425 = CARTESIAN_POINT('',(0.848062078981,20.39));
#3426 = ( GEOMETRIC_REPRESENTATION_CONTEXT(2) 
PARAMETRIC_REPRESENTATION_CONTEXT() REPRESENTATION_CONTEXT('2D SPACE',''
  ) );
#3427 = PCURVE('',#3083,#3428);
#3428 = DEFINITIONAL_REPRESENTATION('',(#3429),#3432);
#3429 = B_SPLINE_CURVE_WITH_KNOTS('',1,(#3430,#3431),.UNSPECIFIED.,.F.,
  .F.,(2,2),(2.9999994,20.39),.PIECEWISE_BEZIER_KNOTS.);
#3430 = CARTESIAN_POINT('',(3.3999994,74.045751311065));
#3431 = CARTESIAN_POINT('',(20.79,74.045751311065));
#3432 = ( GEOMETRIC_REPRESENTATION_CONTEXT(2) 
PARAMETRIC_REPRESENTATION_CONTEXT() REPRESENTATION_CONTEXT('2D SPACE',''
  ) );
#3433 = ORIENTED_EDGE('',*,*,#3043,.T.);
#3434 = ORIENTED_EDGE('',*,*,#3435,.T.);
#3435 = EDGE_CURVE('',#3023,#2817,#3436,.T.);
#3436 = SURFACE_CURVE('',#3437,(#3441,#3448),.PCURVE_S1.);
#3437 = LINE('',#3438,#3439);
#3438 = CARTESIAN_POINT('',(115.,109.,2.4));
#3439 = VECTOR('',#3440,1.);
#3440 = DIRECTION('',(0.,0.,1.));
#3441 = PCURVE('',#2034,#3442);
#3442 = DEFINITIONAL_REPRESENTATION('',(#3443),#3447);
#3443 = LINE('',#3444,#3445);
#3444 = CARTESIAN_POINT('',(1.570796326795,0.));
#3445 = VECTOR('',#3446,1.);
#3446 = DIRECTION('',(0.,1.));
#3447 = ( GEOMETRIC_REPRESENTATION_CONTEXT(2) 
PARAMETRIC_REPRESENTATION_CONTEXT() REPRESENTATION_CONTEXT('2D SPACE',''
  ) );
#3448 = PCURVE('',#2860,#3449);
#3449 = DEFINITIONAL_REPRESENTATION('',(#3450),#3454);
#3450 = LINE('',#3451,#3452);
#3451 = CARTESIAN_POINT('',(4.,0.));
#3452 = VECTOR('',#3453,1.);
#3453 = DIRECTION('',(0.,-1.));
#3454 = ( GEOMETRIC_REPRESENTATION_CONTEXT(2) 
PARAMETRIC_REPRESENTATION_CONTEXT() REPRESENTATION_CONTEXT('2D SPACE',''
  ) );
#3455 = ORIENTED_EDGE('',*,*,#2816,.T.);
#3456 = ORIENTED_EDGE('',*,*,#2018,.F.);
#3457 = ORIENTED_EDGE('',*,*,#3458,.F.);
#3458 = EDGE_CURVE('',#3459,#2019,#3461,.T.);
#3459 = VERTEX_POINT('',#3460);
#3460 = CARTESIAN_POINT('',(118.98163145087,105.38289814495,
    32.139637305116));
#3461 = SURFACE_CURVE('',#3462,(#3467,#3479),.PCURVE_S1.);
#3462 = ELLIPSE('',#3463,4.025878930796,4.);
#3463 = AXIS2_PLACEMENT_3D('',#3464,#3465,#3466);
#3464 = CARTESIAN_POINT('',(115.,105.,32.096011572053));
#3465 = DIRECTION('',(0.,0.113203213768,-0.993571855677));
#3466 = DIRECTION('',(0.,0.993571855677,0.113203213768));
#3467 = PCURVE('',#2034,#3468);
#3468 = DEFINITIONAL_REPRESENTATION('',(#3469),#3478);
#3469 = B_SPLINE_CURVE_WITH_KNOTS('',7,(#3470,#3471,#3472,#3473,#3474,
    #3475,#3476,#3477),.UNSPECIFIED.,.F.,.F.,(8,8),(1.387778780781E-17,
    1.570796326795),.PIECEWISE_BEZIER_KNOTS.);
#3470 = CARTESIAN_POINT('',(1.570796326795,30.15175400526));
#3471 = CARTESIAN_POINT('',(1.346396851538,30.15175400526));
#3472 = CARTESIAN_POINT('',(1.121997376282,30.12497974226));
#3473 = CARTESIAN_POINT('',(0.897597901026,30.071435100301));
#3474 = CARTESIAN_POINT('',(0.673198425769,29.994407483566));
#3475 = CARTESIAN_POINT('',(0.448798950513,29.900547882509));
#3476 = CARTESIAN_POINT('',(0.224399475256,29.798279934917));
#3477 = CARTESIAN_POINT('',(0.,29.696011572053));
#3478 = ( GEOMETRIC_REPRESENTATION_CONTEXT(2) 
PARAMETRIC_REPRESENTATION_CONTEXT() REPRESENTATION_CONTEXT('2D SPACE',''
  ) );
#3479 = PCURVE('',#2062,#3480);
#3480 = DEFINITIONAL_REPRESENTATION('',(#3481),#3485);
#3481 = ELLIPSE('',#3482,4.025878930796,4.);
#3482 = AXIS2_PLACEMENT_2D('',#3483,#3484);
#3483 = CARTESIAN_POINT('',(0.385375393601,-3.8));
#3484 = DIRECTION('',(-1.,0.));
#3485 = ( GEOMETRIC_REPRESENTATION_CONTEXT(2) 
PARAMETRIC_REPRESENTATION_CONTEXT() REPRESENTATION_CONTEXT('2D SPACE',''
  ) );
#3486 = ORIENTED_EDGE('',*,*,#3487,.F.);
#3487 = EDGE_CURVE('',#3488,#3459,#3490,.T.);
#3488 = VERTEX_POINT('',#3489);
#3489 = CARTESIAN_POINT('',(118.98163145087,105.38289814495,
    30.739637305116));
#3490 = SURFACE_CURVE('',#3491,(#3495,#3501),.PCURVE_S1.);
#3491 = LINE('',#3492,#3493);
#3492 = CARTESIAN_POINT('',(118.98163145087,105.38289814495,2.4));
#3493 = VECTOR('',#3494,1.);
#3494 = DIRECTION('',(0.,0.,1.));
#3495 = PCURVE('',#2034,#3496);
#3496 = DEFINITIONAL_REPRESENTATION('',(#3497),#3500);
#3497 = B_SPLINE_CURVE_WITH_KNOTS('',1,(#3498,#3499),.UNSPECIFIED.,.F.,
  .F.,(2,2),(28.199637305116,29.879637305116),.PIECEWISE_BEZIER_KNOTS.);
#3498 = CARTESIAN_POINT('',(9.587133265444E-02,28.199637305116));
#3499 = CARTESIAN_POINT('',(9.587133265444E-02,29.879637305116));
#3500 = ( GEOMETRIC_REPRESENTATION_CONTEXT(2) 
PARAMETRIC_REPRESENTATION_CONTEXT() REPRESENTATION_CONTEXT('2D SPACE',''
  ) );
#3501 = PCURVE('',#3502,#3507);
#3502 = PLANE('',#3503);
#3503 = AXIS2_PLACEMENT_3D('',#3504,#3505,#3506);
#3504 = CARTESIAN_POINT('',(111.2,105.38289814495,30.739637305116));
#3505 = DIRECTION('',(0.,-1.,0.));
#3506 = DIRECTION('',(0.,0.,1.));
#3507 = DEFINITIONAL_REPRESENTATION('',(#3508),#3511);
#3508 = B_SPLINE_CURVE_WITH_KNOTS('',1,(#3509,#3510),.UNSPECIFIED.,.F.,
  .F.,(2,2),(28.199637305116,29.879637305116),.PIECEWISE_BEZIER_KNOTS.);
#3509 = CARTESIAN_POINT('',(-0.14,-7.781631450874));
#3510 = CARTESIAN_POINT('',(1.54,-7.781631450874));
#3511 = ( GEOMETRIC_REPRESENTATION_CONTEXT(2) 
PARAMETRIC_REPRESENTATION_CONTEXT() REPRESENTATION_CONTEXT('2D SPACE',''
  ) );
#3512 = ORIENTED_EDGE('',*,*,#3513,.F.);
#3513 = EDGE_CURVE('',#2103,#3488,#3514,.T.);
#3514 = SURFACE_CURVE('',#3515,(#3520,#3532),.PCURVE_S1.);
#3515 = ELLIPSE('',#3516,4.025878930796,4.);
#3516 = AXIS2_PLACEMENT_3D('',#3517,#3518,#3519);
#3517 = CARTESIAN_POINT('',(115.,105.,30.696011572053));
#3518 = DIRECTION('',(0.,-0.113203213768,0.993571855677));
#3519 = DIRECTION('',(0.,0.993571855677,0.113203213768));
#3520 = PCURVE('',#2034,#3521);
#3521 = DEFINITIONAL_REPRESENTATION('',(#3522),#3531);
#3522 = B_SPLINE_CURVE_WITH_KNOTS('',7,(#3523,#3524,#3525,#3526,#3527,
    #3528,#3529,#3530),.UNSPECIFIED.,.F.,.F.,(8,8),(4.712388980385,
    6.28318530718),.PIECEWISE_BEZIER_KNOTS.);
#3523 = CARTESIAN_POINT('',(0.,28.296011572053));
#3524 = CARTESIAN_POINT('',(0.224399475256,28.398279934917));
#3525 = CARTESIAN_POINT('',(0.448798950513,28.500547882506));
#3526 = CARTESIAN_POINT('',(0.673198425769,28.594407483575));
#3527 = CARTESIAN_POINT('',(0.897597901026,28.671435100292));
#3528 = CARTESIAN_POINT('',(1.121997376282,28.724979742258));
#3529 = CARTESIAN_POINT('',(1.346396851538,28.75175400526));
#3530 = CARTESIAN_POINT('',(1.570796326795,28.75175400526));
#3531 = ( GEOMETRIC_REPRESENTATION_CONTEXT(2) 
PARAMETRIC_REPRESENTATION_CONTEXT() REPRESENTATION_CONTEXT('2D SPACE',''
  ) );
#3532 = PCURVE('',#2118,#3533);
#3533 = DEFINITIONAL_REPRESENTATION('',(#3534),#3538);
#3534 = ELLIPSE('',#3535,4.025878930796,4.);
#3535 = AXIS2_PLACEMENT_2D('',#3536,#3537);
#3536 = CARTESIAN_POINT('',(56.617752947662,-3.8));
#3537 = DIRECTION('',(1.,0.));
#3538 = ( GEOMETRIC_REPRESENTATION_CONTEXT(2) 
PARAMETRIC_REPRESENTATION_CONTEXT() REPRESENTATION_CONTEXT('2D SPACE',''
  ) );
#3539 = ADVANCED_FACE('',(#3540),#2118,.F.);
#3540 = FACE_BOUND('',#3541,.F.);
#3541 = EDGE_LOOP('',(#3542,#3572,#3593,#3594,#3595));
#3542 = ORIENTED_EDGE('',*,*,#3543,.F.);
#3543 = EDGE_CURVE('',#3544,#3546,#3548,.T.);
#3544 = VERTEX_POINT('',#3545);
#3545 = CARTESIAN_POINT('',(111.2,48.746194139553,24.28669998206));
#3546 = VERTEX_POINT('',#3547);
#3547 = CARTESIAN_POINT('',(111.2,105.38289814495,30.739637305116));
#3548 = SURFACE_CURVE('',#3549,(#3553,#3560),.PCURVE_S1.);
#3549 = LINE('',#3550,#3551);
#3550 = CARTESIAN_POINT('',(111.2,48.746194139553,24.28669998206));
#3551 = VECTOR('',#3552,1.);
#3552 = DIRECTION('',(0.,0.993571855677,0.113203213768));
#3553 = PCURVE('',#2118,#3554);
#3554 = DEFINITIONAL_REPRESENTATION('',(#3555),#3559);
#3555 = LINE('',#3556,#3557);
#3556 = CARTESIAN_POINT('',(0.,0.));
#3557 = VECTOR('',#3558,1.);
#3558 = DIRECTION('',(1.,0.));
#3559 = ( GEOMETRIC_REPRESENTATION_CONTEXT(2) 
PARAMETRIC_REPRESENTATION_CONTEXT() REPRESENTATION_CONTEXT('2D SPACE',''
  ) );
#3560 = PCURVE('',#3561,#3566);
#3561 = PLANE('',#3562);
#3562 = AXIS2_PLACEMENT_3D('',#3563,#3564,#3565);
#3563 = CARTESIAN_POINT('',(111.2,77.064546142253,28.213168643588));
#3564 = DIRECTION('',(1.,0.,0.));
#3565 = DIRECTION('',(-0.,0.,1.));
#3566 = DEFINITIONAL_REPRESENTATION('',(#3567),#3571);
#3567 = LINE('',#3568,#3569);
#3568 = CARTESIAN_POINT('',(-3.926468661528,28.3183520027));
#3569 = VECTOR('',#3570,1.);
#3570 = DIRECTION('',(0.113203213768,-0.993571855677));
#3571 = ( GEOMETRIC_REPRESENTATION_CONTEXT(2) 
PARAMETRIC_REPRESENTATION_CONTEXT() REPRESENTATION_CONTEXT('2D SPACE',''
  ) );
#3572 = ORIENTED_EDGE('',*,*,#3573,.T.);
#3573 = EDGE_CURVE('',#3544,#2075,#3574,.T.);
#3574 = SURFACE_CURVE('',#3575,(#3579,#3586),.PCURVE_S1.);
#3575 = LINE('',#3576,#3577);
#3576 = CARTESIAN_POINT('',(111.2,48.746194139553,24.28669998206));
#3577 = VECTOR('',#3578,1.);
#3578 = DIRECTION('',(1.,0.,0.));
#3579 = PCURVE('',#2118,#3580);
#3580 = DEFINITIONAL_REPRESENTATION('',(#3581),#3585);
#3581 = LINE('',#3582,#3583);
#3582 = CARTESIAN_POINT('',(0.,0.));
#3583 = VECTOR('',#3584,1.);
#3584 = DIRECTION('',(0.,-1.));
#3585 = ( GEOMETRIC_REPRESENTATION_CONTEXT(2) 
PARAMETRIC_REPRESENTATION_CONTEXT() REPRESENTATION_CONTEXT('2D SPACE',''
  ) );
#3586 = PCURVE('',#2090,#3587);
#3587 = DEFINITIONAL_REPRESENTATION('',(#3588),#3592);
#3588 = LINE('',#3589,#3590);
#3589 = CARTESIAN_POINT('',(1.4,0.));
#3590 = VECTOR('',#3591,1.);
#3591 = DIRECTION('',(0.,-1.));
#3592 = ( GEOMETRIC_REPRESENTATION_CONTEXT(2) 
PARAMETRIC_REPRESENTATION_CONTEXT() REPRESENTATION_CONTEXT('2D SPACE',''
  ) );
#3593 = ORIENTED_EDGE('',*,*,#2102,.T.);
#3594 = ORIENTED_EDGE('',*,*,#3513,.T.);
#3595 = ORIENTED_EDGE('',*,*,#3596,.F.);
#3596 = EDGE_CURVE('',#3546,#3488,#3597,.T.);
#3597 = SURFACE_CURVE('',#3598,(#3602,#3609),.PCURVE_S1.);
#3598 = LINE('',#3599,#3600);
#3599 = CARTESIAN_POINT('',(111.2,105.38289814495,30.739637305116));
#3600 = VECTOR('',#3601,1.);
#3601 = DIRECTION('',(1.,0.,0.));
#3602 = PCURVE('',#2118,#3603);
#3603 = DEFINITIONAL_REPRESENTATION('',(#3604),#3608);
#3604 = LINE('',#3605,#3606);
#3605 = CARTESIAN_POINT('',(57.003128341263,0.));
#3606 = VECTOR('',#3607,1.);
#3607 = DIRECTION('',(0.,-1.));
#3608 = ( GEOMETRIC_REPRESENTATION_CONTEXT(2) 
PARAMETRIC_REPRESENTATION_CONTEXT() REPRESENTATION_CONTEXT('2D SPACE',''
  ) );
#3609 = PCURVE('',#3502,#3610);
#3610 = DEFINITIONAL_REPRESENTATION('',(#3611),#3615);
#3611 = LINE('',#3612,#3613);
#3612 = CARTESIAN_POINT('',(0.,0.));
#3613 = VECTOR('',#3614,1.);
#3614 = DIRECTION('',(0.,-1.));
#3615 = ( GEOMETRIC_REPRESENTATION_CONTEXT(2) 
PARAMETRIC_REPRESENTATION_CONTEXT() REPRESENTATION_CONTEXT('2D SPACE',''
  ) );
#3616 = ADVANCED_FACE('',(#3617),#2090,.F.);
#3617 = FACE_BOUND('',#3618,.F.);
#3618 = EDGE_LOOP('',(#3619,#3642,#3643,#3644));
#3619 = ORIENTED_EDGE('',*,*,#3620,.T.);
#3620 = EDGE_CURVE('',#3621,#2047,#3623,.T.);
#3621 = VERTEX_POINT('',#3622);
#3622 = CARTESIAN_POINT('',(111.2,48.746194139553,25.68669998206));
#3623 = SURFACE_CURVE('',#3624,(#3628,#3635),.PCURVE_S1.);
#3624 = LINE('',#3625,#3626);
#3625 = CARTESIAN_POINT('',(111.2,48.746194139553,25.68669998206));
#3626 = VECTOR('',#3627,1.);
#3627 = DIRECTION('',(1.,0.,0.));
#3628 = PCURVE('',#2090,#3629);
#3629 = DEFINITIONAL_REPRESENTATION('',(#3630),#3634);
#3630 = LINE('',#3631,#3632);
#3631 = CARTESIAN_POINT('',(0.,0.));
#3632 = VECTOR('',#3633,1.);
#3633 = DIRECTION('',(0.,-1.));
#3634 = ( GEOMETRIC_REPRESENTATION_CONTEXT(2) 
PARAMETRIC_REPRESENTATION_CONTEXT() REPRESENTATION_CONTEXT('2D SPACE',''
  ) );
#3635 = PCURVE('',#2062,#3636);
#3636 = DEFINITIONAL_REPRESENTATION('',(#3637),#3641);
#3637 = LINE('',#3638,#3639);
#3638 = CARTESIAN_POINT('',(57.003128341263,0.));
#3639 = VECTOR('',#3640,1.);
#3640 = DIRECTION('',(0.,-1.));
#3641 = ( GEOMETRIC_REPRESENTATION_CONTEXT(2) 
PARAMETRIC_REPRESENTATION_CONTEXT() REPRESENTATION_CONTEXT('2D SPACE',''
  ) );
#3642 = ORIENTED_EDGE('',*,*,#2074,.T.);
#3643 = ORIENTED_EDGE('',*,*,#3573,.F.);
#3644 = ORIENTED_EDGE('',*,*,#3645,.F.);
#3645 = EDGE_CURVE('',#3621,#3544,#3646,.T.);
#3646 = SURFACE_CURVE('',#3647,(#3651,#3658),.PCURVE_S1.);
#3647 = LINE('',#3648,#3649);
#3648 = CARTESIAN_POINT('',(111.2,48.746194139553,25.68669998206));
#3649 = VECTOR('',#3650,1.);
#3650 = DIRECTION('',(0.,0.,-1.));
#3651 = PCURVE('',#2090,#3652);
#3652 = DEFINITIONAL_REPRESENTATION('',(#3653),#3657);
#3653 = LINE('',#3654,#3655);
#3654 = CARTESIAN_POINT('',(0.,0.));
#3655 = VECTOR('',#3656,1.);
#3656 = DIRECTION('',(1.,0.));
#3657 = ( GEOMETRIC_REPRESENTATION_CONTEXT(2) 
PARAMETRIC_REPRESENTATION_CONTEXT() REPRESENTATION_CONTEXT('2D SPACE',''
  ) );
#3658 = PCURVE('',#3561,#3659);
#3659 = DEFINITIONAL_REPRESENTATION('',(#3660),#3664);
#3660 = LINE('',#3661,#3662);
#3661 = CARTESIAN_POINT('',(-2.526468661528,28.3183520027));
#3662 = VECTOR('',#3663,1.);
#3663 = DIRECTION('',(-1.,0.));
#3664 = ( GEOMETRIC_REPRESENTATION_CONTEXT(2) 
PARAMETRIC_REPRESENTATION_CONTEXT() REPRESENTATION_CONTEXT('2D SPACE',''
  ) );
#3665 = ADVANCED_FACE('',(#3666),#2062,.F.);
#3666 = FACE_BOUND('',#3667,.F.);
#3667 = EDGE_LOOP('',(#3668,#3691,#3712,#3713,#3714));
#3668 = ORIENTED_EDGE('',*,*,#3669,.F.);
#3669 = EDGE_CURVE('',#3670,#3621,#3672,.T.);
#3670 = VERTEX_POINT('',#3671);
#3671 = CARTESIAN_POINT('',(111.2,105.38289814495,32.139637305116));
#3672 = SURFACE_CURVE('',#3673,(#3677,#3684),.PCURVE_S1.);
#3673 = LINE('',#3674,#3675);
#3674 = CARTESIAN_POINT('',(111.2,105.38289814495,32.139637305116));
#3675 = VECTOR('',#3676,1.);
#3676 = DIRECTION('',(0.,-0.993571855677,-0.113203213768));
#3677 = PCURVE('',#2062,#3678);
#3678 = DEFINITIONAL_REPRESENTATION('',(#3679),#3683);
#3679 = LINE('',#3680,#3681);
#3680 = CARTESIAN_POINT('',(0.,0.));
#3681 = VECTOR('',#3682,1.);
#3682 = DIRECTION('',(1.,0.));
#3683 = ( GEOMETRIC_REPRESENTATION_CONTEXT(2) 
PARAMETRIC_REPRESENTATION_CONTEXT() REPRESENTATION_CONTEXT('2D SPACE',''
  ) );
#3684 = PCURVE('',#3561,#3685);
#3685 = DEFINITIONAL_REPRESENTATION('',(#3686),#3690);
#3686 = LINE('',#3687,#3688);
#3687 = CARTESIAN_POINT('',(3.926468661528,-28.3183520027));
#3688 = VECTOR('',#3689,1.);
#3689 = DIRECTION('',(-0.113203213768,0.993571855677));
#3690 = ( GEOMETRIC_REPRESENTATION_CONTEXT(2) 
PARAMETRIC_REPRESENTATION_CONTEXT() REPRESENTATION_CONTEXT('2D SPACE',''
  ) );
#3691 = ORIENTED_EDGE('',*,*,#3692,.T.);
#3692 = EDGE_CURVE('',#3670,#3459,#3693,.T.);
#3693 = SURFACE_CURVE('',#3694,(#3698,#3705),.PCURVE_S1.);
#3694 = LINE('',#3695,#3696);
#3695 = CARTESIAN_POINT('',(111.2,105.38289814495,32.139637305116));
#3696 = VECTOR('',#3697,1.);
#3697 = DIRECTION('',(1.,0.,0.));
#3698 = PCURVE('',#2062,#3699);
#3699 = DEFINITIONAL_REPRESENTATION('',(#3700),#3704);
#3700 = LINE('',#3701,#3702);
#3701 = CARTESIAN_POINT('',(0.,0.));
#3702 = VECTOR('',#3703,1.);
#3703 = DIRECTION('',(0.,-1.));
#3704 = ( GEOMETRIC_REPRESENTATION_CONTEXT(2) 
PARAMETRIC_REPRESENTATION_CONTEXT() REPRESENTATION_CONTEXT('2D SPACE',''
  ) );
#3705 = PCURVE('',#3502,#3706);
#3706 = DEFINITIONAL_REPRESENTATION('',(#3707),#3711);
#3707 = LINE('',#3708,#3709);
#3708 = CARTESIAN_POINT('',(1.4,0.));
#3709 = VECTOR('',#3710,1.);
#3710 = DIRECTION('',(0.,-1.));
#3711 = ( GEOMETRIC_REPRESENTATION_CONTEXT(2) 
PARAMETRIC_REPRESENTATION_CONTEXT() REPRESENTATION_CONTEXT('2D SPACE',''
  ) );
#3712 = ORIENTED_EDGE('',*,*,#3458,.T.);
#3713 = ORIENTED_EDGE('',*,*,#2046,.T.);
#3714 = ORIENTED_EDGE('',*,*,#3620,.F.);
#3715 = ADVANCED_FACE('',(#3716),#2171,.F.);
#3716 = FACE_BOUND('',#3717,.F.);
#3717 = EDGE_LOOP('',(#3718,#3741,#3742,#3765));
#3718 = ORIENTED_EDGE('',*,*,#3719,.T.);
#3719 = EDGE_CURVE('',#3720,#2154,#3722,.T.);
#3720 = VERTEX_POINT('',#3721);
#3721 = CARTESIAN_POINT('',(111.2,15.,21.841806824905));
#3722 = SURFACE_CURVE('',#3723,(#3727,#3734),.PCURVE_S1.);
#3723 = LINE('',#3724,#3725);
#3724 = CARTESIAN_POINT('',(111.2,15.,21.841806824905));
#3725 = VECTOR('',#3726,1.);
#3726 = DIRECTION('',(1.,0.,0.));
#3727 = PCURVE('',#2171,#3728);
#3728 = DEFINITIONAL_REPRESENTATION('',(#3729),#3733);
#3729 = LINE('',#3730,#3731);
#3730 = CARTESIAN_POINT('',(0.,0.));
#3731 = VECTOR('',#3732,1.);
#3732 = DIRECTION('',(0.,-1.));
#3733 = ( GEOMETRIC_REPRESENTATION_CONTEXT(2) 
PARAMETRIC_REPRESENTATION_CONTEXT() REPRESENTATION_CONTEXT('2D SPACE',''
  ) );
#3734 = PCURVE('',#2253,#3735);
#3735 = DEFINITIONAL_REPRESENTATION('',(#3736),#3740);
#3736 = LINE('',#3737,#3738);
#3737 = CARTESIAN_POINT('',(12.828658608564,0.));
#3738 = VECTOR('',#3739,1.);
#3739 = DIRECTION('',(0.,-1.));
#3740 = ( GEOMETRIC_REPRESENTATION_CONTEXT(2) 
PARAMETRIC_REPRESENTATION_CONTEXT() REPRESENTATION_CONTEXT('2D SPACE',''
  ) );
#3741 = ORIENTED_EDGE('',*,*,#2153,.T.);
#3742 = ORIENTED_EDGE('',*,*,#3743,.F.);
#3743 = EDGE_CURVE('',#3744,#2156,#3746,.T.);
#3744 = VERTEX_POINT('',#3745);
#3745 = CARTESIAN_POINT('',(111.2,15.,20.441806824905));
#3746 = SURFACE_CURVE('',#3747,(#3751,#3758),.PCURVE_S1.);
#3747 = LINE('',#3748,#3749);
#3748 = CARTESIAN_POINT('',(111.2,15.,20.441806824905));
#3749 = VECTOR('',#3750,1.);
#3750 = DIRECTION('',(1.,0.,0.));
#3751 = PCURVE('',#2171,#3752);
#3752 = DEFINITIONAL_REPRESENTATION('',(#3753),#3757);
#3753 = LINE('',#3754,#3755);
#3754 = CARTESIAN_POINT('',(1.4,0.));
#3755 = VECTOR('',#3756,1.);
#3756 = DIRECTION('',(0.,-1.));
#3757 = ( GEOMETRIC_REPRESENTATION_CONTEXT(2) 
PARAMETRIC_REPRESENTATION_CONTEXT() REPRESENTATION_CONTEXT('2D SPACE',''
  ) );
#3758 = PCURVE('',#2199,#3759);
#3759 = DEFINITIONAL_REPRESENTATION('',(#3760),#3764);
#3760 = LINE('',#3761,#3762);
#3761 = CARTESIAN_POINT('',(0.,0.));
#3762 = VECTOR('',#3763,1.);
#3763 = DIRECTION('',(0.,-1.));
#3764 = ( GEOMETRIC_REPRESENTATION_CONTEXT(2) 
PARAMETRIC_REPRESENTATION_CONTEXT() REPRESENTATION_CONTEXT('2D SPACE',''
  ) );
#3765 = ORIENTED_EDGE('',*,*,#3766,.F.);
#3766 = EDGE_CURVE('',#3720,#3744,#3767,.T.);
#3767 = SURFACE_CURVE('',#3768,(#3772,#3779),.PCURVE_S1.);
#3768 = LINE('',#3769,#3770);
#3769 = CARTESIAN_POINT('',(111.2,15.,21.841806824905));
#3770 = VECTOR('',#3771,1.);
#3771 = DIRECTION('',(0.,0.,-1.));
#3772 = PCURVE('',#2171,#3773);
#3773 = DEFINITIONAL_REPRESENTATION('',(#3774),#3778);
#3774 = LINE('',#3775,#3776);
#3775 = CARTESIAN_POINT('',(0.,0.));
#3776 = VECTOR('',#3777,1.);
#3777 = DIRECTION('',(1.,0.));
#3778 = ( GEOMETRIC_REPRESENTATION_CONTEXT(2) 
PARAMETRIC_REPRESENTATION_CONTEXT() REPRESENTATION_CONTEXT('2D SPACE',''
  ) );
#3779 = PCURVE('',#3780,#3785);
#3780 = PLANE('',#3781);
#3781 = AXIS2_PLACEMENT_3D('',#3782,#3783,#3784);
#3782 = CARTESIAN_POINT('',(111.2,21.373097069776,21.867929516315));
#3783 = DIRECTION('',(1.,0.,0.));
#3784 = DIRECTION('',(-0.,0.,1.));
#3785 = DEFINITIONAL_REPRESENTATION('',(#3786),#3790);
#3786 = LINE('',#3787,#3788);
#3787 = CARTESIAN_POINT('',(-2.612269141041E-02,6.373097069776));
#3788 = VECTOR('',#3789,1.);
#3789 = DIRECTION('',(-1.,0.));
#3790 = ( GEOMETRIC_REPRESENTATION_CONTEXT(2) 
PARAMETRIC_REPRESENTATION_CONTEXT() REPRESENTATION_CONTEXT('2D SPACE',''
  ) );
#3791 = ADVANCED_FACE('',(#3792),#2253,.F.);
#3792 = FACE_BOUND('',#3793,.F.);
#3793 = EDGE_LOOP('',(#3794,#3817,#3818,#3819));
#3794 = ORIENTED_EDGE('',*,*,#3795,.T.);
#3795 = EDGE_CURVE('',#3796,#2212,#3798,.T.);
#3796 = VERTEX_POINT('',#3797);
#3797 = CARTESIAN_POINT('',(111.2,27.746194139553,23.294052207726));
#3798 = SURFACE_CURVE('',#3799,(#3803,#3810),.PCURVE_S1.);
#3799 = LINE('',#3800,#3801);
#3800 = CARTESIAN_POINT('',(111.2,27.746194139553,23.294052207726));
#3801 = VECTOR('',#3802,1.);
#3802 = DIRECTION('',(1.,0.,0.));
#3803 = PCURVE('',#2253,#3804);
#3804 = DEFINITIONAL_REPRESENTATION('',(#3805),#3809);
#3805 = LINE('',#3806,#3807);
#3806 = CARTESIAN_POINT('',(0.,0.));
#3807 = VECTOR('',#3808,1.);
#3808 = DIRECTION('',(0.,-1.));
#3809 = ( GEOMETRIC_REPRESENTATION_CONTEXT(2) 
PARAMETRIC_REPRESENTATION_CONTEXT() REPRESENTATION_CONTEXT('2D SPACE',''
  ) );
#3810 = PCURVE('',#2227,#3811);
#3811 = DEFINITIONAL_REPRESENTATION('',(#3812),#3816);
#3812 = LINE('',#3813,#3814);
#3813 = CARTESIAN_POINT('',(1.4,0.));
#3814 = VECTOR('',#3815,1.);
#3815 = DIRECTION('',(0.,-1.));
#3816 = ( GEOMETRIC_REPRESENTATION_CONTEXT(2) 
PARAMETRIC_REPRESENTATION_CONTEXT() REPRESENTATION_CONTEXT('2D SPACE',''
  ) );
#3817 = ORIENTED_EDGE('',*,*,#2239,.T.);
#3818 = ORIENTED_EDGE('',*,*,#3719,.F.);
#3819 = ORIENTED_EDGE('',*,*,#3820,.F.);
#3820 = EDGE_CURVE('',#3796,#3720,#3821,.T.);
#3821 = SURFACE_CURVE('',#3822,(#3826,#3833),.PCURVE_S1.);
#3822 = LINE('',#3823,#3824);
#3823 = CARTESIAN_POINT('',(111.2,27.746194139553,23.294052207726));
#3824 = VECTOR('',#3825,1.);
#3825 = DIRECTION('',(0.,-0.993571855677,-0.113203213768));
#3826 = PCURVE('',#2253,#3827);
#3827 = DEFINITIONAL_REPRESENTATION('',(#3828),#3832);
#3828 = LINE('',#3829,#3830);
#3829 = CARTESIAN_POINT('',(0.,0.));
#3830 = VECTOR('',#3831,1.);
#3831 = DIRECTION('',(1.,0.));
#3832 = ( GEOMETRIC_REPRESENTATION_CONTEXT(2) 
PARAMETRIC_REPRESENTATION_CONTEXT() REPRESENTATION_CONTEXT('2D SPACE',''
  ) );
#3833 = PCURVE('',#3780,#3834);
#3834 = DEFINITIONAL_REPRESENTATION('',(#3835),#3839);
#3835 = LINE('',#3836,#3837);
#3836 = CARTESIAN_POINT('',(1.42612269141,-6.373097069776));
#3837 = VECTOR('',#3838,1.);
#3838 = DIRECTION('',(-0.113203213768,0.993571855677));
#3839 = ( GEOMETRIC_REPRESENTATION_CONTEXT(2) 
PARAMETRIC_REPRESENTATION_CONTEXT() REPRESENTATION_CONTEXT('2D SPACE',''
  ) );
#3840 = ADVANCED_FACE('',(#3841),#2199,.F.);
#3841 = FACE_BOUND('',#3842,.F.);
#3842 = EDGE_LOOP('',(#3843,#3844,#3845,#3868));
#3843 = ORIENTED_EDGE('',*,*,#3743,.T.);
#3844 = ORIENTED_EDGE('',*,*,#2183,.T.);
#3845 = ORIENTED_EDGE('',*,*,#3846,.F.);
#3846 = EDGE_CURVE('',#3847,#2184,#3849,.T.);
#3847 = VERTEX_POINT('',#3848);
#3848 = CARTESIAN_POINT('',(111.2,27.746194139553,21.894052207726));
#3849 = SURFACE_CURVE('',#3850,(#3854,#3861),.PCURVE_S1.);
#3850 = LINE('',#3851,#3852);
#3851 = CARTESIAN_POINT('',(111.2,27.746194139553,21.894052207726));
#3852 = VECTOR('',#3853,1.);
#3853 = DIRECTION('',(1.,0.,0.));
#3854 = PCURVE('',#2199,#3855);
#3855 = DEFINITIONAL_REPRESENTATION('',(#3856),#3860);
#3856 = LINE('',#3857,#3858);
#3857 = CARTESIAN_POINT('',(12.828658608564,0.));
#3858 = VECTOR('',#3859,1.);
#3859 = DIRECTION('',(0.,-1.));
#3860 = ( GEOMETRIC_REPRESENTATION_CONTEXT(2) 
PARAMETRIC_REPRESENTATION_CONTEXT() REPRESENTATION_CONTEXT('2D SPACE',''
  ) );
#3861 = PCURVE('',#2227,#3862);
#3862 = DEFINITIONAL_REPRESENTATION('',(#3863),#3867);
#3863 = LINE('',#3864,#3865);
#3864 = CARTESIAN_POINT('',(0.,0.));
#3865 = VECTOR('',#3866,1.);
#3866 = DIRECTION('',(0.,-1.));
#3867 = ( GEOMETRIC_REPRESENTATION_CONTEXT(2) 
PARAMETRIC_REPRESENTATION_CONTEXT() REPRESENTATION_CONTEXT('2D SPACE',''
  ) );
#3868 = ORIENTED_EDGE('',*,*,#3869,.F.);
#3869 = EDGE_CURVE('',#3744,#3847,#3870,.T.);
#3870 = SURFACE_CURVE('',#3871,(#3875,#3882),.PCURVE_S1.);
#3871 = LINE('',#3872,#3873);
#3872 = CARTESIAN_POINT('',(111.2,15.,20.441806824905));
#3873 = VECTOR('',#3874,1.);
#3874 = DIRECTION('',(0.,0.993571855677,0.113203213768));
#3875 = PCURVE('',#2199,#3876);
#3876 = DEFINITIONAL_REPRESENTATION('',(#3877),#3881);
#3877 = LINE('',#3878,#3879);
#3878 = CARTESIAN_POINT('',(0.,0.));
#3879 = VECTOR('',#3880,1.);
#3880 = DIRECTION('',(1.,0.));
#3881 = ( GEOMETRIC_REPRESENTATION_CONTEXT(2) 
PARAMETRIC_REPRESENTATION_CONTEXT() REPRESENTATION_CONTEXT('2D SPACE',''
  ) );
#3882 = PCURVE('',#3780,#3883);
#3883 = DEFINITIONAL_REPRESENTATION('',(#3884),#3888);
#3884 = LINE('',#3885,#3886);
#3885 = CARTESIAN_POINT('',(-1.42612269141,6.373097069776));
#3886 = VECTOR('',#3887,1.);
#3887 = DIRECTION('',(0.113203213768,-0.993571855677));
#3888 = ( GEOMETRIC_REPRESENTATION_CONTEXT(2) 
PARAMETRIC_REPRESENTATION_CONTEXT() REPRESENTATION_CONTEXT('2D SPACE',''
  ) );
#3889 = ADVANCED_FACE('',(#3890),#2227,.F.);
#3890 = FACE_BOUND('',#3891,.F.);
#3891 = EDGE_LOOP('',(#3892,#3893,#3894,#3895));
#3892 = ORIENTED_EDGE('',*,*,#3846,.T.);
#3893 = ORIENTED_EDGE('',*,*,#2211,.T.);
#3894 = ORIENTED_EDGE('',*,*,#3795,.F.);
#3895 = ORIENTED_EDGE('',*,*,#3896,.F.);
#3896 = EDGE_CURVE('',#3847,#3796,#3897,.T.);
#3897 = SURFACE_CURVE('',#3898,(#3902,#3909),.PCURVE_S1.);
#3898 = LINE('',#3899,#3900);
#3899 = CARTESIAN_POINT('',(111.2,27.746194139553,21.894052207726));
#3900 = VECTOR('',#3901,1.);
#3901 = DIRECTION('',(0.,0.,1.));
#3902 = PCURVE('',#2227,#3903);
#3903 = DEFINITIONAL_REPRESENTATION('',(#3904),#3908);
#3904 = LINE('',#3905,#3906);
#3905 = CARTESIAN_POINT('',(0.,0.));
#3906 = VECTOR('',#3907,1.);
#3907 = DIRECTION('',(1.,0.));
#3908 = ( GEOMETRIC_REPRESENTATION_CONTEXT(2) 
PARAMETRIC_REPRESENTATION_CONTEXT() REPRESENTATION_CONTEXT('2D SPACE',''
  ) );
#3909 = PCURVE('',#3780,#3910);
#3910 = DEFINITIONAL_REPRESENTATION('',(#3911),#3915);
#3911 = LINE('',#3912,#3913);
#3912 = CARTESIAN_POINT('',(2.61226914104E-02,-6.373097069776));
#3913 = VECTOR('',#3914,1.);
#3914 = DIRECTION('',(1.,0.));
#3915 = ( GEOMETRIC_REPRESENTATION_CONTEXT(2) 
PARAMETRIC_REPRESENTATION_CONTEXT() REPRESENTATION_CONTEXT('2D SPACE',''
  ) );
#3916 = ADVANCED_FACE('',(#3917),#2335,.F.);
#3917 = FACE_BOUND('',#3918,.F.);
#3918 = EDGE_LOOP('',(#3919,#3942,#3943,#3944,#3945,#3968,#3996,#4024));
#3919 = ORIENTED_EDGE('',*,*,#3920,.F.);
#3920 = EDGE_CURVE('',#3365,#3921,#3923,.T.);
#3921 = VERTEX_POINT('',#3922);
#3922 = CARTESIAN_POINT('',(117.9,108.,18.6));
#3923 = SURFACE_CURVE('',#3924,(#3928,#3935),.PCURVE_S1.);
#3924 = LINE('',#3925,#3926);
#3925 = CARTESIAN_POINT('',(117.9,2.4,18.6));
#3926 = VECTOR('',#3927,1.);
#3927 = DIRECTION('',(0.,1.,0.));
#3928 = PCURVE('',#2335,#3929);
#3929 = DEFINITIONAL_REPRESENTATION('',(#3930),#3934);
#3930 = LINE('',#3931,#3932);
#3931 = CARTESIAN_POINT('',(16.2,0.));
#3932 = VECTOR('',#3933,1.);
#3933 = DIRECTION('',(0.,-1.));
#3934 = ( GEOMETRIC_REPRESENTATION_CONTEXT(2) 
PARAMETRIC_REPRESENTATION_CONTEXT() REPRESENTATION_CONTEXT('2D SPACE',''
  ) );
#3935 = PCURVE('',#3403,#3936);
#3936 = DEFINITIONAL_REPRESENTATION('',(#3937),#3941);
#3937 = LINE('',#3938,#3939);
#3938 = CARTESIAN_POINT('',(71.8,0.));
#3939 = VECTOR('',#3940,1.);
#3940 = DIRECTION('',(0.,1.));
#3941 = ( GEOMETRIC_REPRESENTATION_CONTEXT(2) 
PARAMETRIC_REPRESENTATION_CONTEXT() REPRESENTATION_CONTEXT('2D SPACE',''
  ) );
#3942 = ORIENTED_EDGE('',*,*,#3364,.F.);
#3943 = ORIENTED_EDGE('',*,*,#3312,.F.);
#3944 = ORIENTED_EDGE('',*,*,#2320,.T.);
#3945 = ORIENTED_EDGE('',*,*,#3946,.F.);
#3946 = EDGE_CURVE('',#3947,#2292,#3949,.T.);
#3947 = VERTEX_POINT('',#3948);
#3948 = CARTESIAN_POINT('',(117.9,2.4,18.6));
#3949 = SURFACE_CURVE('',#3950,(#3954,#3961),.PCURVE_S1.);
#3950 = LINE('',#3951,#3952);
#3951 = CARTESIAN_POINT('',(117.9,2.4,18.6));
#3952 = VECTOR('',#3953,1.);
#3953 = DIRECTION('',(0.,1.,0.));
#3954 = PCURVE('',#2335,#3955);
#3955 = DEFINITIONAL_REPRESENTATION('',(#3956),#3960);
#3956 = LINE('',#3957,#3958);
#3957 = CARTESIAN_POINT('',(16.2,0.));
#3958 = VECTOR('',#3959,1.);
#3959 = DIRECTION('',(0.,-1.));
#3960 = ( GEOMETRIC_REPRESENTATION_CONTEXT(2) 
PARAMETRIC_REPRESENTATION_CONTEXT() REPRESENTATION_CONTEXT('2D SPACE',''
  ) );
#3961 = PCURVE('',#2308,#3962);
#3962 = DEFINITIONAL_REPRESENTATION('',(#3963),#3967);
#3963 = LINE('',#3964,#3965);
#3964 = CARTESIAN_POINT('',(71.8,0.));
#3965 = VECTOR('',#3966,1.);
#3966 = DIRECTION('',(0.,1.));
#3967 = ( GEOMETRIC_REPRESENTATION_CONTEXT(2) 
PARAMETRIC_REPRESENTATION_CONTEXT() REPRESENTATION_CONTEXT('2D SPACE',''
  ) );
#3968 = ORIENTED_EDGE('',*,*,#3969,.F.);
#3969 = EDGE_CURVE('',#3970,#3947,#3972,.T.);
#3970 = VERTEX_POINT('',#3971);
#3971 = CARTESIAN_POINT('',(117.9,2.4,2.4));
#3972 = SURFACE_CURVE('',#3973,(#3977,#3984),.PCURVE_S1.);
#3973 = LINE('',#3974,#3975);
#3974 = CARTESIAN_POINT('',(117.9,2.4,2.4));
#3975 = VECTOR('',#3976,1.);
#3976 = DIRECTION('',(0.,0.,1.));
#3977 = PCURVE('',#2335,#3978);
#3978 = DEFINITIONAL_REPRESENTATION('',(#3979),#3983);
#3979 = LINE('',#3980,#3981);
#3980 = CARTESIAN_POINT('',(0.,0.));
#3981 = VECTOR('',#3982,1.);
#3982 = DIRECTION('',(1.,0.));
#3983 = ( GEOMETRIC_REPRESENTATION_CONTEXT(2) 
PARAMETRIC_REPRESENTATION_CONTEXT() REPRESENTATION_CONTEXT('2D SPACE',''
  ) );
#3984 = PCURVE('',#3985,#3990);
#3985 = PLANE('',#3986);
#3986 = AXIS2_PLACEMENT_3D('',#3987,#3988,#3989);
#3987 = CARTESIAN_POINT('',(46.1,2.4,2.4));
#3988 = DIRECTION('',(0.,1.,0.));
#3989 = DIRECTION('',(0.,0.,1.));
#3990 = DEFINITIONAL_REPRESENTATION('',(#3991),#3995);
#3991 = LINE('',#3992,#3993);
#3992 = CARTESIAN_POINT('',(0.,71.8));
#3993 = VECTOR('',#3994,1.);
#3994 = DIRECTION('',(1.,0.));
#3995 = ( GEOMETRIC_REPRESENTATION_CONTEXT(2) 
PARAMETRIC_REPRESENTATION_CONTEXT() REPRESENTATION_CONTEXT('2D SPACE',''
  ) );
#3996 = ORIENTED_EDGE('',*,*,#3997,.F.);
#3997 = EDGE_CURVE('',#3998,#3970,#4000,.T.);
#3998 = VERTEX_POINT('',#3999);
#3999 = CARTESIAN_POINT('',(117.9,108.,2.4));
#4000 = SURFACE_CURVE('',#4001,(#4005,#4012),.PCURVE_S1.);
#4001 = LINE('',#4002,#4003);
#4002 = CARTESIAN_POINT('',(117.9,111.37102817447,2.4));
#4003 = VECTOR('',#4004,1.);
#4004 = DIRECTION('',(0.,-1.,0.));
#4005 = PCURVE('',#2335,#4006);
#4006 = DEFINITIONAL_REPRESENTATION('',(#4007),#4011);
#4007 = LINE('',#4008,#4009);
#4008 = CARTESIAN_POINT('',(0.,-108.9710281744));
#4009 = VECTOR('',#4010,1.);
#4010 = DIRECTION('',(0.,1.));
#4011 = ( GEOMETRIC_REPRESENTATION_CONTEXT(2) 
PARAMETRIC_REPRESENTATION_CONTEXT() REPRESENTATION_CONTEXT('2D SPACE',''
  ) );
#4012 = PCURVE('',#4013,#4018);
#4013 = PLANE('',#4014);
#4014 = AXIS2_PLACEMENT_3D('',#4015,#4016,#4017);
#4015 = CARTESIAN_POINT('',(46.1,2.4,2.4));
#4016 = DIRECTION('',(0.,0.,1.));
#4017 = DIRECTION('',(1.,0.,0.));
#4018 = DEFINITIONAL_REPRESENTATION('',(#4019),#4023);
#4019 = LINE('',#4020,#4021);
#4020 = CARTESIAN_POINT('',(71.8,108.97102817447));
#4021 = VECTOR('',#4022,1.);
#4022 = DIRECTION('',(0.,-1.));
#4023 = ( GEOMETRIC_REPRESENTATION_CONTEXT(2) 
PARAMETRIC_REPRESENTATION_CONTEXT() REPRESENTATION_CONTEXT('2D SPACE',''
  ) );
#4024 = ORIENTED_EDGE('',*,*,#4025,.T.);
#4025 = EDGE_CURVE('',#3998,#3921,#4026,.T.);
#4026 = SURFACE_CURVE('',#4027,(#4031,#4037),.PCURVE_S1.);
#4027 = LINE('',#4028,#4029);
#4028 = CARTESIAN_POINT('',(117.9,108.,2.2));
#4029 = VECTOR('',#4030,1.);
#4030 = DIRECTION('',(0.,0.,1.));
#4031 = PCURVE('',#2335,#4032);
#4032 = DEFINITIONAL_REPRESENTATION('',(#4033),#4036);
#4033 = B_SPLINE_CURVE_WITH_KNOTS('',1,(#4034,#4035),.UNSPECIFIED.,.F.,
  .F.,(2,2),(0.2,16.4),.PIECEWISE_BEZIER_KNOTS.);
#4034 = CARTESIAN_POINT('',(0.,-105.6));
#4035 = CARTESIAN_POINT('',(16.2,-105.6));
#4036 = ( GEOMETRIC_REPRESENTATION_CONTEXT(2) 
PARAMETRIC_REPRESENTATION_CONTEXT() REPRESENTATION_CONTEXT('2D SPACE',''
  ) );
#4037 = PCURVE('',#3083,#4038);
#4038 = DEFINITIONAL_REPRESENTATION('',(#4039),#4042);
#4039 = B_SPLINE_CURVE_WITH_KNOTS('',1,(#4040,#4041),.UNSPECIFIED.,.F.,
  .F.,(2,2),(0.2,16.4),.PIECEWISE_BEZIER_KNOTS.);
#4040 = CARTESIAN_POINT('',(0.4,74.3));
#4041 = CARTESIAN_POINT('',(16.6,74.3));
#4042 = ( GEOMETRIC_REPRESENTATION_CONTEXT(2) 
PARAMETRIC_REPRESENTATION_CONTEXT() REPRESENTATION_CONTEXT('2D SPACE',''
  ) );
#4043 = ADVANCED_FACE('',(#4044),#2308,.F.);
#4044 = FACE_BOUND('',#4045,.F.);
#4045 = EDGE_LOOP('',(#4046,#4069,#4090,#4091,#4092));
#4046 = ORIENTED_EDGE('',*,*,#4047,.F.);
#4047 = EDGE_CURVE('',#4048,#2428,#4050,.T.);
#4048 = VERTEX_POINT('',#4049);
#4049 = CARTESIAN_POINT('',(46.1,2.4,18.6));
#4050 = SURFACE_CURVE('',#4051,(#4055,#4062),.PCURVE_S1.);
#4051 = LINE('',#4052,#4053);
#4052 = CARTESIAN_POINT('',(46.1,2.4,18.6));
#4053 = VECTOR('',#4054,1.);
#4054 = DIRECTION('',(0.,1.,0.));
#4055 = PCURVE('',#2308,#4056);
#4056 = DEFINITIONAL_REPRESENTATION('',(#4057),#4061);
#4057 = LINE('',#4058,#4059);
#4058 = CARTESIAN_POINT('',(0.,0.));
#4059 = VECTOR('',#4060,1.);
#4060 = DIRECTION('',(0.,1.));
#4061 = ( GEOMETRIC_REPRESENTATION_CONTEXT(2) 
PARAMETRIC_REPRESENTATION_CONTEXT() REPRESENTATION_CONTEXT('2D SPACE',''
  ) );
#4062 = PCURVE('',#2463,#4063);
#4063 = DEFINITIONAL_REPRESENTATION('',(#4064),#4068);
#4064 = LINE('',#4065,#4066);
#4065 = CARTESIAN_POINT('',(16.2,0.));
#4066 = VECTOR('',#4067,1.);
#4067 = DIRECTION('',(0.,-1.));
#4068 = ( GEOMETRIC_REPRESENTATION_CONTEXT(2) 
PARAMETRIC_REPRESENTATION_CONTEXT() REPRESENTATION_CONTEXT('2D SPACE',''
  ) );
#4069 = ORIENTED_EDGE('',*,*,#4070,.T.);
#4070 = EDGE_CURVE('',#4048,#3947,#4071,.T.);
#4071 = SURFACE_CURVE('',#4072,(#4076,#4083),.PCURVE_S1.);
#4072 = LINE('',#4073,#4074);
#4073 = CARTESIAN_POINT('',(46.1,2.4,18.6));
#4074 = VECTOR('',#4075,1.);
#4075 = DIRECTION('',(1.,0.,0.));
#4076 = PCURVE('',#2308,#4077);
#4077 = DEFINITIONAL_REPRESENTATION('',(#4078),#4082);
#4078 = LINE('',#4079,#4080);
#4079 = CARTESIAN_POINT('',(0.,0.));
#4080 = VECTOR('',#4081,1.);
#4081 = DIRECTION('',(1.,0.));
#4082 = ( GEOMETRIC_REPRESENTATION_CONTEXT(2) 
PARAMETRIC_REPRESENTATION_CONTEXT() REPRESENTATION_CONTEXT('2D SPACE',''
  ) );
#4083 = PCURVE('',#3985,#4084);
#4084 = DEFINITIONAL_REPRESENTATION('',(#4085),#4089);
#4085 = LINE('',#4086,#4087);
#4086 = CARTESIAN_POINT('',(16.2,0.));
#4087 = VECTOR('',#4088,1.);
#4088 = DIRECTION('',(0.,1.));
#4089 = ( GEOMETRIC_REPRESENTATION_CONTEXT(2) 
PARAMETRIC_REPRESENTATION_CONTEXT() REPRESENTATION_CONTEXT('2D SPACE',''
  ) );
#4090 = ORIENTED_EDGE('',*,*,#3946,.T.);
#4091 = ORIENTED_EDGE('',*,*,#2291,.F.);
#4092 = ORIENTED_EDGE('',*,*,#2427,.F.);
#4093 = ADVANCED_FACE('',(#4094,#4372,#4403,#4434,#4465),#2392,.T.);
#4094 = FACE_BOUND('',#4095,.T.);
#4095 = EDGE_LOOP('',(#4096,#4097,#4098,#4099,#4100,#4101,#4102,#4125,
    #4154,#4182,#4211,#4239,#4268,#4296,#4325,#4353));
#4096 = ORIENTED_EDGE('',*,*,#3274,.T.);
#4097 = ORIENTED_EDGE('',*,*,#2681,.T.);
#4098 = ORIENTED_EDGE('',*,*,#2654,.T.);
#4099 = ORIENTED_EDGE('',*,*,#2582,.T.);
#4100 = ORIENTED_EDGE('',*,*,#2529,.F.);
#4101 = ORIENTED_EDGE('',*,*,#2374,.T.);
#4102 = ORIENTED_EDGE('',*,*,#4103,.T.);
#4103 = EDGE_CURVE('',#2377,#4104,#4106,.T.);
#4104 = VERTEX_POINT('',#4105);
#4105 = CARTESIAN_POINT('',(44.6,29.232222657131,2.4));
#4106 = SURFACE_CURVE('',#4107,(#4111,#4118),.PCURVE_S1.);
#4107 = LINE('',#4108,#4109);
#4108 = CARTESIAN_POINT('',(44.6,2.4,2.4));
#4109 = VECTOR('',#4110,1.);
#4110 = DIRECTION('',(0.,1.,0.));
#4111 = PCURVE('',#2392,#4112);
#4112 = DEFINITIONAL_REPRESENTATION('',(#4113),#4117);
#4113 = LINE('',#4114,#4115);
#4114 = CARTESIAN_POINT('',(-1.5,0.));
#4115 = VECTOR('',#4116,1.);
#4116 = DIRECTION('',(0.,1.));
#4117 = ( GEOMETRIC_REPRESENTATION_CONTEXT(2) 
PARAMETRIC_REPRESENTATION_CONTEXT() REPRESENTATION_CONTEXT('2D SPACE',''
  ) );
#4118 = PCURVE('',#2514,#4119);
#4119 = DEFINITIONAL_REPRESENTATION('',(#4120),#4124);
#4120 = LINE('',#4121,#4122);
#4121 = CARTESIAN_POINT('',(0.,0.));
#4122 = VECTOR('',#4123,1.);
#4123 = DIRECTION('',(0.,-1.));
#4124 = ( GEOMETRIC_REPRESENTATION_CONTEXT(2) 
PARAMETRIC_REPRESENTATION_CONTEXT() REPRESENTATION_CONTEXT('2D SPACE',''
  ) );
#4125 = ORIENTED_EDGE('',*,*,#4126,.F.);
#4126 = EDGE_CURVE('',#4127,#4104,#4129,.T.);
#4127 = VERTEX_POINT('',#4128);
#4128 = CARTESIAN_POINT('',(44.6,33.517079714256,2.4));
#4129 = SURFACE_CURVE('',#4130,(#4135,#4142),.PCURVE_S1.);
#4130 = CIRCLE('',#4131,3.);
#4131 = AXIS2_PLACEMENT_3D('',#4132,#4133,#4134);
#4132 = CARTESIAN_POINT('',(42.5,31.374651185693,2.4));
#4133 = DIRECTION('',(0.,0.,1.));
#4134 = DIRECTION('',(1.,0.,0.));
#4135 = PCURVE('',#2392,#4136);
#4136 = DEFINITIONAL_REPRESENTATION('',(#4137),#4141);
#4137 = CIRCLE('',#4138,3.);
#4138 = AXIS2_PLACEMENT_2D('',#4139,#4140);
#4139 = CARTESIAN_POINT('',(-3.6,28.974651185693));
#4140 = DIRECTION('',(1.,0.));
#4141 = ( GEOMETRIC_REPRESENTATION_CONTEXT(2) 
PARAMETRIC_REPRESENTATION_CONTEXT() REPRESENTATION_CONTEXT('2D SPACE',''
  ) );
#4142 = PCURVE('',#4143,#4148);
#4143 = CYLINDRICAL_SURFACE('',#4144,3.);
#4144 = AXIS2_PLACEMENT_3D('',#4145,#4146,#4147);
#4145 = CARTESIAN_POINT('',(42.5,31.374651185693,2.4));
#4146 = DIRECTION('',(-0.,-0.,-1.));
#4147 = DIRECTION('',(1.,0.,0.));
#4148 = DEFINITIONAL_REPRESENTATION('',(#4149),#4153);
#4149 = LINE('',#4150,#4151);
#4150 = CARTESIAN_POINT('',(-0.,0.));
#4151 = VECTOR('',#4152,1.);
#4152 = DIRECTION('',(-1.,0.));
#4153 = ( GEOMETRIC_REPRESENTATION_CONTEXT(2) 
PARAMETRIC_REPRESENTATION_CONTEXT() REPRESENTATION_CONTEXT('2D SPACE',''
  ) );
#4154 = ORIENTED_EDGE('',*,*,#4155,.T.);
#4155 = EDGE_CURVE('',#4127,#4156,#4158,.T.);
#4156 = VERTEX_POINT('',#4157);
#4157 = CARTESIAN_POINT('',(44.6,48.110087914986,2.4));
#4158 = SURFACE_CURVE('',#4159,(#4163,#4170),.PCURVE_S1.);
#4159 = LINE('',#4160,#4161);
#4160 = CARTESIAN_POINT('',(44.6,2.4,2.4));
#4161 = VECTOR('',#4162,1.);
#4162 = DIRECTION('',(0.,1.,0.));
#4163 = PCURVE('',#2392,#4164);
#4164 = DEFINITIONAL_REPRESENTATION('',(#4165),#4169);
#4165 = LINE('',#4166,#4167);
#4166 = CARTESIAN_POINT('',(-1.5,0.));
#4167 = VECTOR('',#4168,1.);
#4168 = DIRECTION('',(0.,1.));
#4169 = ( GEOMETRIC_REPRESENTATION_CONTEXT(2) 
PARAMETRIC_REPRESENTATION_CONTEXT() REPRESENTATION_CONTEXT('2D SPACE',''
  ) );
#4170 = PCURVE('',#4171,#4176);
#4171 = PLANE('',#4172);
#4172 = AXIS2_PLACEMENT_3D('',#4173,#4174,#4175);
#4173 = CARTESIAN_POINT('',(44.6,2.4,2.4));
#4174 = DIRECTION('',(1.,0.,0.));
#4175 = DIRECTION('',(0.,0.,1.));
#4176 = DEFINITIONAL_REPRESENTATION('',(#4177),#4181);
#4177 = LINE('',#4178,#4179);
#4178 = CARTESIAN_POINT('',(0.,0.));
#4179 = VECTOR('',#4180,1.);
#4180 = DIRECTION('',(0.,-1.));
#4181 = ( GEOMETRIC_REPRESENTATION_CONTEXT(2) 
PARAMETRIC_REPRESENTATION_CONTEXT() REPRESENTATION_CONTEXT('2D SPACE',''
  ) );
#4182 = ORIENTED_EDGE('',*,*,#4183,.F.);
#4183 = EDGE_CURVE('',#4184,#4156,#4186,.T.);
#4184 = VERTEX_POINT('',#4185);
#4185 = CARTESIAN_POINT('',(44.6,52.394944972111,2.4));
#4186 = SURFACE_CURVE('',#4187,(#4192,#4199),.PCURVE_S1.);
#4187 = CIRCLE('',#4188,3.);
#4188 = AXIS2_PLACEMENT_3D('',#4189,#4190,#4191);
#4189 = CARTESIAN_POINT('',(42.5,50.252516443549,2.4));
#4190 = DIRECTION('',(0.,0.,1.));
#4191 = DIRECTION('',(1.,0.,0.));
#4192 = PCURVE('',#2392,#4193);
#4193 = DEFINITIONAL_REPRESENTATION('',(#4194),#4198);
#4194 = CIRCLE('',#4195,3.);
#4195 = AXIS2_PLACEMENT_2D('',#4196,#4197);
#4196 = CARTESIAN_POINT('',(-3.6,47.852516443549));
#4197 = DIRECTION('',(1.,0.));
#4198 = ( GEOMETRIC_REPRESENTATION_CONTEXT(2) 
PARAMETRIC_REPRESENTATION_CONTEXT() REPRESENTATION_CONTEXT('2D SPACE',''
  ) );
#4199 = PCURVE('',#4200,#4205);
#4200 = CYLINDRICAL_SURFACE('',#4201,3.);
#4201 = AXIS2_PLACEMENT_3D('',#4202,#4203,#4204);
#4202 = CARTESIAN_POINT('',(42.5,50.252516443549,2.4));
#4203 = DIRECTION('',(-0.,-0.,-1.));
#4204 = DIRECTION('',(1.,0.,0.));
#4205 = DEFINITIONAL_REPRESENTATION('',(#4206),#4210);
#4206 = LINE('',#4207,#4208);
#4207 = CARTESIAN_POINT('',(-0.,0.));
#4208 = VECTOR('',#4209,1.);
#4209 = DIRECTION('',(-1.,0.));
#4210 = ( GEOMETRIC_REPRESENTATION_CONTEXT(2) 
PARAMETRIC_REPRESENTATION_CONTEXT() REPRESENTATION_CONTEXT('2D SPACE',''
  ) );#4211 = ORIENTED_EDGE('',*,*,#4212,.T.);
#4212 = EDGE_CURVE('',#4184,#4213,#4215,.T.);
#4213 = VERTEX_POINT('',#4214);
#4214 = CARTESIAN_POINT('',(44.6,66.987953172841,2.4));
#4215 = SURFACE_CURVE('',#4216,(#4220,#4227),.PCURVE_S1.);
#4216 = LINE('',#4217,#4218);
#4217 = CARTESIAN_POINT('',(44.6,2.4,2.4));
#4218 = VECTOR('',#4219,1.);
#4219 = DIRECTION('',(0.,1.,0.));
#4220 = PCURVE('',#2392,#4221);
#4221 = DEFINITIONAL_REPRESENTATION('',(#4222),#4226);
#4222 = LINE('',#4223,#4224);
#4223 = CARTESIAN_POINT('',(-1.5,0.));
#4224 = VECTOR('',#4225,1.);
#4225 = DIRECTION('',(0.,1.));
#4226 = ( GEOMETRIC_REPRESENTATION_CONTEXT(2) 
PARAMETRIC_REPRESENTATION_CONTEXT() REPRESENTATION_CONTEXT('2D SPACE',''
  ) );
#4227 = PCURVE('',#4228,#4233);
#4228 = PLANE('',#4229);
#4229 = AXIS2_PLACEMENT_3D('',#4230,#4231,#4232);
#4230 = CARTESIAN_POINT('',(44.6,2.4,2.4));
#4231 = DIRECTION('',(1.,0.,0.));
#4232 = DIRECTION('',(0.,0.,1.));
#4233 = DEFINITIONAL_REPRESENTATION('',(#4234),#4238);
#4234 = LINE('',#4235,#4236);
#4235 = CARTESIAN_POINT('',(0.,0.));
#4236 = VECTOR('',#4237,1.);
#4237 = DIRECTION('',(0.,-1.));
#4238 = ( GEOMETRIC_REPRESENTATION_CONTEXT(2) 
PARAMETRIC_REPRESENTATION_CONTEXT() REPRESENTATION_CONTEXT('2D SPACE',''
  ) );
#4239 = ORIENTED_EDGE('',*,*,#4240,.F.);
#4240 = EDGE_CURVE('',#4241,#4213,#4243,.T.);
#4241 = VERTEX_POINT('',#4242);
#4242 = CARTESIAN_POINT('',(44.6,71.272810229967,2.4));
#4243 = SURFACE_CURVE('',#4244,(#4249,#4256),.PCURVE_S1.);
#4244 = CIRCLE('',#4245,3.);
#4245 = AXIS2_PLACEMENT_3D('',#4246,#4247,#4248);
#4246 = CARTESIAN_POINT('',(42.5,69.130381701404,2.4));
#4247 = DIRECTION('',(0.,0.,1.));
#4248 = DIRECTION('',(1.,0.,0.));
#4249 = PCURVE('',#2392,#4250);
#4250 = DEFINITIONAL_REPRESENTATION('',(#4251),#4255);
#4251 = CIRCLE('',#4252,3.);
#4252 = AXIS2_PLACEMENT_2D('',#4253,#4254);
#4253 = CARTESIAN_POINT('',(-3.6,66.730381701404));
#4254 = DIRECTION('',(1.,0.));
#4255 = ( GEOMETRIC_REPRESENTATION_CONTEXT(2) 
PARAMETRIC_REPRESENTATION_CONTEXT() REPRESENTATION_CONTEXT('2D SPACE',''
  ) );
#4256 = PCURVE('',#4257,#4262);
#4257 = CYLINDRICAL_SURFACE('',#4258,3.);
#4258 = AXIS2_PLACEMENT_3D('',#4259,#4260,#4261);
#4259 = CARTESIAN_POINT('',(42.5,69.130381701404,2.4));
#4260 = DIRECTION('',(-0.,-0.,-1.));
#4261 = DIRECTION('',(1.,0.,0.));
#4262 = DEFINITIONAL_REPRESENTATION('',(#4263),#4267);
#4263 = LINE('',#4264,#4265);
#4264 = CARTESIAN_POINT('',(-0.,0.));
#4265 = VECTOR('',#4266,1.);
#4266 = DIRECTION('',(-1.,0.));
#4267 = ( GEOMETRIC_REPRESENTATION_CONTEXT(2) 
PARAMETRIC_REPRESENTATION_CONTEXT() REPRESENTATION_CONTEXT('2D SPACE',''
  ) );
#4268 = ORIENTED_EDGE('',*,*,#4269,.T.);
#4269 = EDGE_CURVE('',#4241,#4270,#4272,.T.);
#4270 = VERTEX_POINT('',#4271);
#4271 = CARTESIAN_POINT('',(44.6,85.865818430696,2.4));
#4272 = SURFACE_CURVE('',#4273,(#4277,#4284),.PCURVE_S1.);
#4273 = LINE('',#4274,#4275);
#4274 = CARTESIAN_POINT('',(44.6,2.4,2.4));
#4275 = VECTOR('',#4276,1.);
#4276 = DIRECTION('',(0.,1.,0.));
#4277 = PCURVE('',#2392,#4278);
#4278 = DEFINITIONAL_REPRESENTATION('',(#4279),#4283);
#4279 = LINE('',#4280,#4281);
#4280 = CARTESIAN_POINT('',(-1.5,0.));
#4281 = VECTOR('',#4282,1.);
#4282 = DIRECTION('',(0.,1.));
#4283 = ( GEOMETRIC_REPRESENTATION_CONTEXT(2) 
PARAMETRIC_REPRESENTATION_CONTEXT() REPRESENTATION_CONTEXT('2D SPACE',''
  ) );
#4284 = PCURVE('',#4285,#4290);
#4285 = PLANE('',#4286);
#4286 = AXIS2_PLACEMENT_3D('',#4287,#4288,#4289);
#4287 = CARTESIAN_POINT('',(44.6,2.4,2.4));
#4288 = DIRECTION('',(1.,0.,0.));
#4289 = DIRECTION('',(0.,0.,1.));
#4290 = DEFINITIONAL_REPRESENTATION('',(#4291),#4295);
#4291 = LINE('',#4292,#4293);
#4292 = CARTESIAN_POINT('',(0.,0.));
#4293 = VECTOR('',#4294,1.);
#4294 = DIRECTION('',(0.,-1.));
#4295 = ( GEOMETRIC_REPRESENTATION_CONTEXT(2) 
PARAMETRIC_REPRESENTATION_CONTEXT() REPRESENTATION_CONTEXT('2D SPACE',''
  ) );
#4296 = ORIENTED_EDGE('',*,*,#4297,.F.);
#4297 = EDGE_CURVE('',#4298,#4270,#4300,.T.);
#4298 = VERTEX_POINT('',#4299);
#4299 = CARTESIAN_POINT('',(44.6,90.150675487822,2.4));
#4300 = SURFACE_CURVE('',#4301,(#4306,#4313),.PCURVE_S1.);
#4301 = CIRCLE('',#4302,3.);
#4302 = AXIS2_PLACEMENT_3D('',#4303,#4304,#4305);
#4303 = CARTESIAN_POINT('',(42.5,88.008246959259,2.4));
#4304 = DIRECTION('',(0.,0.,1.));
#4305 = DIRECTION('',(1.,0.,0.));
#4306 = PCURVE('',#2392,#4307);
#4307 = DEFINITIONAL_REPRESENTATION('',(#4308),#4312);
#4308 = CIRCLE('',#4309,3.);
#4309 = AXIS2_PLACEMENT_2D('',#4310,#4311);
#4310 = CARTESIAN_POINT('',(-3.6,85.608246959259));
#4311 = DIRECTION('',(1.,0.));
#4312 = ( GEOMETRIC_REPRESENTATION_CONTEXT(2) 
PARAMETRIC_REPRESENTATION_CONTEXT() REPRESENTATION_CONTEXT('2D SPACE',''
  ) );
#4313 = PCURVE('',#4314,#4319);
#4314 = CYLINDRICAL_SURFACE('',#4315,3.);
#4315 = AXIS2_PLACEMENT_3D('',#4316,#4317,#4318);
#4316 = CARTESIAN_POINT('',(42.5,88.008246959259,2.4));
#4317 = DIRECTION('',(-0.,-0.,-1.));
#4318 = DIRECTION('',(1.,0.,0.));
#4319 = DEFINITIONAL_REPRESENTATION('',(#4320),#4324);
#4320 = LINE('',#4321,#4322);
#4321 = CARTESIAN_POINT('',(-0.,0.));
#4322 = VECTOR('',#4323,1.);
#4323 = DIRECTION('',(-1.,0.));
#4324 = ( GEOMETRIC_REPRESENTATION_CONTEXT(2) 
PARAMETRIC_REPRESENTATION_CONTEXT() REPRESENTATION_CONTEXT('2D SPACE',''
  ) );
#4325 = ORIENTED_EDGE('',*,*,#4326,.T.);
#4326 = EDGE_CURVE('',#4298,#4327,#4329,.T.);
#4327 = VERTEX_POINT('',#4328);
#4328 = CARTESIAN_POINT('',(44.6,108.,2.4));
#4329 = SURFACE_CURVE('',#4330,(#4334,#4341),.PCURVE_S1.);
#4330 = LINE('',#4331,#4332);
#4331 = CARTESIAN_POINT('',(44.6,2.4,2.4));
#4332 = VECTOR('',#4333,1.);
#4333 = DIRECTION('',(0.,1.,0.));
#4334 = PCURVE('',#2392,#4335);
#4335 = DEFINITIONAL_REPRESENTATION('',(#4336),#4340);
#4336 = LINE('',#4337,#4338);
#4337 = CARTESIAN_POINT('',(-1.5,0.));
#4338 = VECTOR('',#4339,1.);
#4339 = DIRECTION('',(0.,1.));
#4340 = ( GEOMETRIC_REPRESENTATION_CONTEXT(2) 
PARAMETRIC_REPRESENTATION_CONTEXT() REPRESENTATION_CONTEXT('2D SPACE',''
  ) );
#4341 = PCURVE('',#4342,#4347);
#4342 = PLANE('',#4343);
#4343 = AXIS2_PLACEMENT_3D('',#4344,#4345,#4346);
#4344 = CARTESIAN_POINT('',(44.6,2.4,2.4));
#4345 = DIRECTION('',(1.,0.,0.));
#4346 = DIRECTION('',(0.,0.,1.));
#4347 = DEFINITIONAL_REPRESENTATION('',(#4348),#4352);
#4348 = LINE('',#4349,#4350);
#4349 = CARTESIAN_POINT('',(0.,0.));
#4350 = VECTOR('',#4351,1.);
#4351 = DIRECTION('',(0.,-1.));
#4352 = ( GEOMETRIC_REPRESENTATION_CONTEXT(2) 
PARAMETRIC_REPRESENTATION_CONTEXT() REPRESENTATION_CONTEXT('2D SPACE',''
  ) );
#4353 = ORIENTED_EDGE('',*,*,#4354,.T.);
#4354 = EDGE_CURVE('',#4327,#3248,#4355,.T.);
#4355 = SURFACE_CURVE('',#4356,(#4360,#4366),.PCURVE_S1.);
#4356 = LINE('',#4357,#4358);
#4357 = CARTESIAN_POINT('',(44.85,108.,2.4));
#4358 = VECTOR('',#4359,1.);
#4359 = DIRECTION('',(-1.,0.,0.));
#4360 = PCURVE('',#2392,#4361);
#4361 = DEFINITIONAL_REPRESENTATION('',(#4362),#4365);
#4362 = B_SPLINE_CURVE_WITH_KNOTS('',1,(#4363,#4364),.UNSPECIFIED.,.F.,
  .F.,(2,2),(-73.05,1.25),.PIECEWISE_BEZIER_KNOTS.);
#4363 = CARTESIAN_POINT('',(71.8,105.6));
#4364 = CARTESIAN_POINT('',(-2.5,105.6));
#4365 = ( GEOMETRIC_REPRESENTATION_CONTEXT(2) 
PARAMETRIC_REPRESENTATION_CONTEXT() REPRESENTATION_CONTEXT('2D SPACE',''
  ) );
#4366 = PCURVE('',#3083,#4367);
#4367 = DEFINITIONAL_REPRESENTATION('',(#4368),#4371);
#4368 = B_SPLINE_CURVE_WITH_KNOTS('',1,(#4369,#4370),.UNSPECIFIED.,.F.,
  .F.,(2,2),(-73.05,1.25),.PIECEWISE_BEZIER_KNOTS.);
#4369 = CARTESIAN_POINT('',(0.4,74.3));
#4370 = CARTESIAN_POINT('',(0.4,0.));
#4371 = ( GEOMETRIC_REPRESENTATION_CONTEXT(2) 
PARAMETRIC_REPRESENTATION_CONTEXT() REPRESENTATION_CONTEXT('2D SPACE',''
  ) );
#4372 = FACE_BOUND('',#4373,.T.);
#4373 = EDGE_LOOP('',(#4374));
#4374 = ORIENTED_EDGE('',*,*,#4375,.F.);
#4375 = EDGE_CURVE('',#4376,#4376,#4378,.T.);
#4376 = VERTEX_POINT('',#4377);
#4377 = CARTESIAN_POINT('',(26.5,31.374651185693,2.4));
#4378 = SURFACE_CURVE('',#4379,(#4384,#4391),.PCURVE_S1.);
#4379 = CIRCLE('',#4380,3.);
#4380 = AXIS2_PLACEMENT_3D('',#4381,#4382,#4383);
#4381 = CARTESIAN_POINT('',(23.5,31.374651185693,2.4));
#4382 = DIRECTION('',(0.,0.,1.));
#4383 = DIRECTION('',(1.,0.,0.));
#4384 = PCURVE('',#2392,#4385);
#4385 = DEFINITIONAL_REPRESENTATION('',(#4386),#4390);
#4386 = CIRCLE('',#4387,3.);
#4387 = AXIS2_PLACEMENT_2D('',#4388,#4389);
#4388 = CARTESIAN_POINT('',(-22.6,28.974651185693));
#4389 = DIRECTION('',(1.,0.));
#4390 = ( GEOMETRIC_REPRESENTATION_CONTEXT(2) 
PARAMETRIC_REPRESENTATION_CONTEXT() REPRESENTATION_CONTEXT('2D SPACE',''
  ) );
#4391 = PCURVE('',#4392,#4397);
#4392 = CYLINDRICAL_SURFACE('',#4393,3.);
#4393 = AXIS2_PLACEMENT_3D('',#4394,#4395,#4396);
#4394 = CARTESIAN_POINT('',(23.5,31.374651185693,2.4));
#4395 = DIRECTION('',(-0.,-0.,-1.));
#4396 = DIRECTION('',(1.,0.,0.));
#4397 = DEFINITIONAL_REPRESENTATION('',(#4398),#4402);
#4398 = LINE('',#4399,#4400);
#4399 = CARTESIAN_POINT('',(-0.,0.));
#4400 = VECTOR('',#4401,1.);
#4401 = DIRECTION('',(-1.,0.));
#4402 = ( GEOMETRIC_REPRESENTATION_CONTEXT(2) 
PARAMETRIC_REPRESENTATION_CONTEXT() REPRESENTATION_CONTEXT('2D SPACE',''
  ) );
#4403 = FACE_BOUND('',#4404,.T.);
#4404 = EDGE_LOOP('',(#4405));
#4405 = ORIENTED_EDGE('',*,*,#4406,.F.);
#4406 = EDGE_CURVE('',#4407,#4407,#4409,.T.);
#4407 = VERTEX_POINT('',#4408);
#4408 = CARTESIAN_POINT('',(26.5,50.252516443549,2.4));
#4409 = SURFACE_CURVE('',#4410,(#4415,#4422),.PCURVE_S1.);
#4410 = CIRCLE('',#4411,3.);
#4411 = AXIS2_PLACEMENT_3D('',#4412,#4413,#4414);
#4412 = CARTESIAN_POINT('',(23.5,50.252516443549,2.4));
#4413 = DIRECTION('',(0.,0.,1.));
#4414 = DIRECTION('',(1.,0.,0.));
#4415 = PCURVE('',#2392,#4416);
#4416 = DEFINITIONAL_REPRESENTATION('',(#4417),#4421);
#4417 = CIRCLE('',#4418,3.);
#4418 = AXIS2_PLACEMENT_2D('',#4419,#4420);
#4419 = CARTESIAN_POINT('',(-22.6,47.852516443549));
#4420 = DIRECTION('',(1.,0.));
#4421 = ( GEOMETRIC_REPRESENTATION_CONTEXT(2) 
PARAMETRIC_REPRESENTATION_CONTEXT() REPRESENTATION_CONTEXT('2D SPACE',''
  ) );
#4422 = PCURVE('',#4423,#4428);
#4423 = CYLINDRICAL_SURFACE('',#4424,3.);
#4424 = AXIS2_PLACEMENT_3D('',#4425,#4426,#4427);
#4425 = CARTESIAN_POINT('',(23.5,50.252516443549,2.4));
#4426 = DIRECTION('',(-0.,-0.,-1.));
#4427 = DIRECTION('',(1.,0.,0.));
#4428 = DEFINITIONAL_REPRESENTATION('',(#4429),#4433);
#4429 = LINE('',#4430,#4431);
#4430 = CARTESIAN_POINT('',(-0.,0.));
#4431 = VECTOR('',#4432,1.);
#4432 = DIRECTION('',(-1.,0.));
#4433 = ( GEOMETRIC_REPRESENTATION_CONTEXT(2) 
PARAMETRIC_REPRESENTATION_CONTEXT() REPRESENTATION_CONTEXT('2D SPACE',''
  ) );
#4434 = FACE_BOUND('',#4435,.T.);
#4435 = EDGE_LOOP('',(#4436));
#4436 = ORIENTED_EDGE('',*,*,#4437,.F.);
#4437 = EDGE_CURVE('',#4438,#4438,#4440,.T.);
#4438 = VERTEX_POINT('',#4439);
#4439 = CARTESIAN_POINT('',(26.5,69.130381701404,2.4));
#4440 = SURFACE_CURVE('',#4441,(#4446,#4453),.PCURVE_S1.);
#4441 = CIRCLE('',#4442,3.);
#4442 = AXIS2_PLACEMENT_3D('',#4443,#4444,#4445);
#4443 = CARTESIAN_POINT('',(23.5,69.130381701404,2.4));
#4444 = DIRECTION('',(0.,0.,1.));
#4445 = DIRECTION('',(1.,0.,0.));
#4446 = PCURVE('',#2392,#4447);
#4447 = DEFINITIONAL_REPRESENTATION('',(#4448),#4452);
#4448 = CIRCLE('',#4449,3.);
#4449 = AXIS2_PLACEMENT_2D('',#4450,#4451);
#4450 = CARTESIAN_POINT('',(-22.6,66.730381701404));
#4451 = DIRECTION('',(1.,0.));
#4452 = ( GEOMETRIC_REPRESENTATION_CONTEXT(2) 
PARAMETRIC_REPRESENTATION_CONTEXT() REPRESENTATION_CONTEXT('2D SPACE',''
  ) );
#4453 = PCURVE('',#4454,#4459);
#4454 = CYLINDRICAL_SURFACE('',#4455,3.);
#4455 = AXIS2_PLACEMENT_3D('',#4456,#4457,#4458);
#4456 = CARTESIAN_POINT('',(23.5,69.130381701404,2.4));
#4457 = DIRECTION('',(-0.,-0.,-1.));
#4458 = DIRECTION('',(1.,0.,0.));
#4459 = DEFINITIONAL_REPRESENTATION('',(#4460),#4464);
#4460 = LINE('',#4461,#4462);
#4461 = CARTESIAN_POINT('',(-0.,0.));
#4462 = VECTOR('',#4463,1.);
#4463 = DIRECTION('',(-1.,0.));
#4464 = ( GEOMETRIC_REPRESENTATION_CONTEXT(2) 
PARAMETRIC_REPRESENTATION_CONTEXT() REPRESENTATION_CONTEXT('2D SPACE',''
  ) );
#4465 = FACE_BOUND('',#4466,.T.);
#4466 = EDGE_LOOP('',(#4467));
#4467 = ORIENTED_EDGE('',*,*,#4468,.F.);
#4468 = EDGE_CURVE('',#4469,#4469,#4471,.T.);
#4469 = VERTEX_POINT('',#4470);
#4470 = CARTESIAN_POINT('',(26.5,88.008246959259,2.4));
#4471 = SURFACE_CURVE('',#4472,(#4477,#4484),.PCURVE_S1.);
#4472 = CIRCLE('',#4473,3.);
#4473 = AXIS2_PLACEMENT_3D('',#4474,#4475,#4476);
#4474 = CARTESIAN_POINT('',(23.5,88.008246959259,2.4));
#4475 = DIRECTION('',(0.,0.,1.));
#4476 = DIRECTION('',(1.,0.,0.));
#4477 = PCURVE('',#2392,#4478);
#4478 = DEFINITIONAL_REPRESENTATION('',(#4479),#4483);
#4479 = CIRCLE('',#4480,3.);
#4480 = AXIS2_PLACEMENT_2D('',#4481,#4482);
#4481 = CARTESIAN_POINT('',(-22.6,85.608246959259));
#4482 = DIRECTION('',(1.,0.));
#4483 = ( GEOMETRIC_REPRESENTATION_CONTEXT(2) 
PARAMETRIC_REPRESENTATION_CONTEXT() REPRESENTATION_CONTEXT('2D SPACE',''
  ) );
#4484 = PCURVE('',#4485,#4490);
#4485 = CYLINDRICAL_SURFACE('',#4486,3.);
#4486 = AXIS2_PLACEMENT_3D('',#4487,#4488,#4489);
#4487 = CARTESIAN_POINT('',(23.5,88.008246959259,2.4));
#4488 = DIRECTION('',(-0.,-0.,-1.));
#4489 = DIRECTION('',(1.,0.,0.));
#4490 = DEFINITIONAL_REPRESENTATION('',(#4491),#4495);
#4491 = LINE('',#4492,#4493);
#4492 = CARTESIAN_POINT('',(-0.,0.));
#4493 = VECTOR('',#4494,1.);
#4494 = DIRECTION('',(-1.,0.));
#4495 = ( GEOMETRIC_REPRESENTATION_CONTEXT(2) 
PARAMETRIC_REPRESENTATION_CONTEXT() REPRESENTATION_CONTEXT('2D SPACE',''
  ) );
#4496 = ADVANCED_FACE('',(#4497),#2514,.F.);
#4497 = FACE_BOUND('',#4498,.F.);
#4498 = EDGE_LOOP('',(#4499,#4522,#4523,#4524));
#4499 = ORIENTED_EDGE('',*,*,#4500,.F.);
#4500 = EDGE_CURVE('',#2476,#4501,#4503,.T.);
#4501 = VERTEX_POINT('',#4502);
#4502 = CARTESIAN_POINT('',(44.6,29.232222657131,5.4));
#4503 = SURFACE_CURVE('',#4504,(#4508,#4515),.PCURVE_S1.);
#4504 = LINE('',#4505,#4506);
#4505 = CARTESIAN_POINT('',(44.6,2.4,5.4));
#4506 = VECTOR('',#4507,1.);
#4507 = DIRECTION('',(0.,1.,0.));
#4508 = PCURVE('',#2514,#4509);
#4509 = DEFINITIONAL_REPRESENTATION('',(#4510),#4514);
#4510 = LINE('',#4511,#4512);
#4511 = CARTESIAN_POINT('',(3.,0.));
#4512 = VECTOR('',#4513,1.);
#4513 = DIRECTION('',(0.,-1.));
#4514 = ( GEOMETRIC_REPRESENTATION_CONTEXT(2) 
PARAMETRIC_REPRESENTATION_CONTEXT() REPRESENTATION_CONTEXT('2D SPACE',''
  ) );
#4515 = PCURVE('',#2490,#4516);
#4516 = DEFINITIONAL_REPRESENTATION('',(#4517),#4521);
#4517 = LINE('',#4518,#4519);
#4518 = CARTESIAN_POINT('',(0.,0.));
#4519 = VECTOR('',#4520,1.);
#4520 = DIRECTION('',(0.,1.));
#4521 = ( GEOMETRIC_REPRESENTATION_CONTEXT(2) 
PARAMETRIC_REPRESENTATION_CONTEXT() REPRESENTATION_CONTEXT('2D SPACE',''
  ) );
#4522 = ORIENTED_EDGE('',*,*,#2501,.T.);
#4523 = ORIENTED_EDGE('',*,*,#4103,.T.);
#4524 = ORIENTED_EDGE('',*,*,#4525,.F.);
#4525 = EDGE_CURVE('',#4501,#4104,#4526,.T.);
#4526 = SURFACE_CURVE('',#4527,(#4531,#4537),.PCURVE_S1.);
#4527 = LINE('',#4528,#4529);
#4528 = CARTESIAN_POINT('',(44.6,29.232222657131,2.4));
#4529 = VECTOR('',#4530,1.);
#4530 = DIRECTION('',(-0.,-0.,-1.));
#4531 = PCURVE('',#2514,#4532);
#4532 = DEFINITIONAL_REPRESENTATION('',(#4533),#4536);
#4533 = B_SPLINE_CURVE_WITH_KNOTS('',1,(#4534,#4535),.UNSPECIFIED.,.F.,
  .F.,(2,2),(-3.3,5.999999999062E-07),.PIECEWISE_BEZIER_KNOTS.);
#4534 = CARTESIAN_POINT('',(3.3,-26.83222265713));
#4535 = CARTESIAN_POINT('',(-5.999999999062E-07,-26.83222265713));
#4536 = ( GEOMETRIC_REPRESENTATION_CONTEXT(2) 
PARAMETRIC_REPRESENTATION_CONTEXT() REPRESENTATION_CONTEXT('2D SPACE',''
  ) );
#4537 = PCURVE('',#4143,#4538);
#4538 = DEFINITIONAL_REPRESENTATION('',(#4539),#4542);
#4539 = B_SPLINE_CURVE_WITH_KNOTS('',1,(#4540,#4541),.UNSPECIFIED.,.F.,
  .F.,(2,2),(-3.3,5.999999999062E-07),.PIECEWISE_BEZIER_KNOTS.);
#4540 = CARTESIAN_POINT('',(-5.487786476995,-3.3));
#4541 = CARTESIAN_POINT('',(-5.487786476995,5.999999999062E-07));
#4542 = ( GEOMETRIC_REPRESENTATION_CONTEXT(2) 
PARAMETRIC_REPRESENTATION_CONTEXT() REPRESENTATION_CONTEXT('2D SPACE',''
  ) );
#4543 = ADVANCED_FACE('',(#4544),#2490,.T.);
#4544 = FACE_BOUND('',#4545,.T.);
#4545 = EDGE_LOOP('',(#4546,#4547,#4548,#4571,#4592,#4615,#4643,#4671,
    #4694,#4722,#4750,#4773,#4801,#4829,#4852,#4880));
#4546 = ORIENTED_EDGE('',*,*,#4500,.F.);
#4547 = ORIENTED_EDGE('',*,*,#2475,.T.);
#4548 = ORIENTED_EDGE('',*,*,#4549,.T.);
#4549 = EDGE_CURVE('',#2449,#4550,#4552,.T.);
#4550 = VERTEX_POINT('',#4551);
#4551 = CARTESIAN_POINT('',(46.1,108.,5.4));
#4552 = SURFACE_CURVE('',#4553,(#4557,#4564),.PCURVE_S1.);
#4553 = LINE('',#4554,#4555);
#4554 = CARTESIAN_POINT('',(46.1,2.4,5.4));
#4555 = VECTOR('',#4556,1.);
#4556 = DIRECTION('',(0.,1.,0.));
#4557 = PCURVE('',#2490,#4558);
#4558 = DEFINITIONAL_REPRESENTATION('',(#4559),#4563);
#4559 = LINE('',#4560,#4561);
#4560 = CARTESIAN_POINT('',(1.5,0.));
#4561 = VECTOR('',#4562,1.);
#4562 = DIRECTION('',(0.,1.));
#4563 = ( GEOMETRIC_REPRESENTATION_CONTEXT(2) 
PARAMETRIC_REPRESENTATION_CONTEXT() REPRESENTATION_CONTEXT('2D SPACE',''
  ) );
#4564 = PCURVE('',#2463,#4565);
#4565 = DEFINITIONAL_REPRESENTATION('',(#4566),#4570);
#4566 = LINE('',#4567,#4568);
#4567 = CARTESIAN_POINT('',(3.,0.));
#4568 = VECTOR('',#4569,1.);
#4569 = DIRECTION('',(0.,-1.));
#4570 = ( GEOMETRIC_REPRESENTATION_CONTEXT(2) 
PARAMETRIC_REPRESENTATION_CONTEXT() REPRESENTATION_CONTEXT('2D SPACE',''
  ) );
#4571 = ORIENTED_EDGE('',*,*,#4572,.T.);
#4572 = EDGE_CURVE('',#4550,#4573,#4575,.T.);
#4573 = VERTEX_POINT('',#4574);
#4574 = CARTESIAN_POINT('',(44.6,108.,5.4));
#4575 = SURFACE_CURVE('',#4576,(#4580,#4586),.PCURVE_S1.);
#4576 = LINE('',#4577,#4578);
#4577 = CARTESIAN_POINT('',(44.1,108.,5.4));
#4578 = VECTOR('',#4579,1.);
#4579 = DIRECTION('',(-1.,0.,0.));
#4580 = PCURVE('',#2490,#4581);
#4581 = DEFINITIONAL_REPRESENTATION('',(#4582),#4585);
#4582 = B_SPLINE_CURVE_WITH_KNOTS('',1,(#4583,#4584),.UNSPECIFIED.,.F.,
  .F.,(2,2),(-2.,-0.5),.PIECEWISE_BEZIER_KNOTS.);
#4583 = CARTESIAN_POINT('',(1.5,105.6));
#4584 = CARTESIAN_POINT('',(-2.04281036531E-14,105.6));
#4585 = ( GEOMETRIC_REPRESENTATION_CONTEXT(2) 
PARAMETRIC_REPRESENTATION_CONTEXT() REPRESENTATION_CONTEXT('2D SPACE',''
  ) );
#4586 = PCURVE('',#3083,#4587);
#4587 = DEFINITIONAL_REPRESENTATION('',(#4588),#4591);
#4588 = B_SPLINE_CURVE_WITH_KNOTS('',1,(#4589,#4590),.UNSPECIFIED.,.F.,
  .F.,(2,2),(-2.,-0.5),.PIECEWISE_BEZIER_KNOTS.);
#4589 = CARTESIAN_POINT('',(3.4,2.5));
#4590 = CARTESIAN_POINT('',(3.4,1.));
#4591 = ( GEOMETRIC_REPRESENTATION_CONTEXT(2) 
PARAMETRIC_REPRESENTATION_CONTEXT() REPRESENTATION_CONTEXT('2D SPACE',''
  ) );
#4592 = ORIENTED_EDGE('',*,*,#4593,.F.);
#4593 = EDGE_CURVE('',#4594,#4573,#4596,.T.);
#4594 = VERTEX_POINT('',#4595);
#4595 = CARTESIAN_POINT('',(44.6,90.150675487821,5.4));
#4596 = SURFACE_CURVE('',#4597,(#4601,#4608),.PCURVE_S1.);
#4597 = LINE('',#4598,#4599);
#4598 = CARTESIAN_POINT('',(44.6,2.4,5.4));
#4599 = VECTOR('',#4600,1.);
#4600 = DIRECTION('',(0.,1.,0.));
#4601 = PCURVE('',#2490,#4602);
#4602 = DEFINITIONAL_REPRESENTATION('',(#4603),#4607);
#4603 = LINE('',#4604,#4605);
#4604 = CARTESIAN_POINT('',(0.,0.));
#4605 = VECTOR('',#4606,1.);
#4606 = DIRECTION('',(0.,1.));
#4607 = ( GEOMETRIC_REPRESENTATION_CONTEXT(2) 
PARAMETRIC_REPRESENTATION_CONTEXT() REPRESENTATION_CONTEXT('2D SPACE',''
  ) );
#4608 = PCURVE('',#4342,#4609);
#4609 = DEFINITIONAL_REPRESENTATION('',(#4610),#4614);
#4610 = LINE('',#4611,#4612);
#4611 = CARTESIAN_POINT('',(3.,0.));
#4612 = VECTOR('',#4613,1.);
#4613 = DIRECTION('',(0.,-1.));
#4614 = ( GEOMETRIC_REPRESENTATION_CONTEXT(2) 
PARAMETRIC_REPRESENTATION_CONTEXT() REPRESENTATION_CONTEXT('2D SPACE',''
  ) );
#4615 = ORIENTED_EDGE('',*,*,#4616,.T.);
#4616 = EDGE_CURVE('',#4594,#4617,#4619,.T.);
#4617 = VERTEX_POINT('',#4618);
#4618 = CARTESIAN_POINT('',(45.5,88.008246959259,5.4));
#4619 = SURFACE_CURVE('',#4620,(#4625,#4636),.PCURVE_S1.);
#4620 = CIRCLE('',#4621,3.);
#4621 = AXIS2_PLACEMENT_3D('',#4622,#4623,#4624);
#4622 = CARTESIAN_POINT('',(42.5,88.008246959259,5.4));
#4623 = DIRECTION('',(0.,0.,-1.));
#4624 = DIRECTION('',(1.,0.,0.));
#4625 = PCURVE('',#2490,#4626);
#4626 = DEFINITIONAL_REPRESENTATION('',(#4627),#4635);
#4627 = ( BOUNDED_CURVE() B_SPLINE_CURVE(2,(#4628,#4629,#4630,#4631,
#4632,#4633,#4634),.UNSPECIFIED.,.T.,.F.) B_SPLINE_CURVE_WITH_KNOTS((1,2
    ,2,2,2,1),(-2.094395102393,0.,2.094395102393,4.188790204786,
6.28318530718,8.377580409573),.UNSPECIFIED.) CURVE() 
GEOMETRIC_REPRESENTATION_ITEM() RATIONAL_B_SPLINE_CURVE((1.,0.5,1.,0.5,
1.,0.5,1.)) REPRESENTATION_ITEM('') );
#4628 = CARTESIAN_POINT('',(0.9,85.608246959259));
#4629 = CARTESIAN_POINT('',(0.9,80.412094536552));
#4630 = CARTESIAN_POINT('',(-3.6,83.010170747906));
#4631 = CARTESIAN_POINT('',(-8.1,85.608246959259));
#4632 = CARTESIAN_POINT('',(-3.6,88.206323170612));
#4633 = CARTESIAN_POINT('',(0.9,90.804399381966));
#4634 = CARTESIAN_POINT('',(0.9,85.608246959259));
#4635 = ( GEOMETRIC_REPRESENTATION_CONTEXT(2) 
PARAMETRIC_REPRESENTATION_CONTEXT() REPRESENTATION_CONTEXT('2D SPACE',''
  ) );
#4636 = PCURVE('',#4314,#4637);
#4637 = DEFINITIONAL_REPRESENTATION('',(#4638),#4642);
#4638 = LINE('',#4639,#4640);
#4639 = CARTESIAN_POINT('',(-6.28318530718,-3.));
#4640 = VECTOR('',#4641,1.);
#4641 = DIRECTION('',(1.,-0.));
#4642 = ( GEOMETRIC_REPRESENTATION_CONTEXT(2) 
PARAMETRIC_REPRESENTATION_CONTEXT() REPRESENTATION_CONTEXT('2D SPACE',''
  ) );
#4643 = ORIENTED_EDGE('',*,*,#4644,.T.);
#4644 = EDGE_CURVE('',#4617,#4645,#4647,.T.);
#4645 = VERTEX_POINT('',#4646);
#4646 = CARTESIAN_POINT('',(44.6,85.865818430696,5.4));
#4647 = SURFACE_CURVE('',#4648,(#4653,#4664),.PCURVE_S1.);
#4648 = CIRCLE('',#4649,3.);
#4649 = AXIS2_PLACEMENT_3D('',#4650,#4651,#4652);
#4650 = CARTESIAN_POINT('',(42.5,88.008246959259,5.4));
#4651 = DIRECTION('',(0.,0.,-1.));
#4652 = DIRECTION('',(1.,0.,0.));
#4653 = PCURVE('',#2490,#4654);
#4654 = DEFINITIONAL_REPRESENTATION('',(#4655),#4663);
#4655 = ( BOUNDED_CURVE() B_SPLINE_CURVE(2,(#4656,#4657,#4658,#4659,
#4660,#4661,#4662),.UNSPECIFIED.,.T.,.F.) B_SPLINE_CURVE_WITH_KNOTS((1,2
    ,2,2,2,1),(-2.094395102393,0.,2.094395102393,4.188790204786,
6.28318530718,8.377580409573),.UNSPECIFIED.) CURVE() 
GEOMETRIC_REPRESENTATION_ITEM() RATIONAL_B_SPLINE_CURVE((1.,0.5,1.,0.5,
1.,0.5,1.)) REPRESENTATION_ITEM('') );
#4656 = CARTESIAN_POINT('',(0.9,85.608246959259));
#4657 = CARTESIAN_POINT('',(0.9,80.412094536552));
#4658 = CARTESIAN_POINT('',(-3.6,83.010170747906));
#4659 = CARTESIAN_POINT('',(-8.1,85.608246959259));
#4660 = CARTESIAN_POINT('',(-3.6,88.206323170612));
#4661 = CARTESIAN_POINT('',(0.9,90.804399381966));
#4662 = CARTESIAN_POINT('',(0.9,85.608246959259));
#4663 = ( GEOMETRIC_REPRESENTATION_CONTEXT(2) 
PARAMETRIC_REPRESENTATION_CONTEXT() REPRESENTATION_CONTEXT('2D SPACE',''
  ) );
#4664 = PCURVE('',#4314,#4665);
#4665 = DEFINITIONAL_REPRESENTATION('',(#4666),#4670);
#4666 = LINE('',#4667,#4668);
#4667 = CARTESIAN_POINT('',(-6.28318530718,-3.));
#4668 = VECTOR('',#4669,1.);
#4669 = DIRECTION('',(1.,-0.));
#4670 = ( GEOMETRIC_REPRESENTATION_CONTEXT(2) 
PARAMETRIC_REPRESENTATION_CONTEXT() REPRESENTATION_CONTEXT('2D SPACE',''
  ) );
#4671 = ORIENTED_EDGE('',*,*,#4672,.F.);
#4672 = EDGE_CURVE('',#4673,#4645,#4675,.T.);
#4673 = VERTEX_POINT('',#4674);
#4674 = CARTESIAN_POINT('',(44.6,71.272810229966,5.4));
#4675 = SURFACE_CURVE('',#4676,(#4680,#4687),.PCURVE_S1.);
#4676 = LINE('',#4677,#4678);
#4677 = CARTESIAN_POINT('',(44.6,2.4,5.4));
#4678 = VECTOR('',#4679,1.);
#4679 = DIRECTION('',(0.,1.,0.));
#4680 = PCURVE('',#2490,#4681);
#4681 = DEFINITIONAL_REPRESENTATION('',(#4682),#4686);
#4682 = LINE('',#4683,#4684);
#4683 = CARTESIAN_POINT('',(0.,0.));
#4684 = VECTOR('',#4685,1.);
#4685 = DIRECTION('',(0.,1.));
#4686 = ( GEOMETRIC_REPRESENTATION_CONTEXT(2) 
PARAMETRIC_REPRESENTATION_CONTEXT() REPRESENTATION_CONTEXT('2D SPACE',''
  ) );
#4687 = PCURVE('',#4285,#4688);
#4688 = DEFINITIONAL_REPRESENTATION('',(#4689),#4693);
#4689 = LINE('',#4690,#4691);
#4690 = CARTESIAN_POINT('',(3.,0.));
#4691 = VECTOR('',#4692,1.);
#4692 = DIRECTION('',(0.,-1.));
#4693 = ( GEOMETRIC_REPRESENTATION_CONTEXT(2) 
PARAMETRIC_REPRESENTATION_CONTEXT() REPRESENTATION_CONTEXT('2D SPACE',''
  ) );
#4694 = ORIENTED_EDGE('',*,*,#4695,.T.);
#4695 = EDGE_CURVE('',#4673,#4696,#4698,.T.);
#4696 = VERTEX_POINT('',#4697);
#4697 = CARTESIAN_POINT('',(45.5,69.130381701404,5.4));
#4698 = SURFACE_CURVE('',#4699,(#4704,#4715),.PCURVE_S1.);
#4699 = CIRCLE('',#4700,3.);
#4700 = AXIS2_PLACEMENT_3D('',#4701,#4702,#4703);
#4701 = CARTESIAN_POINT('',(42.5,69.130381701404,5.4));
#4702 = DIRECTION('',(0.,0.,-1.));
#4703 = DIRECTION('',(1.,0.,0.));
#4704 = PCURVE('',#2490,#4705);
#4705 = DEFINITIONAL_REPRESENTATION('',(#4706),#4714);
#4706 = ( BOUNDED_CURVE() B_SPLINE_CURVE(2,(#4707,#4708,#4709,#4710,
#4711,#4712,#4713),.UNSPECIFIED.,.T.,.F.) B_SPLINE_CURVE_WITH_KNOTS((1,2
    ,2,2,2,1),(-2.094395102393,0.,2.094395102393,4.188790204786,
6.28318530718,8.377580409573),.UNSPECIFIED.) CURVE() 
GEOMETRIC_REPRESENTATION_ITEM() RATIONAL_B_SPLINE_CURVE((1.,0.5,1.,0.5,
1.,0.5,1.)) REPRESENTATION_ITEM('') );
#4707 = CARTESIAN_POINT('',(0.9,66.730381701404));
#4708 = CARTESIAN_POINT('',(0.9,61.534229278697));
#4709 = CARTESIAN_POINT('',(-3.6,64.13230549005));
#4710 = CARTESIAN_POINT('',(-8.1,66.730381701404));
#4711 = CARTESIAN_POINT('',(-3.6,69.328457912757));
#4712 = CARTESIAN_POINT('',(0.9,71.92653412411));
#4713 = CARTESIAN_POINT('',(0.9,66.730381701404));
#4714 = ( GEOMETRIC_REPRESENTATION_CONTEXT(2) 
PARAMETRIC_REPRESENTATION_CONTEXT() REPRESENTATION_CONTEXT('2D SPACE',''
  ) );
#4715 = PCURVE('',#4257,#4716);
#4716 = DEFINITIONAL_REPRESENTATION('',(#4717),#4721);
#4717 = LINE('',#4718,#4719);
#4718 = CARTESIAN_POINT('',(-6.28318530718,-3.));
#4719 = VECTOR('',#4720,1.);
#4720 = DIRECTION('',(1.,-0.));
#4721 = ( GEOMETRIC_REPRESENTATION_CONTEXT(2) 
PARAMETRIC_REPRESENTATION_CONTEXT() REPRESENTATION_CONTEXT('2D SPACE',''
  ) );
#4722 = ORIENTED_EDGE('',*,*,#4723,.T.);
#4723 = EDGE_CURVE('',#4696,#4724,#4726,.T.);
#4724 = VERTEX_POINT('',#4725);
#4725 = CARTESIAN_POINT('',(44.6,66.987953172841,5.4));
#4726 = SURFACE_CURVE('',#4727,(#4732,#4743),.PCURVE_S1.);
#4727 = CIRCLE('',#4728,3.);
#4728 = AXIS2_PLACEMENT_3D('',#4729,#4730,#4731);
#4729 = CARTESIAN_POINT('',(42.5,69.130381701404,5.4));
#4730 = DIRECTION('',(0.,0.,-1.));
#4731 = DIRECTION('',(1.,0.,0.));
#4732 = PCURVE('',#2490,#4733);
#4733 = DEFINITIONAL_REPRESENTATION('',(#4734),#4742);
#4734 = ( BOUNDED_CURVE() B_SPLINE_CURVE(2,(#4735,#4736,#4737,#4738,
#4739,#4740,#4741),.UNSPECIFIED.,.T.,.F.) B_SPLINE_CURVE_WITH_KNOTS((1,2
    ,2,2,2,1),(-2.094395102393,0.,2.094395102393,4.188790204786,
6.28318530718,8.377580409573),.UNSPECIFIED.) CURVE() 
GEOMETRIC_REPRESENTATION_ITEM() RATIONAL_B_SPLINE_CURVE((1.,0.5,1.,0.5,
1.,0.5,1.)) REPRESENTATION_ITEM('') );
#4735 = CARTESIAN_POINT('',(0.9,66.730381701404));
#4736 = CARTESIAN_POINT('',(0.9,61.534229278697));
#4737 = CARTESIAN_POINT('',(-3.6,64.13230549005));
#4738 = CARTESIAN_POINT('',(-8.1,66.730381701404));
#4739 = CARTESIAN_POINT('',(-3.6,69.328457912757));
#4740 = CARTESIAN_POINT('',(0.9,71.92653412411));
#4741 = CARTESIAN_POINT('',(0.9,66.730381701404));
#4742 = ( GEOMETRIC_REPRESENTATION_CONTEXT(2) 
PARAMETRIC_REPRESENTATION_CONTEXT() REPRESENTATION_CONTEXT('2D SPACE',''
  ) );
#4743 = PCURVE('',#4257,#4744);
#4744 = DEFINITIONAL_REPRESENTATION('',(#4745),#4749);
#4745 = LINE('',#4746,#4747);
#4746 = CARTESIAN_POINT('',(-6.28318530718,-3.));
#4747 = VECTOR('',#4748,1.);
#4748 = DIRECTION('',(1.,-0.));
#4749 = ( GEOMETRIC_REPRESENTATION_CONTEXT(2) 
PARAMETRIC_REPRESENTATION_CONTEXT() REPRESENTATION_CONTEXT('2D SPACE',''
  ) );
#4750 = ORIENTED_EDGE('',*,*,#4751,.F.);
#4751 = EDGE_CURVE('',#4752,#4724,#4754,.T.);
#4752 = VERTEX_POINT('',#4753);
#4753 = CARTESIAN_POINT('',(44.6,52.394944972112,5.4));
#4754 = SURFACE_CURVE('',#4755,(#4759,#4766),.PCURVE_S1.);
#4755 = LINE('',#4756,#4757);
#4756 = CARTESIAN_POINT('',(44.6,2.4,5.4));
#4757 = VECTOR('',#4758,1.);
#4758 = DIRECTION('',(0.,1.,0.));
#4759 = PCURVE('',#2490,#4760);
#4760 = DEFINITIONAL_REPRESENTATION('',(#4761),#4765);
#4761 = LINE('',#4762,#4763);
#4762 = CARTESIAN_POINT('',(0.,0.));
#4763 = VECTOR('',#4764,1.);
#4764 = DIRECTION('',(0.,1.));
#4765 = ( GEOMETRIC_REPRESENTATION_CONTEXT(2) 
PARAMETRIC_REPRESENTATION_CONTEXT() REPRESENTATION_CONTEXT('2D SPACE',''
  ) );
#4766 = PCURVE('',#4228,#4767);
#4767 = DEFINITIONAL_REPRESENTATION('',(#4768),#4772);
#4768 = LINE('',#4769,#4770);
#4769 = CARTESIAN_POINT('',(3.,0.));
#4770 = VECTOR('',#4771,1.);
#4771 = DIRECTION('',(0.,-1.));
#4772 = ( GEOMETRIC_REPRESENTATION_CONTEXT(2) 
PARAMETRIC_REPRESENTATION_CONTEXT() REPRESENTATION_CONTEXT('2D SPACE',''
  ) );
#4773 = ORIENTED_EDGE('',*,*,#4774,.T.);
#4774 = EDGE_CURVE('',#4752,#4775,#4777,.T.);
#4775 = VERTEX_POINT('',#4776);
#4776 = CARTESIAN_POINT('',(45.5,50.252516443549,5.4));
#4777 = SURFACE_CURVE('',#4778,(#4783,#4794),.PCURVE_S1.);
#4778 = CIRCLE('',#4779,3.);
#4779 = AXIS2_PLACEMENT_3D('',#4780,#4781,#4782);
#4780 = CARTESIAN_POINT('',(42.5,50.252516443549,5.4));
#4781 = DIRECTION('',(0.,0.,-1.));
#4782 = DIRECTION('',(1.,0.,0.));
#4783 = PCURVE('',#2490,#4784);
#4784 = DEFINITIONAL_REPRESENTATION('',(#4785),#4793);
#4785 = ( BOUNDED_CURVE() B_SPLINE_CURVE(2,(#4786,#4787,#4788,#4789,
#4790,#4791,#4792),.UNSPECIFIED.,.T.,.F.) B_SPLINE_CURVE_WITH_KNOTS((1,2
    ,2,2,2,1),(-2.094395102393,0.,2.094395102393,4.188790204786,
6.28318530718,8.377580409573),.UNSPECIFIED.) CURVE() 
GEOMETRIC_REPRESENTATION_ITEM() RATIONAL_B_SPLINE_CURVE((1.,0.5,1.,0.5,
1.,0.5,1.)) REPRESENTATION_ITEM('') );
#4786 = CARTESIAN_POINT('',(0.9,47.852516443549));
#4787 = CARTESIAN_POINT('',(0.9,42.656364020842));
#4788 = CARTESIAN_POINT('',(-3.6,45.254440232195));
#4789 = CARTESIAN_POINT('',(-8.1,47.852516443549));
#4790 = CARTESIAN_POINT('',(-3.6,50.450592654902));
#4791 = CARTESIAN_POINT('',(0.9,53.048668866255));
#4792 = CARTESIAN_POINT('',(0.9,47.852516443549));
#4793 = ( GEOMETRIC_REPRESENTATION_CONTEXT(2) 
PARAMETRIC_REPRESENTATION_CONTEXT() REPRESENTATION_CONTEXT('2D SPACE',''
  ) );
#4794 = PCURVE('',#4200,#4795);
#4795 = DEFINITIONAL_REPRESENTATION('',(#4796),#4800);
#4796 = LINE('',#4797,#4798);
#4797 = CARTESIAN_POINT('',(-6.28318530718,-3.));
#4798 = VECTOR('',#4799,1.);
#4799 = DIRECTION('',(1.,-0.));
#4800 = ( GEOMETRIC_REPRESENTATION_CONTEXT(2) 
PARAMETRIC_REPRESENTATION_CONTEXT() REPRESENTATION_CONTEXT('2D SPACE',''
  ) );
#4801 = ORIENTED_EDGE('',*,*,#4802,.T.);
#4802 = EDGE_CURVE('',#4775,#4803,#4805,.T.);
#4803 = VERTEX_POINT('',#4804);
#4804 = CARTESIAN_POINT('',(44.6,48.110087914986,5.4));
#4805 = SURFACE_CURVE('',#4806,(#4811,#4822),.PCURVE_S1.);
#4806 = CIRCLE('',#4807,3.);
#4807 = AXIS2_PLACEMENT_3D('',#4808,#4809,#4810);
#4808 = CARTESIAN_POINT('',(42.5,50.252516443549,5.4));
#4809 = DIRECTION('',(0.,0.,-1.));
#4810 = DIRECTION('',(1.,0.,0.));
#4811 = PCURVE('',#2490,#4812);
#4812 = DEFINITIONAL_REPRESENTATION('',(#4813),#4821);
#4813 = ( BOUNDED_CURVE() B_SPLINE_CURVE(2,(#4814,#4815,#4816,#4817,
#4818,#4819,#4820),.UNSPECIFIED.,.T.,.F.) B_SPLINE_CURVE_WITH_KNOTS((1,2
    ,2,2,2,1),(-2.094395102393,0.,2.094395102393,4.188790204786,
6.28318530718,8.377580409573),.UNSPECIFIED.) CURVE() 
GEOMETRIC_REPRESENTATION_ITEM() RATIONAL_B_SPLINE_CURVE((1.,0.5,1.,0.5,
1.,0.5,1.)) REPRESENTATION_ITEM('') );
#4814 = CARTESIAN_POINT('',(0.9,47.852516443549));
#4815 = CARTESIAN_POINT('',(0.9,42.656364020842));
#4816 = CARTESIAN_POINT('',(-3.6,45.254440232195));
#4817 = CARTESIAN_POINT('',(-8.1,47.852516443549));
#4818 = CARTESIAN_POINT('',(-3.6,50.450592654902));
#4819 = CARTESIAN_POINT('',(0.9,53.048668866255));
#4820 = CARTESIAN_POINT('',(0.9,47.852516443549));
#4821 = ( GEOMETRIC_REPRESENTATION_CONTEXT(2) 
PARAMETRIC_REPRESENTATION_CONTEXT() REPRESENTATION_CONTEXT('2D SPACE',''
  ) );
#4822 = PCURVE('',#4200,#4823);
#4823 = DEFINITIONAL_REPRESENTATION('',(#4824),#4828);
#4824 = LINE('',#4825,#4826);
#4825 = CARTESIAN_POINT('',(-6.28318530718,-3.));
#4826 = VECTOR('',#4827,1.);
#4827 = DIRECTION('',(1.,-0.));
#4828 = ( GEOMETRIC_REPRESENTATION_CONTEXT(2) 
PARAMETRIC_REPRESENTATION_CONTEXT() REPRESENTATION_CONTEXT('2D SPACE',''
  ) );
#4829 = ORIENTED_EDGE('',*,*,#4830,.F.);
#4830 = EDGE_CURVE('',#4831,#4803,#4833,.T.);
#4831 = VERTEX_POINT('',#4832);
#4832 = CARTESIAN_POINT('',(44.6,33.517079714256,5.4));
#4833 = SURFACE_CURVE('',#4834,(#4838,#4845),.PCURVE_S1.);
#4834 = LINE('',#4835,#4836);
#4835 = CARTESIAN_POINT('',(44.6,2.4,5.4));
#4836 = VECTOR('',#4837,1.);
#4837 = DIRECTION('',(0.,1.,0.));
#4838 = PCURVE('',#2490,#4839);
#4839 = DEFINITIONAL_REPRESENTATION('',(#4840),#4844);
#4840 = LINE('',#4841,#4842);
#4841 = CARTESIAN_POINT('',(0.,0.));
#4842 = VECTOR('',#4843,1.);
#4843 = DIRECTION('',(0.,1.));
#4844 = ( GEOMETRIC_REPRESENTATION_CONTEXT(2) 
PARAMETRIC_REPRESENTATION_CONTEXT() REPRESENTATION_CONTEXT('2D SPACE',''
  ) );
#4845 = PCURVE('',#4171,#4846);
#4846 = DEFINITIONAL_REPRESENTATION('',(#4847),#4851);
#4847 = LINE('',#4848,#4849);
#4848 = CARTESIAN_POINT('',(3.,0.));
#4849 = VECTOR('',#4850,1.);
#4850 = DIRECTION('',(0.,-1.));
#4851 = ( GEOMETRIC_REPRESENTATION_CONTEXT(2) 
PARAMETRIC_REPRESENTATION_CONTEXT() REPRESENTATION_CONTEXT('2D SPACE',''
  ) );
#4852 = ORIENTED_EDGE('',*,*,#4853,.T.);
#4853 = EDGE_CURVE('',#4831,#4854,#4856,.T.);
#4854 = VERTEX_POINT('',#4855);
#4855 = CARTESIAN_POINT('',(45.5,31.374651185693,5.4));
#4856 = SURFACE_CURVE('',#4857,(#4862,#4873),.PCURVE_S1.);
#4857 = CIRCLE('',#4858,3.);
#4858 = AXIS2_PLACEMENT_3D('',#4859,#4860,#4861);
#4859 = CARTESIAN_POINT('',(42.5,31.374651185693,5.4));
#4860 = DIRECTION('',(0.,0.,-1.));
#4861 = DIRECTION('',(1.,0.,0.));
#4862 = PCURVE('',#2490,#4863);
#4863 = DEFINITIONAL_REPRESENTATION('',(#4864),#4872);
#4864 = ( BOUNDED_CURVE() B_SPLINE_CURVE(2,(#4865,#4866,#4867,#4868,
#4869,#4870,#4871),.UNSPECIFIED.,.T.,.F.) B_SPLINE_CURVE_WITH_KNOTS((1,2
    ,2,2,2,1),(-2.094395102393,0.,2.094395102393,4.188790204786,
6.28318530718,8.377580409573),.UNSPECIFIED.) CURVE() 
GEOMETRIC_REPRESENTATION_ITEM() RATIONAL_B_SPLINE_CURVE((1.,0.5,1.,0.5,
1.,0.5,1.)) REPRESENTATION_ITEM('') );
#4865 = CARTESIAN_POINT('',(0.9,28.974651185693));
#4866 = CARTESIAN_POINT('',(0.9,23.778498762987));
#4867 = CARTESIAN_POINT('',(-3.6,26.37657497434));
#4868 = CARTESIAN_POINT('',(-8.1,28.974651185693));
#4869 = CARTESIAN_POINT('',(-3.6,31.572727397047));
#4870 = CARTESIAN_POINT('',(0.9,34.1708036084));
#4871 = CARTESIAN_POINT('',(0.9,28.974651185693));
#4872 = ( GEOMETRIC_REPRESENTATION_CONTEXT(2) 
PARAMETRIC_REPRESENTATION_CONTEXT() REPRESENTATION_CONTEXT('2D SPACE',''
  ) );
#4873 = PCURVE('',#4143,#4874);
#4874 = DEFINITIONAL_REPRESENTATION('',(#4875),#4879);
#4875 = LINE('',#4876,#4877);
#4876 = CARTESIAN_POINT('',(-6.28318530718,-3.));
#4877 = VECTOR('',#4878,1.);
#4878 = DIRECTION('',(1.,-0.));
#4879 = ( GEOMETRIC_REPRESENTATION_CONTEXT(2) 
PARAMETRIC_REPRESENTATION_CONTEXT() REPRESENTATION_CONTEXT('2D SPACE',''
  ) );
#4880 = ORIENTED_EDGE('',*,*,#4881,.T.);
#4881 = EDGE_CURVE('',#4854,#4501,#4882,.T.);
#4882 = SURFACE_CURVE('',#4883,(#4888,#4899),.PCURVE_S1.);
#4883 = CIRCLE('',#4884,3.);
#4884 = AXIS2_PLACEMENT_3D('',#4885,#4886,#4887);
#4885 = CARTESIAN_POINT('',(42.5,31.374651185693,5.4));
#4886 = DIRECTION('',(0.,0.,-1.));
#4887 = DIRECTION('',(1.,0.,0.));
#4888 = PCURVE('',#2490,#4889);
#4889 = DEFINITIONAL_REPRESENTATION('',(#4890),#4898);
#4890 = ( BOUNDED_CURVE() B_SPLINE_CURVE(2,(#4891,#4892,#4893,#4894,
#4895,#4896,#4897),.UNSPECIFIED.,.T.,.F.) B_SPLINE_CURVE_WITH_KNOTS((1,2
    ,2,2,2,1),(-2.094395102393,0.,2.094395102393,4.188790204786,
6.28318530718,8.377580409573),.UNSPECIFIED.) CURVE() 
GEOMETRIC_REPRESENTATION_ITEM() RATIONAL_B_SPLINE_CURVE((1.,0.5,1.,0.5,
1.,0.5,1.)) REPRESENTATION_ITEM('') );
#4891 = CARTESIAN_POINT('',(0.9,28.974651185693));
#4892 = CARTESIAN_POINT('',(0.9,23.778498762987));
#4893 = CARTESIAN_POINT('',(-3.6,26.37657497434));
#4894 = CARTESIAN_POINT('',(-8.1,28.974651185693));
#4895 = CARTESIAN_POINT('',(-3.6,31.572727397047));
#4896 = CARTESIAN_POINT('',(0.9,34.1708036084));
#4897 = CARTESIAN_POINT('',(0.9,28.974651185693));
#4898 = ( GEOMETRIC_REPRESENTATION_CONTEXT(2) 
PARAMETRIC_REPRESENTATION_CONTEXT() REPRESENTATION_CONTEXT('2D SPACE',''
  ) );
#4899 = PCURVE('',#4143,#4900);
#4900 = DEFINITIONAL_REPRESENTATION('',(#4901),#4905);
#4901 = LINE('',#4902,#4903);
#4902 = CARTESIAN_POINT('',(-6.28318530718,-3.));
#4903 = VECTOR('',#4904,1.);
#4904 = DIRECTION('',(1.,-0.));
#4905 = ( GEOMETRIC_REPRESENTATION_CONTEXT(2) 
PARAMETRIC_REPRESENTATION_CONTEXT() REPRESENTATION_CONTEXT('2D SPACE',''
  ) );
#4906 = ADVANCED_FACE('',(#4907),#2463,.T.);
#4907 = FACE_BOUND('',#4908,.T.);
#4908 = EDGE_LOOP('',(#4909,#4910,#4933,#4956,#4975,#4976));
#4909 = ORIENTED_EDGE('',*,*,#4047,.F.);
#4910 = ORIENTED_EDGE('',*,*,#4911,.T.);
#4911 = EDGE_CURVE('',#4048,#4912,#4914,.T.);
#4912 = VERTEX_POINT('',#4913);
#4913 = CARTESIAN_POINT('',(46.1,2.4,2.4));
#4914 = SURFACE_CURVE('',#4915,(#4919,#4926),.PCURVE_S1.);
#4915 = LINE('',#4916,#4917);
#4916 = CARTESIAN_POINT('',(46.1,2.4,18.6));
#4917 = VECTOR('',#4918,1.);
#4918 = DIRECTION('',(0.,0.,-1.));
#4919 = PCURVE('',#2463,#4920);
#4920 = DEFINITIONAL_REPRESENTATION('',(#4921),#4925);
#4921 = LINE('',#4922,#4923);
#4922 = CARTESIAN_POINT('',(16.2,0.));
#4923 = VECTOR('',#4924,1.);
#4924 = DIRECTION('',(-1.,0.));
#4925 = ( GEOMETRIC_REPRESENTATION_CONTEXT(2) 
PARAMETRIC_REPRESENTATION_CONTEXT() REPRESENTATION_CONTEXT('2D SPACE',''
  ) );
#4926 = PCURVE('',#3985,#4927);
#4927 = DEFINITIONAL_REPRESENTATION('',(#4928),#4932);
#4928 = LINE('',#4929,#4930);
#4929 = CARTESIAN_POINT('',(16.2,0.));
#4930 = VECTOR('',#4931,1.);
#4931 = DIRECTION('',(-1.,0.));
#4932 = ( GEOMETRIC_REPRESENTATION_CONTEXT(2) 
PARAMETRIC_REPRESENTATION_CONTEXT() REPRESENTATION_CONTEXT('2D SPACE',''
  ) );
#4933 = ORIENTED_EDGE('',*,*,#4934,.F.);
#4934 = EDGE_CURVE('',#4935,#4912,#4937,.T.);
#4935 = VERTEX_POINT('',#4936);
#4936 = CARTESIAN_POINT('',(46.1,108.,2.4));
#4937 = SURFACE_CURVE('',#4938,(#4942,#4949),.PCURVE_S1.);
#4938 = LINE('',#4939,#4940);
#4939 = CARTESIAN_POINT('',(46.1,108.2,2.4));
#4940 = VECTOR('',#4941,1.);
#4941 = DIRECTION('',(0.,-1.,0.));
#4942 = PCURVE('',#2463,#4943);
#4943 = DEFINITIONAL_REPRESENTATION('',(#4944),#4948);
#4944 = LINE('',#4945,#4946);
#4945 = CARTESIAN_POINT('',(0.,-105.8));
#4946 = VECTOR('',#4947,1.);
#4947 = DIRECTION('',(0.,1.));
#4948 = ( GEOMETRIC_REPRESENTATION_CONTEXT(2) 
PARAMETRIC_REPRESENTATION_CONTEXT() REPRESENTATION_CONTEXT('2D SPACE',''
  ) );
#4949 = PCURVE('',#4013,#4950);
#4950 = DEFINITIONAL_REPRESENTATION('',(#4951),#4955);
#4951 = LINE('',#4952,#4953);
#4952 = CARTESIAN_POINT('',(0.,105.8));
#4953 = VECTOR('',#4954,1.);
#4954 = DIRECTION('',(0.,-1.));
#4955 = ( GEOMETRIC_REPRESENTATION_CONTEXT(2) 
PARAMETRIC_REPRESENTATION_CONTEXT() REPRESENTATION_CONTEXT('2D SPACE',''
  ) );
#4956 = ORIENTED_EDGE('',*,*,#4957,.T.);
#4957 = EDGE_CURVE('',#4935,#4550,#4958,.T.);
#4958 = SURFACE_CURVE('',#4959,(#4963,#4969),.PCURVE_S1.);
#4959 = LINE('',#4960,#4961);
#4960 = CARTESIAN_POINT('',(46.1,108.,2.2));
#4961 = VECTOR('',#4962,1.);
#4962 = DIRECTION('',(0.,0.,1.));
#4963 = PCURVE('',#2463,#4964);
#4964 = DEFINITIONAL_REPRESENTATION('',(#4965),#4968);
#4965 = B_SPLINE_CURVE_WITH_KNOTS('',1,(#4966,#4967),.UNSPECIFIED.,.F.,
  .F.,(2,2),(0.2,16.4),.PIECEWISE_BEZIER_KNOTS.);
#4966 = CARTESIAN_POINT('',(0.,-105.6));
#4967 = CARTESIAN_POINT('',(16.2,-105.6));
#4968 = ( GEOMETRIC_REPRESENTATION_CONTEXT(2) 
PARAMETRIC_REPRESENTATION_CONTEXT() REPRESENTATION_CONTEXT('2D SPACE',''
  ) );
#4969 = PCURVE('',#3083,#4970);
#4970 = DEFINITIONAL_REPRESENTATION('',(#4971),#4974);
#4971 = B_SPLINE_CURVE_WITH_KNOTS('',1,(#4972,#4973),.UNSPECIFIED.,.F.,
  .F.,(2,2),(0.2,16.4),.PIECEWISE_BEZIER_KNOTS.);
#4972 = CARTESIAN_POINT('',(0.4,2.5));
#4973 = CARTESIAN_POINT('',(16.6,2.5));
#4974 = ( GEOMETRIC_REPRESENTATION_CONTEXT(2) 
PARAMETRIC_REPRESENTATION_CONTEXT() REPRESENTATION_CONTEXT('2D SPACE',''
  ) );
#4975 = ORIENTED_EDGE('',*,*,#4549,.F.);
#4976 = ORIENTED_EDGE('',*,*,#2448,.F.);
#4977 = ADVANCED_FACE('',(#4978),#2886,.F.);
#4978 = FACE_BOUND('',#4979,.F.);
#4979 = EDGE_LOOP('',(#4980,#4981,#4982,#5001));
#4980 = ORIENTED_EDGE('',*,*,#2957,.T.);
#4981 = ORIENTED_EDGE('',*,*,#2871,.T.);
#4982 = ORIENTED_EDGE('',*,*,#4983,.F.);
#4983 = EDGE_CURVE('',#3002,#2846,#4984,.T.);
#4984 = SURFACE_CURVE('',#4985,(#4989,#4995),.PCURVE_S1.);
#4985 = LINE('',#4986,#4987);
#4986 = CARTESIAN_POINT('',(101.5,109.,10.));
#4987 = VECTOR('',#4988,1.);
#4988 = DIRECTION('',(-0.,0.,1.));
#4989 = PCURVE('',#2886,#4990);
#4990 = DEFINITIONAL_REPRESENTATION('',(#4991),#4994);
#4991 = B_SPLINE_CURVE_WITH_KNOTS('',1,(#4992,#4993),.UNSPECIFIED.,.F.,
  .F.,(2,2),(7.6,25.278981304879),.PIECEWISE_BEZIER_KNOTS.);
#4992 = CARTESIAN_POINT('',(0.,-2.));
#4993 = CARTESIAN_POINT('',(17.678981304879,-2.));
#4994 = ( GEOMETRIC_REPRESENTATION_CONTEXT(2) 
PARAMETRIC_REPRESENTATION_CONTEXT() REPRESENTATION_CONTEXT('2D SPACE',''
  ) );
#4995 = PCURVE('',#2860,#4996);
#4996 = DEFINITIONAL_REPRESENTATION('',(#4997),#5000);
#4997 = B_SPLINE_CURVE_WITH_KNOTS('',1,(#4998,#4999),.UNSPECIFIED.,.F.,
  .F.,(2,2),(7.6,25.278981304879),.PIECEWISE_BEZIER_KNOTS.);
#4998 = CARTESIAN_POINT('',(17.5,-15.2));
#4999 = CARTESIAN_POINT('',(17.5,-32.87898130487));
#5000 = ( GEOMETRIC_REPRESENTATION_CONTEXT(2) 
PARAMETRIC_REPRESENTATION_CONTEXT() REPRESENTATION_CONTEXT('2D SPACE',''
  ) );
#5001 = ORIENTED_EDGE('',*,*,#3001,.T.);
#5002 = ADVANCED_FACE('',(#5003),#2860,.T.);
#5003 = FACE_BOUND('',#5004,.T.);
#5004 = EDGE_LOOP('',(#5005,#5006,#5007,#5008));
#5005 = ORIENTED_EDGE('',*,*,#4983,.F.);
#5006 = ORIENTED_EDGE('',*,*,#3022,.F.);
#5007 = ORIENTED_EDGE('',*,*,#3435,.T.);
#5008 = ORIENTED_EDGE('',*,*,#2845,.T.);
#5009 = ADVANCED_FACE('',(#5010),#3083,.T.);
#5010 = FACE_BOUND('',#5011,.T.);
#5011 = EDGE_LOOP('',(#5012,#5013,#5014,#5015,#5016,#5035,#5036,#5037,
    #5056,#5057,#5076,#5077));
#5012 = ORIENTED_EDGE('',*,*,#3122,.F.);
#5013 = ORIENTED_EDGE('',*,*,#3193,.F.);
#5014 = ORIENTED_EDGE('',*,*,#3247,.T.);
#5015 = ORIENTED_EDGE('',*,*,#4354,.F.);
#5016 = ORIENTED_EDGE('',*,*,#5017,.T.);
#5017 = EDGE_CURVE('',#4327,#4573,#5018,.T.);
#5018 = SURFACE_CURVE('',#5019,(#5023,#5029),.PCURVE_S1.);
#5019 = LINE('',#5020,#5021);
#5020 = CARTESIAN_POINT('',(44.6,108.,2.2));
#5021 = VECTOR('',#5022,1.);
#5022 = DIRECTION('',(0.,0.,1.));
#5023 = PCURVE('',#3083,#5024);
#5024 = DEFINITIONAL_REPRESENTATION('',(#5025),#5028);
#5025 = B_SPLINE_CURVE_WITH_KNOTS('',1,(#5026,#5027),.UNSPECIFIED.,.F.,
  .F.,(2,2),(0.2,3.2),.PIECEWISE_BEZIER_KNOTS.);
#5026 = CARTESIAN_POINT('',(0.4,1.));
#5027 = CARTESIAN_POINT('',(3.4,1.));
#5028 = ( GEOMETRIC_REPRESENTATION_CONTEXT(2) 
PARAMETRIC_REPRESENTATION_CONTEXT() REPRESENTATION_CONTEXT('2D SPACE',''
  ) );
#5029 = PCURVE('',#4342,#5030);
#5030 = DEFINITIONAL_REPRESENTATION('',(#5031),#5034);
#5031 = B_SPLINE_CURVE_WITH_KNOTS('',1,(#5032,#5033),.UNSPECIFIED.,.F.,
  .F.,(2,2),(0.2,3.2),.PIECEWISE_BEZIER_KNOTS.);
#5032 = CARTESIAN_POINT('',(0.,-105.6));
#5033 = CARTESIAN_POINT('',(3.,-105.6));
#5034 = ( GEOMETRIC_REPRESENTATION_CONTEXT(2) PARAMETRIC_REPRESENTATION_CONTEXT() REPRESENTATION_CONTEXT('2D SPACE',''
  ) );
#5035 = ORIENTED_EDGE('',*,*,#4572,.F.);
#5036 = ORIENTED_EDGE('',*,*,#4957,.F.);
#5037 = ORIENTED_EDGE('',*,*,#5038,.F.);
#5038 = EDGE_CURVE('',#3998,#4935,#5039,.T.);
#5039 = SURFACE_CURVE('',#5040,(#5044,#5050),.PCURVE_S1.);
#5040 = LINE('',#5041,#5042);
#5041 = CARTESIAN_POINT('',(44.85,108.,2.4));
#5042 = VECTOR('',#5043,1.);
#5043 = DIRECTION('',(-1.,0.,0.));
#5044 = PCURVE('',#3083,#5045);
#5045 = DEFINITIONAL_REPRESENTATION('',(#5046),#5049);
#5046 = B_SPLINE_CURVE_WITH_KNOTS('',1,(#5047,#5048),.UNSPECIFIED.,.F.,
  .F.,(2,2),(-73.05,1.25),.PIECEWISE_BEZIER_KNOTS.);
#5047 = CARTESIAN_POINT('',(0.4,74.3));
#5048 = CARTESIAN_POINT('',(0.4,0.));
#5049 = ( GEOMETRIC_REPRESENTATION_CONTEXT(2) 
PARAMETRIC_REPRESENTATION_CONTEXT() REPRESENTATION_CONTEXT('2D SPACE',''
  ) );
#5050 = PCURVE('',#4013,#5051);
#5051 = DEFINITIONAL_REPRESENTATION('',(#5052),#5055);
#5052 = B_SPLINE_CURVE_WITH_KNOTS('',1,(#5053,#5054),.UNSPECIFIED.,.F.,
  .F.,(2,2),(-73.05,1.25),.PIECEWISE_BEZIER_KNOTS.);
#5053 = CARTESIAN_POINT('',(71.8,105.6));
#5054 = CARTESIAN_POINT('',(-2.5,105.6));
#5055 = ( GEOMETRIC_REPRESENTATION_CONTEXT(2) 
PARAMETRIC_REPRESENTATION_CONTEXT() REPRESENTATION_CONTEXT('2D SPACE',''
  ) );
#5056 = ORIENTED_EDGE('',*,*,#4025,.T.);
#5057 = ORIENTED_EDGE('',*,*,#5058,.T.);
#5058 = EDGE_CURVE('',#3921,#3387,#5059,.T.);
#5059 = SURFACE_CURVE('',#5060,(#5064,#5070),.PCURVE_S1.);
#5060 = LINE('',#5061,#5062);
#5061 = CARTESIAN_POINT('',(44.85,108.,18.6));
#5062 = VECTOR('',#5063,1.);
#5063 = DIRECTION('',(-1.,0.,0.));
#5064 = PCURVE('',#3083,#5065);
#5065 = DEFINITIONAL_REPRESENTATION('',(#5066),#5069);
#5066 = B_SPLINE_CURVE_WITH_KNOTS('',1,(#5067,#5068),.UNSPECIFIED.,.F.,
  .F.,(2,2),(-73.05,-1.25),.PIECEWISE_BEZIER_KNOTS.);
#5067 = CARTESIAN_POINT('',(16.6,74.300000000001));
#5068 = CARTESIAN_POINT('',(16.6,2.5));
#5069 = ( GEOMETRIC_REPRESENTATION_CONTEXT(2) 
PARAMETRIC_REPRESENTATION_CONTEXT() REPRESENTATION_CONTEXT('2D SPACE',''
  ) );
#5070 = PCURVE('',#3403,#5071);
#5071 = DEFINITIONAL_REPRESENTATION('',(#5072),#5075);
#5072 = B_SPLINE_CURVE_WITH_KNOTS('',1,(#5073,#5074),.UNSPECIFIED.,.F.,
  .F.,(2,2),(-73.05,-1.25),.PIECEWISE_BEZIER_KNOTS.);
#5073 = CARTESIAN_POINT('',(71.800000000001,105.6));
#5074 = CARTESIAN_POINT('',(0.,105.6));
#5075 = ( GEOMETRIC_REPRESENTATION_CONTEXT(2) 
PARAMETRIC_REPRESENTATION_CONTEXT() REPRESENTATION_CONTEXT('2D SPACE',''
  ) );
#5076 = ORIENTED_EDGE('',*,*,#3415,.T.);
#5077 = ORIENTED_EDGE('',*,*,#3067,.T.);
#5078 = ADVANCED_FACE('',(#5079),#3502,.F.);
#5079 = FACE_BOUND('',#5080,.F.);
#5080 = EDGE_LOOP('',(#5081,#5102,#5103,#5104));
#5081 = ORIENTED_EDGE('',*,*,#5082,.F.);
#5082 = EDGE_CURVE('',#3546,#3670,#5083,.T.);
#5083 = SURFACE_CURVE('',#5084,(#5088,#5095),.PCURVE_S1.);
#5084 = LINE('',#5085,#5086);
#5085 = CARTESIAN_POINT('',(111.2,105.38289814495,30.739637305116));
#5086 = VECTOR('',#5087,1.);
#5087 = DIRECTION('',(0.,0.,1.));
#5088 = PCURVE('',#3502,#5089);
#5089 = DEFINITIONAL_REPRESENTATION('',(#5090),#5094);
#5090 = LINE('',#5091,#5092);
#5091 = CARTESIAN_POINT('',(0.,0.));
#5092 = VECTOR('',#5093,1.);
#5093 = DIRECTION('',(1.,0.));
#5094 = ( GEOMETRIC_REPRESENTATION_CONTEXT(2) 
PARAMETRIC_REPRESENTATION_CONTEXT() REPRESENTATION_CONTEXT('2D SPACE',''
  ) );
#5095 = PCURVE('',#3561,#5096);
#5096 = DEFINITIONAL_REPRESENTATION('',(#5097),#5101);
#5097 = LINE('',#5098,#5099);
#5098 = CARTESIAN_POINT('',(2.526468661528,-28.3183520027));
#5099 = VECTOR('',#5100,1.);
#5100 = DIRECTION('',(1.,0.));
#5101 = ( GEOMETRIC_REPRESENTATION_CONTEXT(2) 
PARAMETRIC_REPRESENTATION_CONTEXT() REPRESENTATION_CONTEXT('2D SPACE',''
  ) );
#5102 = ORIENTED_EDGE('',*,*,#3596,.T.);
#5103 = ORIENTED_EDGE('',*,*,#3487,.T.);
#5104 = ORIENTED_EDGE('',*,*,#3692,.F.);
#5105 = ADVANCED_FACE('',(#5106),#3403,.F.);
#5106 = FACE_BOUND('',#5107,.F.);
#5107 = EDGE_LOOP('',(#5108,#5109,#5110));
#5108 = ORIENTED_EDGE('',*,*,#5058,.T.);
#5109 = ORIENTED_EDGE('',*,*,#3386,.F.);
#5110 = ORIENTED_EDGE('',*,*,#3920,.T.);
#5111 = ADVANCED_FACE('',(#5112),#3561,.F.);
#5112 = FACE_BOUND('',#5113,.F.);
#5113 = EDGE_LOOP('',(#5114,#5115,#5116,#5117));
#5114 = ORIENTED_EDGE('',*,*,#3543,.T.);
#5115 = ORIENTED_EDGE('',*,*,#5082,.T.);
#5116 = ORIENTED_EDGE('',*,*,#3669,.T.);
#5117 = ORIENTED_EDGE('',*,*,#3645,.T.);
#5118 = ADVANCED_FACE('',(#5119),#3780,.F.);
#5119 = FACE_BOUND('',#5120,.F.);
#5120 = EDGE_LOOP('',(#5121,#5122,#5123,#5124));
#5121 = ORIENTED_EDGE('',*,*,#3869,.T.);
#5122 = ORIENTED_EDGE('',*,*,#3896,.T.);
#5123 = ORIENTED_EDGE('',*,*,#3820,.T.);
#5124 = ORIENTED_EDGE('',*,*,#3766,.T.);
#5125 = ADVANCED_FACE('',(#5126),#4013,.T.);
#5126 = FACE_BOUND('',#5127,.T.);
#5127 = EDGE_LOOP('',(#5128,#5129,#5130,#5131));
#5128 = ORIENTED_EDGE('',*,*,#3997,.F.);
#5129 = ORIENTED_EDGE('',*,*,#5038,.T.);
#5130 = ORIENTED_EDGE('',*,*,#4934,.T.);
#5131 = ORIENTED_EDGE('',*,*,#5132,.T.);
#5132 = EDGE_CURVE('',#4912,#3970,#5133,.T.);
#5133 = SURFACE_CURVE('',#5134,(#5138,#5145),.PCURVE_S1.);
#5134 = LINE('',#5135,#5136);
#5135 = CARTESIAN_POINT('',(46.1,2.4,2.4));
#5136 = VECTOR('',#5137,1.);
#5137 = DIRECTION('',(1.,0.,0.));
#5138 = PCURVE('',#4013,#5139);
#5139 = DEFINITIONAL_REPRESENTATION('',(#5140),#5144);
#5140 = LINE('',#5141,#5142);
#5141 = CARTESIAN_POINT('',(0.,0.));
#5142 = VECTOR('',#5143,1.);
#5143 = DIRECTION('',(1.,0.));
#5144 = ( GEOMETRIC_REPRESENTATION_CONTEXT(2) 
PARAMETRIC_REPRESENTATION_CONTEXT() REPRESENTATION_CONTEXT('2D SPACE',''
  ) );
#5145 = PCURVE('',#3985,#5146);
#5146 = DEFINITIONAL_REPRESENTATION('',(#5147),#5151);
#5147 = LINE('',#5148,#5149);
#5148 = CARTESIAN_POINT('',(0.,0.));
#5149 = VECTOR('',#5150,1.);
#5150 = DIRECTION('',(0.,1.));
#5151 = ( GEOMETRIC_REPRESENTATION_CONTEXT(2) 
PARAMETRIC_REPRESENTATION_CONTEXT() REPRESENTATION_CONTEXT('2D SPACE',''
  ) );
#5152 = ADVANCED_FACE('',(#5153),#3985,.T.);
#5153 = FACE_BOUND('',#5154,.T.);
#5154 = EDGE_LOOP('',(#5155,#5156,#5157,#5158));
#5155 = ORIENTED_EDGE('',*,*,#5132,.F.);
#5156 = ORIENTED_EDGE('',*,*,#4911,.F.);
#5157 = ORIENTED_EDGE('',*,*,#4070,.T.);
#5158 = ORIENTED_EDGE('',*,*,#3969,.F.);
#5159 = ADVANCED_FACE('',(#5160),#4342,.F.);
#5160 = FACE_BOUND('',#5161,.F.);
#5161 = EDGE_LOOP('',(#5162,#5163,#5182,#5183));
#5162 = ORIENTED_EDGE('',*,*,#4593,.F.);
#5163 = ORIENTED_EDGE('',*,*,#5164,.T.);
#5164 = EDGE_CURVE('',#4594,#4298,#5165,.T.);
#5165 = SURFACE_CURVE('',#5166,(#5170,#5176),.PCURVE_S1.);
#5166 = LINE('',#5167,#5168);
#5167 = CARTESIAN_POINT('',(44.6,90.150675487822,2.4));
#5168 = VECTOR('',#5169,1.);
#5169 = DIRECTION('',(-0.,-0.,-1.));
#5170 = PCURVE('',#4342,#5171);
#5171 = DEFINITIONAL_REPRESENTATION('',(#5172),#5175);
#5172 = B_SPLINE_CURVE_WITH_KNOTS('',1,(#5173,#5174),.UNSPECIFIED.,.F.,
  .F.,(2,2),(-3.3,5.999999999062E-07),.PIECEWISE_BEZIER_KNOTS.);
#5173 = CARTESIAN_POINT('',(3.3,-87.75067548782));
#5174 = CARTESIAN_POINT('',(-5.999999999062E-07,-87.75067548782));
#5175 = ( GEOMETRIC_REPRESENTATION_CONTEXT(2) 
PARAMETRIC_REPRESENTATION_CONTEXT() REPRESENTATION_CONTEXT('2D SPACE',''
  ) );
#5176 = PCURVE('',#4314,#5177);
#5177 = DEFINITIONAL_REPRESENTATION('',(#5178),#5181);
#5178 = B_SPLINE_CURVE_WITH_KNOTS('',1,(#5179,#5180),.UNSPECIFIED.,.F.,
  .F.,(2,2),(-3.3,5.999999999062E-07),.PIECEWISE_BEZIER_KNOTS.);
#5179 = CARTESIAN_POINT('',(-0.795398830184,-3.3));
#5180 = CARTESIAN_POINT('',(-0.795398830184,5.999999999062E-07));
#5181 = ( GEOMETRIC_REPRESENTATION_CONTEXT(2) 
PARAMETRIC_REPRESENTATION_CONTEXT() REPRESENTATION_CONTEXT('2D SPACE',''
  ) );
#5182 = ORIENTED_EDGE('',*,*,#4326,.T.);
#5183 = ORIENTED_EDGE('',*,*,#5017,.T.);
#5184 = ADVANCED_FACE('',(#5185),#4314,.T.);
#5185 = FACE_BOUND('',#5186,.F.);
#5186 = EDGE_LOOP('',(#5187,#5188,#5189,#5190,#5213,#5253,#5254,#5255));
#5187 = ORIENTED_EDGE('',*,*,#4297,.F.);
#5188 = ORIENTED_EDGE('',*,*,#5164,.F.);
#5189 = ORIENTED_EDGE('',*,*,#4616,.T.);
#5190 = ORIENTED_EDGE('',*,*,#5191,.T.);
#5191 = EDGE_CURVE('',#4617,#5192,#5194,.T.);
#5192 = VERTEX_POINT('',#5193);
#5193 = CARTESIAN_POINT('',(45.5,88.008246959259,30.160045853245));
#5194 = SEAM_CURVE('',#5195,(#5199,#5206),.PCURVE_S1.);
#5195 = LINE('',#5196,#5197);
#5196 = CARTESIAN_POINT('',(45.5,88.008246959259,2.4));
#5197 = VECTOR('',#5198,1.);
#5198 = DIRECTION('',(0.,0.,1.));
#5199 = PCURVE('',#4314,#5200);
#5200 = DEFINITIONAL_REPRESENTATION('',(#5201),#5205);
#5201 = LINE('',#5202,#5203);
#5202 = CARTESIAN_POINT('',(-6.28318530718,0.));
#5203 = VECTOR('',#5204,1.);
#5204 = DIRECTION('',(-0.,-1.));
#5205 = ( GEOMETRIC_REPRESENTATION_CONTEXT(2) 
PARAMETRIC_REPRESENTATION_CONTEXT() REPRESENTATION_CONTEXT('2D SPACE',''
  ) );
#5206 = PCURVE('',#4314,#5207);
#5207 = DEFINITIONAL_REPRESENTATION('',(#5208),#5212);
#5208 = LINE('',#5209,#5210);
#5209 = CARTESIAN_POINT('',(-0.,0.));
#5210 = VECTOR('',#5211,1.);
#5211 = DIRECTION('',(-0.,-1.));
#5212 = ( GEOMETRIC_REPRESENTATION_CONTEXT(2) 
PARAMETRIC_REPRESENTATION_CONTEXT() REPRESENTATION_CONTEXT('2D SPACE',''
  ) );
#5213 = ORIENTED_EDGE('',*,*,#5214,.F.);
#5214 = EDGE_CURVE('',#5192,#5192,#5215,.T.);
#5215 = SURFACE_CURVE('',#5216,(#5221,#5241),.PCURVE_S1.);
#5216 = ELLIPSE('',#5217,3.019409198097,3.);
#5217 = AXIS2_PLACEMENT_3D('',#5218,#5219,#5220);
#5218 = CARTESIAN_POINT('',(42.5,88.008246959259,30.160045853245));
#5219 = DIRECTION('',(0.,0.113203213768,-0.993571855677));
#5220 = DIRECTION('',(0.,-0.993571855677,-0.113203213768));
#5221 = PCURVE('',#4314,#5222);
#5222 = DEFINITIONAL_REPRESENTATION('',(#5223),#5240);
#5223 = B_SPLINE_CURVE_WITH_KNOTS('',8,(#5224,#5225,#5226,#5227,#5228,
    #5229,#5230,#5231,#5232,#5233,#5234,#5235,#5236,#5237,#5238,#5239),
  .UNSPECIFIED.,.F.,.F.,(9,7,9),(4.712388980385,7.853981633974,
    10.995574287564),.UNSPECIFIED.);
#5224 = CARTESIAN_POINT('',(-6.28318530718,-27.76004585324));
#5225 = CARTESIAN_POINT('',(-5.890486225481,-27.62581862698));
#5226 = CARTESIAN_POINT('',(-5.497787143783,-27.49159033046));
#5227 = CARTESIAN_POINT('',(-5.105088062085,-27.38891565083));
#5228 = CARTESIAN_POINT('',(-4.712388980382,-27.34926290791));
#5229 = CARTESIAN_POINT('',(-4.319689898689,-27.38891565091));
#5230 = CARTESIAN_POINT('',(-3.926990816988,-27.49159033044));
#5231 = CARTESIAN_POINT('',(-3.534291735289,-27.62581862698));
#5232 = CARTESIAN_POINT('',(-2.748893571891,-27.8942730795));
#5233 = CARTESIAN_POINT('',(-2.356194490197,-28.02850137602));
#5234 = CARTESIAN_POINT('',(-1.963495408486,-28.13117605554));
#5235 = CARTESIAN_POINT('',(-1.570796326806,-28.17082879858));
#5236 = CARTESIAN_POINT('',(-1.178097245086,-28.13117605551));
#5237 = CARTESIAN_POINT('',(-0.785398163403,-28.02850137601));
#5238 = CARTESIAN_POINT('',(-0.392699081699,-27.8942730795));
#5239 = CARTESIAN_POINT('',(-1.42108547152E-14,-27.76004585324));
#5240 = ( GEOMETRIC_REPRESENTATION_CONTEXT(2) 
PARAMETRIC_REPRESENTATION_CONTEXT() REPRESENTATION_CONTEXT('2D SPACE',''
  ) );
#5241 = PCURVE('',#5242,#5247);
#5242 = PLANE('',#5243);
#5243 = AXIS2_PLACEMENT_3D('',#5244,#5245,#5246);
#5244 = CARTESIAN_POINT('',(0.,112.,32.893560830165));
#5245 = DIRECTION('',(0.,0.113203213768,-0.993571855677));
#5246 = DIRECTION('',(0.,-0.993571855677,-0.113203213768));
#5247 = DEFINITIONAL_REPRESENTATION('',(#5248),#5252);
#5248 = ELLIPSE('',#5249,3.019409198097,3.);
#5249 = AXIS2_PLACEMENT_2D('',#5250,#5251);
#5250 = CARTESIAN_POINT('',(24.146973269894,-42.5));
#5251 = DIRECTION('',(1.,0.));
#5252 = ( GEOMETRIC_REPRESENTATION_CONTEXT(2) 
PARAMETRIC_REPRESENTATION_CONTEXT() REPRESENTATION_CONTEXT('2D SPACE',''
  ) );
#5253 = ORIENTED_EDGE('',*,*,#5191,.F.);
#5254 = ORIENTED_EDGE('',*,*,#4644,.T.);
#5255 = ORIENTED_EDGE('',*,*,#5256,.T.);
#5256 = EDGE_CURVE('',#4645,#4270,#5257,.T.);
#5257 = SURFACE_CURVE('',#5258,(#5262,#5268),.PCURVE_S1.);
#5258 = LINE('',#5259,#5260);
#5259 = CARTESIAN_POINT('',(44.6,85.865818430696,2.4));
#5260 = VECTOR('',#5261,1.);
#5261 = DIRECTION('',(-0.,-0.,-1.));
#5262 = PCURVE('',#4314,#5263);
#5263 = DEFINITIONAL_REPRESENTATION('',(#5264),#5267);
#5264 = B_SPLINE_CURVE_WITH_KNOTS('',1,(#5265,#5266),.UNSPECIFIED.,.F.,
  .F.,(2,2),(-3.3,5.999999999062E-07),.PIECEWISE_BEZIER_KNOTS.);
#5265 = CARTESIAN_POINT('',(-5.487786476995,-3.3));
#5266 = CARTESIAN_POINT('',(-5.487786476995,5.999999999062E-07));
#5267 = ( GEOMETRIC_REPRESENTATION_CONTEXT(2) 
PARAMETRIC_REPRESENTATION_CONTEXT() REPRESENTATION_CONTEXT('2D SPACE',''
  ) );
#5268 = PCURVE('',#4285,#5269);
#5269 = DEFINITIONAL_REPRESENTATION('',(#5270),#5273);
#5270 = B_SPLINE_CURVE_WITH_KNOTS('',1,(#5271,#5272),.UNSPECIFIED.,.F.,
  .F.,(2,2),(-3.3,5.999999999062E-07),.PIECEWISE_BEZIER_KNOTS.);
#5271 = CARTESIAN_POINT('',(3.3,-83.46581843069));
#5272 = CARTESIAN_POINT('',(-5.999999999062E-07,-83.46581843069));
#5273 = ( GEOMETRIC_REPRESENTATION_CONTEXT(2) 
PARAMETRIC_REPRESENTATION_CONTEXT() REPRESENTATION_CONTEXT('2D SPACE',''
  ) );
#5274 = ADVANCED_FACE('',(#5275),#4285,.F.);
#5275 = FACE_BOUND('',#5276,.F.);
#5276 = EDGE_LOOP('',(#5277,#5278,#5297,#5298));
#5277 = ORIENTED_EDGE('',*,*,#4672,.F.);
#5278 = ORIENTED_EDGE('',*,*,#5279,.T.);
#5279 = EDGE_CURVE('',#4673,#4241,#5280,.T.);
#5280 = SURFACE_CURVE('',#5281,(#5285,#5291),.PCURVE_S1.);
#5281 = LINE('',#5282,#5283);
#5282 = CARTESIAN_POINT('',(44.6,71.272810229967,2.4));
#5283 = VECTOR('',#5284,1.);
#5284 = DIRECTION('',(-0.,-0.,-1.));
#5285 = PCURVE('',#4285,#5286);
#5286 = DEFINITIONAL_REPRESENTATION('',(#5287),#5290);
#5287 = B_SPLINE_CURVE_WITH_KNOTS('',1,(#5288,#5289),.UNSPECIFIED.,.F.,
  .F.,(2,2),(-3.3,5.999999999062E-07),.PIECEWISE_BEZIER_KNOTS.);
#5288 = CARTESIAN_POINT('',(3.3,-68.87281022996));
#5289 = CARTESIAN_POINT('',(-5.999999999062E-07,-68.87281022996));
#5290 = ( GEOMETRIC_REPRESENTATION_CONTEXT(2) 
PARAMETRIC_REPRESENTATION_CONTEXT() REPRESENTATION_CONTEXT('2D SPACE',''
  ) );
#5291 = PCURVE('',#4257,#5292);
#5292 = DEFINITIONAL_REPRESENTATION('',(#5293),#5296);
#5293 = B_SPLINE_CURVE_WITH_KNOTS('',1,(#5294,#5295),.UNSPECIFIED.,.F.,
  .F.,(2,2),(-3.3,5.999999999062E-07),.PIECEWISE_BEZIER_KNOTS.);
#5294 = CARTESIAN_POINT('',(-0.795398830184,-3.3));
#5295 = CARTESIAN_POINT('',(-0.795398830184,5.999999999062E-07));
#5296 = ( GEOMETRIC_REPRESENTATION_CONTEXT(2) 
PARAMETRIC_REPRESENTATION_CONTEXT() REPRESENTATION_CONTEXT('2D SPACE',''
  ) );
#5297 = ORIENTED_EDGE('',*,*,#4269,.T.);
#5298 = ORIENTED_EDGE('',*,*,#5256,.F.);
#5299 = ADVANCED_FACE('',(#5300),#4257,.T.);
#5300 = FACE_BOUND('',#5301,.F.);
#5301 = EDGE_LOOP('',(#5302,#5303,#5304,#5305,#5328,#5368,#5369,#5370));
#5302 = ORIENTED_EDGE('',*,*,#4240,.F.);
#5303 = ORIENTED_EDGE('',*,*,#5279,.F.);
#5304 = ORIENTED_EDGE('',*,*,#4695,.T.);
#5305 = ORIENTED_EDGE('',*,*,#5306,.T.);
#5306 = EDGE_CURVE('',#4696,#5307,#5309,.T.);
#5307 = VERTEX_POINT('',#5308);
#5308 = CARTESIAN_POINT('',(45.5,69.130381701404,28.009184791655));
#5309 = SEAM_CURVE('',#5310,(#5314,#5321),.PCURVE_S1.);
#5310 = LINE('',#5311,#5312);
#5311 = CARTESIAN_POINT('',(45.5,69.130381701404,2.4));
#5312 = VECTOR('',#5313,1.);
#5313 = DIRECTION('',(0.,0.,1.));
#5314 = PCURVE('',#4257,#5315);
#5315 = DEFINITIONAL_REPRESENTATION('',(#5316),#5320);
#5316 = LINE('',#5317,#5318);
#5317 = CARTESIAN_POINT('',(-6.28318530718,0.));
#5318 = VECTOR('',#5319,1.);
#5319 = DIRECTION('',(-0.,-1.));
#5320 = ( GEOMETRIC_REPRESENTATION_CONTEXT(2) 
PARAMETRIC_REPRESENTATION_CONTEXT() REPRESENTATION_CONTEXT('2D SPACE',''
  ) );
#5321 = PCURVE('',#4257,#5322);
#5322 = DEFINITIONAL_REPRESENTATION('',(#5323),#5327);
#5323 = LINE('',#5324,#5325);
#5324 = CARTESIAN_POINT('',(-0.,0.));
#5325 = VECTOR('',#5326,1.);
#5326 = DIRECTION('',(-0.,-1.));
#5327 = ( GEOMETRIC_REPRESENTATION_CONTEXT(2) 
PARAMETRIC_REPRESENTATION_CONTEXT() REPRESENTATION_CONTEXT('2D SPACE',''
  ) );
#5328 = ORIENTED_EDGE('',*,*,#5329,.F.);
#5329 = EDGE_CURVE('',#5307,#5307,#5330,.T.);
#5330 = SURFACE_CURVE('',#5331,(#5336,#5356),.PCURVE_S1.);
#5331 = ELLIPSE('',#5332,3.019409198097,3.);
#5332 = AXIS2_PLACEMENT_3D('',#5333,#5334,#5335);
#5333 = CARTESIAN_POINT('',(42.5,69.130381701404,28.009184791655));
#5334 = DIRECTION('',(0.,0.113203213768,-0.993571855677));
#5335 = DIRECTION('',(0.,-0.993571855677,-0.113203213768));
#5336 = PCURVE('',#4257,#5337);
#5337 = DEFINITIONAL_REPRESENTATION('',(#5338),#5355);
#5338 = B_SPLINE_CURVE_WITH_KNOTS('',8,(#5339,#5340,#5341,#5342,#5343,
    #5344,#5345,#5346,#5347,#5348,#5349,#5350,#5351,#5352,#5353,#5354),
  .UNSPECIFIED.,.F.,.F.,(9,7,9),(4.712388980385,7.853981633974,
    10.995574287564),.UNSPECIFIED.);
#5339 = CARTESIAN_POINT('',(-6.28318530718,-25.60918479165));
#5340 = CARTESIAN_POINT('',(-5.890486225481,-25.47495756539));
#5341 = CARTESIAN_POINT('',(-5.497787143783,-25.34072926889));
#5342 = CARTESIAN_POINT('',(-5.105088062085,-25.23805458925));
#5343 = CARTESIAN_POINT('',(-4.712388980382,-25.19840184639));
#5344 = CARTESIAN_POINT('',(-4.319689898689,-25.23805458926));
#5345 = CARTESIAN_POINT('',(-3.926990816988,-25.34072926889));
#5346 = CARTESIAN_POINT('',(-3.534291735289,-25.47495756539));
#5347 = CARTESIAN_POINT('',(-2.748893571891,-25.74341201791));
#5348 = CARTESIAN_POINT('',(-2.356194490195,-25.87764031445));
#5349 = CARTESIAN_POINT('',(-1.963495408486,-25.98031499394));
#5350 = CARTESIAN_POINT('',(-1.570796326792,-26.01996773708));
#5351 = CARTESIAN_POINT('',(-1.178097245086,-25.98031499386));
#5352 = CARTESIAN_POINT('',(-0.785398163401,-25.87764031445));
#5353 = CARTESIAN_POINT('',(-0.392699081699,-25.74341201791));
#5354 = CARTESIAN_POINT('',(-1.42108547152E-14,-25.60918479165));
#5355 = ( GEOMETRIC_REPRESENTATION_CONTEXT(2) 
PARAMETRIC_REPRESENTATION_CONTEXT() REPRESENTATION_CONTEXT('2D SPACE',''
  ) );
#5356 = PCURVE('',#5357,#5362);
#5357 = PLANE('',#5358);
#5358 = AXIS2_PLACEMENT_3D('',#5359,#5360,#5361);
#5359 = CARTESIAN_POINT('',(0.,112.,32.893560830165));
#5360 = DIRECTION('',(0.,0.113203213768,-0.993571855677));
#5361 = DIRECTION('',(0.,-0.993571855677,-0.113203213768));
#5362 = DEFINITIONAL_REPRESENTATION('',(#5363),#5367);
#5363 = ELLIPSE('',#5364,3.019409198097,3.);
#5364 = AXIS2_PLACEMENT_2D('',#5365,#5366);
#5365 = CARTESIAN_POINT('',(43.146973269894,-42.5));
#5366 = DIRECTION('',(1.,0.));
#5367 = ( GEOMETRIC_REPRESENTATION_CONTEXT(2) 
PARAMETRIC_REPRESENTATION_CONTEXT() REPRESENTATION_CONTEXT('2D SPACE',''
  ) );
#5368 = ORIENTED_EDGE('',*,*,#5306,.F.);
#5369 = ORIENTED_EDGE('',*,*,#4723,.T.);
#5370 = ORIENTED_EDGE('',*,*,#5371,.T.);
#5371 = EDGE_CURVE('',#4724,#4213,#5372,.T.);
#5372 = SURFACE_CURVE('',#5373,(#5377,#5383),.PCURVE_S1.);
#5373 = LINE('',#5374,#5375);
#5374 = CARTESIAN_POINT('',(44.6,66.987953172841,2.4));
#5375 = VECTOR('',#5376,1.);
#5376 = DIRECTION('',(-0.,-0.,-1.));
#5377 = PCURVE('',#4257,#5378);
#5378 = DEFINITIONAL_REPRESENTATION('',(#5379),#5382);
#5379 = B_SPLINE_CURVE_WITH_KNOTS('',1,(#5380,#5381),.UNSPECIFIED.,.F.,
  .F.,(2,2),(-3.3,5.999999999062E-07),.PIECEWISE_BEZIER_KNOTS.);
#5380 = CARTESIAN_POINT('',(-5.487786476995,-3.3));
#5381 = CARTESIAN_POINT('',(-5.487786476995,5.999999999062E-07));
#5382 = ( GEOMETRIC_REPRESENTATION_CONTEXT(2) 
PARAMETRIC_REPRESENTATION_CONTEXT() REPRESENTATION_CONTEXT('2D SPACE',''
  ) );
#5383 = PCURVE('',#4228,#5384);
#5384 = DEFINITIONAL_REPRESENTATION('',(#5385),#5388);
#5385 = B_SPLINE_CURVE_WITH_KNOTS('',1,(#5386,#5387),.UNSPECIFIED.,.F.,
  .F.,(2,2),(-3.3,5.999999999062E-07),.PIECEWISE_BEZIER_KNOTS.);
#5386 = CARTESIAN_POINT('',(3.3,-64.58795317284));
#5387 = CARTESIAN_POINT('',(-5.999999999062E-07,-64.58795317284));
#5388 = ( GEOMETRIC_REPRESENTATION_CONTEXT(2) 
PARAMETRIC_REPRESENTATION_CONTEXT() REPRESENTATION_CONTEXT('2D SPACE',''
  ) );
#5389 = ADVANCED_FACE('',(#5390),#4228,.F.);
#5390 = FACE_BOUND('',#5391,.F.);
#5391 = EDGE_LOOP('',(#5392,#5393,#5412,#5413));
#5392 = ORIENTED_EDGE('',*,*,#4751,.F.);
#5393 = ORIENTED_EDGE('',*,*,#5394,.T.);
#5394 = EDGE_CURVE('',#4752,#4184,#5395,.T.);
#5395 = SURFACE_CURVE('',#5396,(#5400,#5406),.PCURVE_S1.);
#5396 = LINE('',#5397,#5398);
#5397 = CARTESIAN_POINT('',(44.6,52.394944972111,2.4));
#5398 = VECTOR('',#5399,1.);
#5399 = DIRECTION('',(-0.,-0.,-1.));
#5400 = PCURVE('',#4228,#5401);
#5401 = DEFINITIONAL_REPRESENTATION('',(#5402),#5405);
#5402 = B_SPLINE_CURVE_WITH_KNOTS('',1,(#5403,#5404),.UNSPECIFIED.,.F.,
  .F.,(2,2),(-3.3,5.999999999062E-07),.PIECEWISE_BEZIER_KNOTS.);
#5403 = CARTESIAN_POINT('',(3.3,-49.99494497211));
#5404 = CARTESIAN_POINT('',(-5.999999999062E-07,-49.99494497211));
#5405 = ( GEOMETRIC_REPRESENTATION_CONTEXT(2) 
PARAMETRIC_REPRESENTATION_CONTEXT() REPRESENTATION_CONTEXT('2D SPACE',''
  ) );
#5406 = PCURVE('',#4200,#5407);
#5407 = DEFINITIONAL_REPRESENTATION('',(#5408),#5411);
#5408 = B_SPLINE_CURVE_WITH_KNOTS('',1,(#5409,#5410),.UNSPECIFIED.,.F.,
  .F.,(2,2),(-3.3,5.999999999062E-07),.PIECEWISE_BEZIER_KNOTS.);
#5409 = CARTESIAN_POINT('',(-0.795398830184,-3.3));
#5410 = CARTESIAN_POINT('',(-0.795398830184,5.999999999062E-07));
#5411 = ( GEOMETRIC_REPRESENTATION_CONTEXT(2) 
PARAMETRIC_REPRESENTATION_CONTEXT() REPRESENTATION_CONTEXT('2D SPACE',''
  ) );
#5412 = ORIENTED_EDGE('',*,*,#4212,.T.);
#5413 = ORIENTED_EDGE('',*,*,#5371,.F.);
#5414 = ADVANCED_FACE('',(#5415),#4200,.T.);
#5415 = FACE_BOUND('',#5416,.F.);
#5416 = EDGE_LOOP('',(#5417,#5418,#5419,#5420,#5443,#5483,#5484,#5485));
#5417 = ORIENTED_EDGE('',*,*,#4183,.F.);
#5418 = ORIENTED_EDGE('',*,*,#5394,.F.);
#5419 = ORIENTED_EDGE('',*,*,#4774,.T.);
#5420 = ORIENTED_EDGE('',*,*,#5421,.T.);
#5421 = EDGE_CURVE('',#4775,#5422,#5424,.T.);
#5422 = VERTEX_POINT('',#5423);
#5423 = CARTESIAN_POINT('',(45.5,50.252516443549,25.858323730064));
#5424 = SEAM_CURVE('',#5425,(#5429,#5436),.PCURVE_S1.);
#5425 = LINE('',#5426,#5427);
#5426 = CARTESIAN_POINT('',(45.5,50.252516443549,2.4));
#5427 = VECTOR('',#5428,1.);
#5428 = DIRECTION('',(0.,0.,1.));
#5429 = PCURVE('',#4200,#5430);
#5430 = DEFINITIONAL_REPRESENTATION('',(#5431),#5435);
#5431 = LINE('',#5432,#5433);
#5432 = CARTESIAN_POINT('',(-6.28318530718,0.));
#5433 = VECTOR('',#5434,1.);
#5434 = DIRECTION('',(-0.,-1.));
#5435 = ( GEOMETRIC_REPRESENTATION_CONTEXT(2) 
PARAMETRIC_REPRESENTATION_CONTEXT() REPRESENTATION_CONTEXT('2D SPACE',''
  ) );
#5436 = PCURVE('',#4200,#5437);
#5437 = DEFINITIONAL_REPRESENTATION('',(#5438),#5442);
#5438 = LINE('',#5439,#5440);
#5439 = CARTESIAN_POINT('',(-0.,0.));
#5440 = VECTOR('',#5441,1.);
#5441 = DIRECTION('',(-0.,-1.));
#5442 = ( GEOMETRIC_REPRESENTATION_CONTEXT(2) 
PARAMETRIC_REPRESENTATION_CONTEXT() REPRESENTATION_CONTEXT('2D SPACE',''
  ) );
#5443 = ORIENTED_EDGE('',*,*,#5444,.F.);
#5444 = EDGE_CURVE('',#5422,#5422,#5445,.T.);
#5445 = SURFACE_CURVE('',#5446,(#5451,#5471),.PCURVE_S1.);
#5446 = ELLIPSE('',#5447,3.019409198097,3.);
#5447 = AXIS2_PLACEMENT_3D('',#5448,#5449,#5450);
#5448 = CARTESIAN_POINT('',(42.5,50.252516443549,25.858323730064));
#5449 = DIRECTION('',(0.,0.113203213768,-0.993571855677));
#5450 = DIRECTION('',(0.,-0.993571855677,-0.113203213768));
#5451 = PCURVE('',#4200,#5452);
#5452 = DEFINITIONAL_REPRESENTATION('',(#5453),#5470);
#5453 = B_SPLINE_CURVE_WITH_KNOTS('',8,(#5454,#5455,#5456,#5457,#5458,
    #5459,#5460,#5461,#5462,#5463,#5464,#5465,#5466,#5467,#5468,#5469),
  .UNSPECIFIED.,.F.,.F.,(9,7,9),(4.712388980385,7.853981633974,
    10.995574287564),.UNSPECIFIED.);
#5454 = CARTESIAN_POINT('',(-6.28318530718,-23.45832373006));
#5455 = CARTESIAN_POINT('',(-5.890486225481,-23.3240965038));
#5456 = CARTESIAN_POINT('',(-5.497787143781,-23.18986820727));
#5457 = CARTESIAN_POINT('',(-5.105088062091,-23.08719352776));
#5458 = CARTESIAN_POINT('',(-4.712388980382,-23.04754078461));
#5459 = CARTESIAN_POINT('',(-4.319689898689,-23.08719352771));
#5460 = CARTESIAN_POINT('',(-3.926990816986,-23.18986820727));
#5461 = CARTESIAN_POINT('',(-3.534291735289,-23.3240965038));
#5462 = CARTESIAN_POINT('',(-2.748893571891,-23.59255095632));
#5463 = CARTESIAN_POINT('',(-2.356194490191,-23.72677925285));
#5464 = CARTESIAN_POINT('',(-1.963495408501,-23.82945393235));
#5465 = CARTESIAN_POINT('',(-1.570796326792,-23.86910667542));
#5466 = CARTESIAN_POINT('',(-1.178097245101,-23.82945393235));
#5467 = CARTESIAN_POINT('',(-0.785398163397,-23.72677925284));
#5468 = CARTESIAN_POINT('',(-0.392699081699,-23.59255095632));
#5469 = CARTESIAN_POINT('',(-1.68753899743E-14,-23.45832373006));
#5470 = ( GEOMETRIC_REPRESENTATION_CONTEXT(2) 
PARAMETRIC_REPRESENTATION_CONTEXT() REPRESENTATION_CONTEXT('2D SPACE',''
  ) );
#5471 = PCURVE('',#5472,#5477);
#5472 = PLANE('',#5473);
#5473 = AXIS2_PLACEMENT_3D('',#5474,#5475,#5476);
#5474 = CARTESIAN_POINT('',(0.,112.,32.893560830165));
#5475 = DIRECTION('',(0.,0.113203213768,-0.993571855677));
#5476 = DIRECTION('',(0.,-0.993571855677,-0.113203213768));
#5477 = DEFINITIONAL_REPRESENTATION('',(#5478),#5482);
#5478 = ELLIPSE('',#5479,3.019409198097,3.);
#5479 = AXIS2_PLACEMENT_2D('',#5480,#5481);
#5480 = CARTESIAN_POINT('',(62.146973269894,-42.5));
#5481 = DIRECTION('',(1.,0.));
#5482 = ( GEOMETRIC_REPRESENTATION_CONTEXT(2) 
PARAMETRIC_REPRESENTATION_CONTEXT() REPRESENTATION_CONTEXT('2D SPACE',''
  ) );
#5483 = ORIENTED_EDGE('',*,*,#5421,.F.);
#5484 = ORIENTED_EDGE('',*,*,#4802,.T.);
#5485 = ORIENTED_EDGE('',*,*,#5486,.T.);
#5486 = EDGE_CURVE('',#4803,#4156,#5487,.T.);
#5487 = SURFACE_CURVE('',#5488,(#5492,#5498),.PCURVE_S1.);
#5488 = LINE('',#5489,#5490);
#5489 = CARTESIAN_POINT('',(44.6,48.110087914986,2.4));
#5490 = VECTOR('',#5491,1.);
#5491 = DIRECTION('',(-0.,-0.,-1.));
#5492 = PCURVE('',#4200,#5493);
#5493 = DEFINITIONAL_REPRESENTATION('',(#5494),#5497);
#5494 = B_SPLINE_CURVE_WITH_KNOTS('',1,(#5495,#5496),.UNSPECIFIED.,.F.,
  .F.,(2,2),(-3.3,5.999999999062E-07),.PIECEWISE_BEZIER_KNOTS.);
#5495 = CARTESIAN_POINT('',(-5.487786476995,-3.3));
#5496 = CARTESIAN_POINT('',(-5.487786476995,5.999999999062E-07));
#5497 = ( GEOMETRIC_REPRESENTATION_CONTEXT(2) 
PARAMETRIC_REPRESENTATION_CONTEXT() REPRESENTATION_CONTEXT('2D SPACE',''
  ) );
#5498 = PCURVE('',#4171,#5499);
#5499 = DEFINITIONAL_REPRESENTATION('',(#5500),#5503);
#5500 = B_SPLINE_CURVE_WITH_KNOTS('',1,(#5501,#5502),.UNSPECIFIED.,.F.,
  .F.,(2,2),(-3.3,5.999999999062E-07),.PIECEWISE_BEZIER_KNOTS.);
#5501 = CARTESIAN_POINT('',(3.3,-45.71008791498));
#5502 = CARTESIAN_POINT('',(-5.999999999062E-07,-45.71008791498));
#5503 = ( GEOMETRIC_REPRESENTATION_CONTEXT(2) 
PARAMETRIC_REPRESENTATION_CONTEXT() REPRESENTATION_CONTEXT('2D SPACE',''
  ) );
#5504 = ADVANCED_FACE('',(#5505),#4171,.F.);
#5505 = FACE_BOUND('',#5506,.F.);
#5506 = EDGE_LOOP('',(#5507,#5508,#5527,#5528));
#5507 = ORIENTED_EDGE('',*,*,#4830,.F.);
#5508 = ORIENTED_EDGE('',*,*,#5509,.T.);
#5509 = EDGE_CURVE('',#4831,#4127,#5510,.T.);
#5510 = SURFACE_CURVE('',#5511,(#5515,#5521),.PCURVE_S1.);
#5511 = LINE('',#5512,#5513);
#5512 = CARTESIAN_POINT('',(44.6,33.517079714256,2.4));
#5513 = VECTOR('',#5514,1.);
#5514 = DIRECTION('',(-0.,-0.,-1.));
#5515 = PCURVE('',#4171,#5516);
#5516 = DEFINITIONAL_REPRESENTATION('',(#5517),#5520);
#5517 = B_SPLINE_CURVE_WITH_KNOTS('',1,(#5518,#5519),.UNSPECIFIED.,.F.,
  .F.,(2,2),(-3.3,5.999999999062E-07),.PIECEWISE_BEZIER_KNOTS.);
#5518 = CARTESIAN_POINT('',(3.3,-31.11707971425));
#5519 = CARTESIAN_POINT('',(-5.999999999062E-07,-31.11707971425));
#5520 = ( GEOMETRIC_REPRESENTATION_CONTEXT(2) 
PARAMETRIC_REPRESENTATION_CONTEXT() REPRESENTATION_CONTEXT('2D SPACE',''
  ) );
#5521 = PCURVE('',#4143,#5522);
#5522 = DEFINITIONAL_REPRESENTATION('',(#5523),#5526);
#5523 = B_SPLINE_CURVE_WITH_KNOTS('',1,(#5524,#5525),.UNSPECIFIED.,.F.,
  .F.,(2,2),(-3.3,5.999999999062E-07),.PIECEWISE_BEZIER_KNOTS.);
#5524 = CARTESIAN_POINT('',(-0.795398830184,-3.3));
#5525 = CARTESIAN_POINT('',(-0.795398830184,5.999999999062E-07));
#5526 = ( GEOMETRIC_REPRESENTATION_CONTEXT(2) 
PARAMETRIC_REPRESENTATION_CONTEXT() REPRESENTATION_CONTEXT('2D SPACE',''
  ) );
#5527 = ORIENTED_EDGE('',*,*,#4155,.T.);
#5528 = ORIENTED_EDGE('',*,*,#5486,.F.);
#5529 = ADVANCED_FACE('',(#5530),#4143,.T.);
#5530 = FACE_BOUND('',#5531,.F.);
#5531 = EDGE_LOOP('',(#5532,#5533,#5534,#5535,#5558,#5598,#5599,#5600));
#5532 = ORIENTED_EDGE('',*,*,#4126,.F.);
#5533 = ORIENTED_EDGE('',*,*,#5509,.F.);
#5534 = ORIENTED_EDGE('',*,*,#4853,.T.);
#5535 = ORIENTED_EDGE('',*,*,#5536,.T.);
#5536 = EDGE_CURVE('',#4854,#5537,#5539,.T.);
#5537 = VERTEX_POINT('',#5538);
#5538 = CARTESIAN_POINT('',(45.5,31.374651185693,23.707462668474));
#5539 = SEAM_CURVE('',#5540,(#5544,#5551),.PCURVE_S1.);
#5540 = LINE('',#5541,#5542);
#5541 = CARTESIAN_POINT('',(45.5,31.374651185693,2.4));
#5542 = VECTOR('',#5543,1.);
#5543 = DIRECTION('',(0.,0.,1.));
#5544 = PCURVE('',#4143,#5545);
#5545 = DEFINITIONAL_REPRESENTATION('',(#5546),#5550);
#5546 = LINE('',#5547,#5548);
#5547 = CARTESIAN_POINT('',(-6.28318530718,0.));
#5548 = VECTOR('',#5549,1.);
#5549 = DIRECTION('',(-0.,-1.));
#5550 = ( GEOMETRIC_REPRESENTATION_CONTEXT(2) 
PARAMETRIC_REPRESENTATION_CONTEXT() REPRESENTATION_CONTEXT('2D SPACE',''
  ) );
#5551 = PCURVE('',#4143,#5552);
#5552 = DEFINITIONAL_REPRESENTATION('',(#5553),#5557);
#5553 = LINE('',#5554,#5555);
#5554 = CARTESIAN_POINT('',(-0.,0.));
#5555 = VECTOR('',#5556,1.);
#5556 = DIRECTION('',(-0.,-1.));
#5557 = ( GEOMETRIC_REPRESENTATION_CONTEXT(2) 
PARAMETRIC_REPRESENTATION_CONTEXT() REPRESENTATION_CONTEXT('2D SPACE',''
  ) );
#5558 = ORIENTED_EDGE('',*,*,#5559,.F.);
#5559 = EDGE_CURVE('',#5537,#5537,#5560,.T.);
#5560 = SURFACE_CURVE('',#5561,(#5566,#5586),.PCURVE_S1.);
#5561 = ELLIPSE('',#5562,3.019409198097,3.);
#5562 = AXIS2_PLACEMENT_3D('',#5563,#5564,#5565);
#5563 = CARTESIAN_POINT('',(42.5,31.374651185693,23.707462668474));
#5564 = DIRECTION('',(0.,0.113203213768,-0.993571855677));
#5565 = DIRECTION('',(0.,-0.993571855677,-0.113203213768));
#5566 = PCURVE('',#4143,#5567);
#5567 = DEFINITIONAL_REPRESENTATION('',(#5568),#5585);
#5568 = B_SPLINE_CURVE_WITH_KNOTS('',8,(#5569,#5570,#5571,#5572,#5573,
    #5574,#5575,#5576,#5577,#5578,#5579,#5580,#5581,#5582,#5583,#5584),
  .UNSPECIFIED.,.F.,.F.,(9,7,9),(4.712388980385,7.853981633974,
    10.995574287564),.UNSPECIFIED.);
#5569 = CARTESIAN_POINT('',(-6.28318530718,-21.30746266847));
#5570 = CARTESIAN_POINT('',(-5.890486225481,-21.17323544221));
#5571 = CARTESIAN_POINT('',(-5.497787143783,-21.0390071457));
#5572 = CARTESIAN_POINT('',(-5.105088062086,-20.93633246605));
#5573 = CARTESIAN_POINT('',(-4.712388980389,-20.89667972311));
#5574 = CARTESIAN_POINT('',(-4.319689898688,-20.93633246606));
#5575 = CARTESIAN_POINT('',(-3.926990816987,-21.0390071457));
#5576 = CARTESIAN_POINT('',(-3.534291735289,-21.17323544221));
#5577 = CARTESIAN_POINT('',(-2.748893571891,-21.44168989473));
#5578 = CARTESIAN_POINT('',(-2.356194490194,-21.57591819124));
#5579 = CARTESIAN_POINT('',(-1.963495408512,-21.67859287085));
#5580 = CARTESIAN_POINT('',(-1.570796326803,-21.71824561362));
#5581 = CARTESIAN_POINT('',(-1.178097245119,-21.67859287088));
#5582 = CARTESIAN_POINT('',(-0.785398163396,-21.57591819121));
#5583 = CARTESIAN_POINT('',(-0.392699081699,-21.44168989473));
#5584 = CARTESIAN_POINT('',(-1.68753899743E-14,-21.30746266847));
#5585 = ( GEOMETRIC_REPRESENTATION_CONTEXT(2) 
PARAMETRIC_REPRESENTATION_CONTEXT() REPRESENTATION_CONTEXT('2D SPACE',''
  ) );
#5586 = PCURVE('',#5587,#5592);
#5587 = PLANE('',#5588);
#5588 = AXIS2_PLACEMENT_3D('',#5589,#5590,#5591);
#5589 = CARTESIAN_POINT('',(0.,112.,32.893560830165));
#5590 = DIRECTION('',(0.,0.113203213768,-0.993571855677));
#5591 = DIRECTION('',(0.,-0.993571855677,-0.113203213768));
#5592 = DEFINITIONAL_REPRESENTATION('',(#5593),#5597);
#5593 = ELLIPSE('',#5594,3.019409198097,3.);
#5594 = AXIS2_PLACEMENT_2D('',#5595,#5596);
#5595 = CARTESIAN_POINT('',(81.146973269894,-42.5));
#5596 = DIRECTION('',(1.,0.));
#5597 = ( GEOMETRIC_REPRESENTATION_CONTEXT(2) 
PARAMETRIC_REPRESENTATION_CONTEXT() REPRESENTATION_CONTEXT('2D SPACE',''
  ) );
#5598 = ORIENTED_EDGE('',*,*,#5536,.F.);
#5599 = ORIENTED_EDGE('',*,*,#4881,.T.);
#5600 = ORIENTED_EDGE('',*,*,#4525,.T.);
#5601 = ADVANCED_FACE('',(#5602),#4392,.T.);
#5602 = FACE_BOUND('',#5603,.F.);
#5603 = EDGE_LOOP('',(#5604,#5605,#5628,#5668));
#5604 = ORIENTED_EDGE('',*,*,#4375,.F.);
#5605 = ORIENTED_EDGE('',*,*,#5606,.T.);
#5606 = EDGE_CURVE('',#4376,#5607,#5609,.T.);
#5607 = VERTEX_POINT('',#5608);
#5608 = CARTESIAN_POINT('',(26.5,31.374651185693,23.707462668474));
#5609 = SEAM_CURVE('',#5610,(#5614,#5621),.PCURVE_S1.);
#5610 = LINE('',#5611,#5612);
#5611 = CARTESIAN_POINT('',(26.5,31.374651185693,2.4));
#5612 = VECTOR('',#5613,1.);
#5613 = DIRECTION('',(0.,0.,1.));
#5614 = PCURVE('',#4392,#5615);
#5615 = DEFINITIONAL_REPRESENTATION('',(#5616),#5620);
#5616 = LINE('',#5617,#5618);
#5617 = CARTESIAN_POINT('',(-6.28318530718,0.));
#5618 = VECTOR('',#5619,1.);
#5619 = DIRECTION('',(-0.,-1.));
#5620 = ( GEOMETRIC_REPRESENTATION_CONTEXT(2) 
PARAMETRIC_REPRESENTATION_CONTEXT() REPRESENTATION_CONTEXT('2D SPACE',''
  ) );
#5621 = PCURVE('',#4392,#5622);
#5622 = DEFINITIONAL_REPRESENTATION('',(#5623),#5627);
#5623 = LINE('',#5624,#5625);
#5624 = CARTESIAN_POINT('',(-0.,0.));
#5625 = VECTOR('',#5626,1.);
#5626 = DIRECTION('',(-0.,-1.));
#5627 = ( GEOMETRIC_REPRESENTATION_CONTEXT(2) 
PARAMETRIC_REPRESENTATION_CONTEXT() REPRESENTATION_CONTEXT('2D SPACE',''
  ) );
#5628 = ORIENTED_EDGE('',*,*,#5629,.F.);
#5629 = EDGE_CURVE('',#5607,#5607,#5630,.T.);
#5630 = SURFACE_CURVE('',#5631,(#5636,#5656),.PCURVE_S1.);
#5631 = ELLIPSE('',#5632,3.019409198097,3.);
#5632 = AXIS2_PLACEMENT_3D('',#5633,#5634,#5635);
#5633 = CARTESIAN_POINT('',(23.5,31.374651185693,23.707462668474));
#5634 = DIRECTION('',(0.,0.113203213768,-0.993571855677));
#5635 = DIRECTION('',(0.,-0.993571855677,-0.113203213768));
#5636 = PCURVE('',#4392,#5637);
#5637 = DEFINITIONAL_REPRESENTATION('',(#5638),#5655);
#5638 = B_SPLINE_CURVE_WITH_KNOTS('',8,(#5639,#5640,#5641,#5642,#5643,
    #5644,#5645,#5646,#5647,#5648,#5649,#5650,#5651,#5652,#5653,#5654),
  .UNSPECIFIED.,.F.,.F.,(9,7,9),(4.712388980385,7.853981633974,
    10.995574287564),.UNSPECIFIED.);
#5639 = CARTESIAN_POINT('',(-6.28318530718,-21.30746266847));
#5640 = CARTESIAN_POINT('',(-5.890486225481,-21.17323544221));
#5641 = CARTESIAN_POINT('',(-5.497787143783,-21.0390071457));
#5642 = CARTESIAN_POINT('',(-5.105088062085,-20.93633246605));
#5643 = CARTESIAN_POINT('',(-4.712388980387,-20.89667972311));
#5644 = CARTESIAN_POINT('',(-4.319689898687,-20.93633246606));
#5645 = CARTESIAN_POINT('',(-3.926990816987,-21.0390071457));
#5646 = CARTESIAN_POINT('',(-3.534291735289,-21.17323544221));
#5647 = CARTESIAN_POINT('',(-2.748893571891,-21.44168989473));
#5648 = CARTESIAN_POINT('',(-2.35619449019,-21.57591819124));
#5649 = CARTESIAN_POINT('',(-1.963495408508,-21.67859287085));
#5650 = CARTESIAN_POINT('',(-1.570796326792,-21.71824561362));
#5651 = CARTESIAN_POINT('',(-1.178097245101,-21.67859287088));
#5652 = CARTESIAN_POINT('',(-0.785398163396,-21.57591819121));
#5653 = CARTESIAN_POINT('',(-0.392699081699,-21.44168989473));
#5654 = CARTESIAN_POINT('',(-1.68753899743E-14,-21.30746266847));
#5655 = ( GEOMETRIC_REPRESENTATION_CONTEXT(2) 
PARAMETRIC_REPRESENTATION_CONTEXT() REPRESENTATION_CONTEXT('2D SPACE',''
  ) );
#5656 = PCURVE('',#5657,#5662);
#5657 = PLANE('',#5658);
#5658 = AXIS2_PLACEMENT_3D('',#5659,#5660,#5661);
#5659 = CARTESIAN_POINT('',(0.,112.,32.893560830165));
#5660 = DIRECTION('',(0.,0.113203213768,-0.993571855677));
#5661 = DIRECTION('',(0.,-0.993571855677,-0.113203213768));
#5662 = DEFINITIONAL_REPRESENTATION('',(#5663),#5667);
#5663 = ELLIPSE('',#5664,3.019409198097,3.);
#5664 = AXIS2_PLACEMENT_2D('',#5665,#5666);
#5665 = CARTESIAN_POINT('',(81.146973269894,-23.5));
#5666 = DIRECTION('',(1.,0.));
#5667 = ( GEOMETRIC_REPRESENTATION_CONTEXT(2) 
PARAMETRIC_REPRESENTATION_CONTEXT() REPRESENTATION_CONTEXT('2D SPACE',''
  ) );
#5668 = ORIENTED_EDGE('',*,*,#5606,.F.);
#5669 = ADVANCED_FACE('',(#5670),#4423,.T.);
#5670 = FACE_BOUND('',#5671,.F.);
#5671 = EDGE_LOOP('',(#5672,#5673,#5696,#5736));
#5672 = ORIENTED_EDGE('',*,*,#4406,.F.);
#5673 = ORIENTED_EDGE('',*,*,#5674,.T.);
#5674 = EDGE_CURVE('',#4407,#5675,#5677,.T.);
#5675 = VERTEX_POINT('',#5676);
#5676 = CARTESIAN_POINT('',(26.5,50.252516443549,25.858323730064));
#5677 = SEAM_CURVE('',#5678,(#5682,#5689),.PCURVE_S1.);
#5678 = LINE('',#5679,#5680);
#5679 = CARTESIAN_POINT('',(26.5,50.252516443549,2.4));
#5680 = VECTOR('',#5681,1.);
#5681 = DIRECTION('',(0.,0.,1.));
#5682 = PCURVE('',#4423,#5683);
#5683 = DEFINITIONAL_REPRESENTATION('',(#5684),#5688);
#5684 = LINE('',#5685,#5686);
#5685 = CARTESIAN_POINT('',(-6.28318530718,0.));
#5686 = VECTOR('',#5687,1.);
#5687 = DIRECTION('',(-0.,-1.));
#5688 = ( GEOMETRIC_REPRESENTATION_CONTEXT(2) 
PARAMETRIC_REPRESENTATION_CONTEXT() REPRESENTATION_CONTEXT('2D SPACE',''
  ) );
#5689 = PCURVE('',#4423,#5690);
#5690 = DEFINITIONAL_REPRESENTATION('',(#5691),#5695);
#5691 = LINE('',#5692,#5693);
#5692 = CARTESIAN_POINT('',(-0.,0.));
#5693 = VECTOR('',#5694,1.);
#5694 = DIRECTION('',(-0.,-1.));
#5695 = ( GEOMETRIC_REPRESENTATION_CONTEXT(2) 
PARAMETRIC_REPRESENTATION_CONTEXT() REPRESENTATION_CONTEXT('2D SPACE',''
  ) );
#5696 = ORIENTED_EDGE('',*,*,#5697,.F.);
#5697 = EDGE_CURVE('',#5675,#5675,#5698,.T.);
#5698 = SURFACE_CURVE('',#5699,(#5704,#5724),.PCURVE_S1.);
#5699 = ELLIPSE('',#5700,3.019409198097,3.);
#5700 = AXIS2_PLACEMENT_3D('',#5701,#5702,#5703);
#5701 = CARTESIAN_POINT('',(23.5,50.252516443549,25.858323730064));
#5702 = DIRECTION('',(0.,0.113203213768,-0.993571855677));
#5703 = DIRECTION('',(0.,-0.993571855677,-0.113203213768));
#5704 = PCURVE('',#4423,#5705);
#5705 = DEFINITIONAL_REPRESENTATION('',(#5706),#5723);
#5706 = B_SPLINE_CURVE_WITH_KNOTS('',8,(#5707,#5708,#5709,#5710,#5711,
    #5712,#5713,#5714,#5715,#5716,#5717,#5718,#5719,#5720,#5721,#5722),
  .UNSPECIFIED.,.F.,.F.,(9,7,9),(4.712388980385,7.853981633974,
    10.995574287564),.UNSPECIFIED.);
#5707 = CARTESIAN_POINT('',(-6.28318530718,-23.45832373006));
#5708 = CARTESIAN_POINT('',(-5.890486225481,-23.3240965038));
#5709 = CARTESIAN_POINT('',(-5.497787143782,-23.18986820727));
#5710 = CARTESIAN_POINT('',(-5.10508806208,-23.08719352776));
#5711 = CARTESIAN_POINT('',(-4.712388980395,-23.04754078461));
#5712 = CARTESIAN_POINT('',(-4.31968989868,-23.08719352771));
#5713 = CARTESIAN_POINT('',(-3.926990816987,-23.18986820727));
#5714 = CARTESIAN_POINT('',(-3.534291735289,-23.3240965038));
#5715 = CARTESIAN_POINT('',(-2.748893571891,-23.59255095632));
#5716 = CARTESIAN_POINT('',(-2.356194490188,-23.72677925285));
#5717 = CARTESIAN_POINT('',(-1.963495408513,-23.82945393235));
#5718 = CARTESIAN_POINT('',(-1.570796326781,-23.86910667542));
#5719 = CARTESIAN_POINT('',(-1.178097245115,-23.82945393235));
#5720 = CARTESIAN_POINT('',(-0.785398163395,-23.72677925284));
#5721 = CARTESIAN_POINT('',(-0.392699081699,-23.59255095632));
#5722 = CARTESIAN_POINT('',(-1.68753899743E-14,-23.45832373006));
#5723 = ( GEOMETRIC_REPRESENTATION_CONTEXT(2) 
PARAMETRIC_REPRESENTATION_CONTEXT() REPRESENTATION_CONTEXT('2D SPACE',''
  ) );
#5724 = PCURVE('',#5725,#5730);
#5725 = PLANE('',#5726);
#5726 = AXIS2_PLACEMENT_3D('',#5727,#5728,#5729);
#5727 = CARTESIAN_POINT('',(0.,112.,32.893560830165));
#5728 = DIRECTION('',(0.,0.113203213768,-0.993571855677));
#5729 = DIRECTION('',(0.,-0.993571855677,-0.113203213768));
#5730 = DEFINITIONAL_REPRESENTATION('',(#5731),#5735);
#5731 = ELLIPSE('',#5732,3.019409198097,3.);
#5732 = AXIS2_PLACEMENT_2D('',#5733,#5734);
#5733 = CARTESIAN_POINT('',(62.146973269894,-23.5));
#5734 = DIRECTION('',(1.,0.));
#5735 = ( GEOMETRIC_REPRESENTATION_CONTEXT(2) 
PARAMETRIC_REPRESENTATION_CONTEXT() REPRESENTATION_CONTEXT('2D SPACE',''
  ) );
#5736 = ORIENTED_EDGE('',*,*,#5674,.F.);
#5737 = ADVANCED_FACE('',(#5738),#4454,.T.);
#5738 = FACE_BOUND('',#5739,.F.);
#5739 = EDGE_LOOP('',(#5740,#5741,#5764,#5804));
#5740 = ORIENTED_EDGE('',*,*,#4437,.F.);
#5741 = ORIENTED_EDGE('',*,*,#5742,.T.);
#5742 = EDGE_CURVE('',#4438,#5743,#5745,.T.);
#5743 = VERTEX_POINT('',#5744);
#5744 = CARTESIAN_POINT('',(26.5,69.130381701404,28.009184791655));
#5745 = SEAM_CURVE('',#5746,(#5750,#5757),.PCURVE_S1.);
#5746 = LINE('',#5747,#5748);
#5747 = CARTESIAN_POINT('',(26.5,69.130381701404,2.4));
#5748 = VECTOR('',#5749,1.);
#5749 = DIRECTION('',(0.,0.,1.));
#5750 = PCURVE('',#4454,#5751);
#5751 = DEFINITIONAL_REPRESENTATION('',(#5752),#5756);
#5752 = LINE('',#5753,#5754);
#5753 = CARTESIAN_POINT('',(-6.28318530718,0.));
#5754 = VECTOR('',#5755,1.);
#5755 = DIRECTION('',(-0.,-1.));
#5756 = ( GEOMETRIC_REPRESENTATION_CONTEXT(2) 
PARAMETRIC_REPRESENTATION_CONTEXT() REPRESENTATION_CONTEXT('2D SPACE',''
  ) );
#5757 = PCURVE('',#4454,#5758);
#5758 = DEFINITIONAL_REPRESENTATION('',(#5759),#5763);
#5759 = LINE('',#5760,#5761);
#5760 = CARTESIAN_POINT('',(-0.,0.));
#5761 = VECTOR('',#5762,1.);
#5762 = DIRECTION('',(-0.,-1.));
#5763 = ( GEOMETRIC_REPRESENTATION_CONTEXT(2) 
PARAMETRIC_REPRESENTATION_CONTEXT() REPRESENTATION_CONTEXT('2D SPACE',''
  ) );
#5764 = ORIENTED_EDGE('',*,*,#5765,.F.);
#5765 = EDGE_CURVE('',#5743,#5743,#5766,.T.);
#5766 = SURFACE_CURVE('',#5767,(#5772,#5792),.PCURVE_S1.);
#5767 = ELLIPSE('',#5768,3.019409198097,3.);
#5768 = AXIS2_PLACEMENT_3D('',#5769,#5770,#5771);
#5769 = CARTESIAN_POINT('',(23.5,69.130381701404,28.009184791655));
#5770 = DIRECTION('',(0.,0.113203213768,-0.993571855677));
#5771 = DIRECTION('',(0.,-0.993571855677,-0.113203213768));
#5772 = PCURVE('',#4454,#5773);
#5773 = DEFINITIONAL_REPRESENTATION('',(#5774),#5791);
#5774 = B_SPLINE_CURVE_WITH_KNOTS('',8,(#5775,#5776,#5777,#5778,#5779,
    #5780,#5781,#5782,#5783,#5784,#5785,#5786,#5787,#5788,#5789,#5790),
  .UNSPECIFIED.,.F.,.F.,(9,7,9),(4.712388980385,7.853981633974,
    10.995574287564),.UNSPECIFIED.);
#5775 = CARTESIAN_POINT('',(-6.28318530718,-25.60918479165));
#5776 = CARTESIAN_POINT('',(-5.890486225481,-25.47495756539));
#5777 = CARTESIAN_POINT('',(-5.497787143782,-25.34072926889));
#5778 = CARTESIAN_POINT('',(-5.105088062089,-25.23805458925));
#5779 = CARTESIAN_POINT('',(-4.712388980384,-25.19840184639));
#5780 = CARTESIAN_POINT('',(-4.319689898691,-25.23805458926));
#5781 = CARTESIAN_POINT('',(-3.926990816987,-25.34072926889));
#5782 = CARTESIAN_POINT('',(-3.534291735289,-25.47495756539));
#5783 = CARTESIAN_POINT('',(-2.748893571891,-25.74341201791));
#5784 = CARTESIAN_POINT('',(-2.356194490193,-25.87764031445));
#5785 = CARTESIAN_POINT('',(-1.963495408495,-25.98031499394));
#5786 = CARTESIAN_POINT('',(-1.570796326784,-26.01996773708));
#5787 = CARTESIAN_POINT('',(-1.178097245097,-25.98031499386));
#5788 = CARTESIAN_POINT('',(-0.785398163399,-25.87764031445));
#5789 = CARTESIAN_POINT('',(-0.392699081699,-25.74341201791));
#5790 = CARTESIAN_POINT('',(-1.42108547152E-14,-25.60918479165));
#5791 = ( GEOMETRIC_REPRESENTATION_CONTEXT(2) 
PARAMETRIC_REPRESENTATION_CONTEXT() REPRESENTATION_CONTEXT('2D SPACE',''
  ) );
#5792 = PCURVE('',#5793,#5798);
#5793 = PLANE('',#5794);
#5794 = AXIS2_PLACEMENT_3D('',#5795,#5796,#5797);
#5795 = CARTESIAN_POINT('',(0.,112.,32.893560830165));
#5796 = DIRECTION('',(0.,0.113203213768,-0.993571855677));
#5797 = DIRECTION('',(0.,-0.993571855677,-0.113203213768));
#5798 = DEFINITIONAL_REPRESENTATION('',(#5799),#5803);
#5799 = ELLIPSE('',#5800,3.019409198097,3.);
#5800 = AXIS2_PLACEMENT_2D('',#5801,#5802);
#5801 = CARTESIAN_POINT('',(43.146973269894,-23.5));
#5802 = DIRECTION('',(1.,0.));
#5803 = ( GEOMETRIC_REPRESENTATION_CONTEXT(2) 
PARAMETRIC_REPRESENTATION_CONTEXT() REPRESENTATION_CONTEXT('2D SPACE',''
  ) );
#5804 = ORIENTED_EDGE('',*,*,#5742,.F.);
#5805 = ADVANCED_FACE('',(#5806),#4485,.T.);
#5806 = FACE_BOUND('',#5807,.F.);
#5807 = EDGE_LOOP('',(#5808,#5809,#5832,#5872));
#5808 = ORIENTED_EDGE('',*,*,#4468,.F.);
#5809 = ORIENTED_EDGE('',*,*,#5810,.T.);
#5810 = EDGE_CURVE('',#4469,#5811,#5813,.T.);
#5811 = VERTEX_POINT('',#5812);
#5812 = CARTESIAN_POINT('',(26.5,88.008246959259,30.160045853245));
#5813 = SEAM_CURVE('',#5814,(#5818,#5825),.PCURVE_S1.);
#5814 = LINE('',#5815,#5816);
#5815 = CARTESIAN_POINT('',(26.5,88.008246959259,2.4));
#5816 = VECTOR('',#5817,1.);
#5817 = DIRECTION('',(0.,0.,1.));
#5818 = PCURVE('',#4485,#5819);
#5819 = DEFINITIONAL_REPRESENTATION('',(#5820),#5824);
#5820 = LINE('',#5821,#5822);
#5821 = CARTESIAN_POINT('',(-6.28318530718,0.));
#5822 = VECTOR('',#5823,1.);
#5823 = DIRECTION('',(-0.,-1.));
#5824 = ( GEOMETRIC_REPRESENTATION_CONTEXT(2) 
PARAMETRIC_REPRESENTATION_CONTEXT() REPRESENTATION_CONTEXT('2D SPACE',''
  ) );
#5825 = PCURVE('',#4485,#5826);
#5826 = DEFINITIONAL_REPRESENTATION('',(#5827),#5831);
#5827 = LINE('',#5828,#5829);
#5828 = CARTESIAN_POINT('',(-0.,0.));
#5829 = VECTOR('',#5830,1.);
#5830 = DIRECTION('',(-0.,-1.));
#5831 = ( GEOMETRIC_REPRESENTATION_CONTEXT(2) 
PARAMETRIC_REPRESENTATION_CONTEXT() REPRESENTATION_CONTEXT('2D SPACE',''
  ) );
#5832 = ORIENTED_EDGE('',*,*,#5833,.F.);
#5833 = EDGE_CURVE('',#5811,#5811,#5834,.T.);
#5834 = SURFACE_CURVE('',#5835,(#5840,#5860),.PCURVE_S1.);
#5835 = ELLIPSE('',#5836,3.019409198097,3.);
#5836 = AXIS2_PLACEMENT_3D('',#5837,#5838,#5839);
#5837 = CARTESIAN_POINT('',(23.5,88.008246959259,30.160045853245));
#5838 = DIRECTION('',(0.,0.113203213768,-0.993571855677));
#5839 = DIRECTION('',(0.,-0.993571855677,-0.113203213768));
#5840 = PCURVE('',#4485,#5841);
#5841 = DEFINITIONAL_REPRESENTATION('',(#5842),#5859);
#5842 = B_SPLINE_CURVE_WITH_KNOTS('',8,(#5843,#5844,#5845,#5846,#5847,
    #5848,#5849,#5850,#5851,#5852,#5853,#5854,#5855,#5856,#5857,#5858),
  .UNSPECIFIED.,.F.,.F.,(9,7,9),(4.712388980385,7.853981633974,
    10.995574287564),.UNSPECIFIED.);
#5843 = CARTESIAN_POINT('',(-6.28318530718,-27.76004585324));
#5844 = CARTESIAN_POINT('',(-5.890486225481,-27.62581862698));
#5845 = CARTESIAN_POINT('',(-5.497787143782,-27.49159033046));
#5846 = CARTESIAN_POINT('',(-5.105088062089,-27.38891565083));
#5847 = CARTESIAN_POINT('',(-4.712388980384,-27.34926290791));
#5848 = CARTESIAN_POINT('',(-4.319689898691,-27.38891565091));
#5849 = CARTESIAN_POINT('',(-3.926990816987,-27.49159033044));
#5850 = CARTESIAN_POINT('',(-3.534291735289,-27.62581862698));
#5851 = CARTESIAN_POINT('',(-2.748893571891,-27.8942730795));
#5852 = CARTESIAN_POINT('',(-2.356194490195,-28.02850137602));
#5853 = CARTESIAN_POINT('',(-1.963495408495,-28.13117605554));
#5854 = CARTESIAN_POINT('',(-1.570796326799,-28.17082879858));
#5855 = CARTESIAN_POINT('',(-1.178097245097,-28.13117605551));
#5856 = CARTESIAN_POINT('',(-0.785398163401,-28.02850137601));
#5857 = CARTESIAN_POINT('',(-0.392699081699,-27.8942730795));
#5858 = CARTESIAN_POINT('',(-1.42108547152E-14,-27.76004585324));
#5859 = ( GEOMETRIC_REPRESENTATION_CONTEXT(2) 
PARAMETRIC_REPRESENTATION_CONTEXT() REPRESENTATION_CONTEXT('2D SPACE',''
  ) );
#5860 = PCURVE('',#5861,#5866);
#5861 = PLANE('',#5862);
#5862 = AXIS2_PLACEMENT_3D('',#5863,#5864,#5865);
#5863 = CARTESIAN_POINT('',(0.,112.,32.893560830165));
#5864 = DIRECTION('',(0.,0.113203213768,-0.993571855677));
#5865 = DIRECTION('',(0.,-0.993571855677,-0.113203213768));
#5866 = DEFINITIONAL_REPRESENTATION('',(#5867),#5871);
#5867 = ELLIPSE('',#5868,3.019409198097,3.);
#5868 = AXIS2_PLACEMENT_2D('',#5869,#5870);
#5869 = CARTESIAN_POINT('',(24.146973269894,-23.5));
#5870 = DIRECTION('',(1.,0.));
#5871 = ( GEOMETRIC_REPRESENTATION_CONTEXT(2) 
PARAMETRIC_REPRESENTATION_CONTEXT() REPRESENTATION_CONTEXT('2D SPACE',''
  ) );
#5872 = ORIENTED_EDGE('',*,*,#5810,.F.);
#5873 = ADVANCED_FACE('',(#5874,#5877),#5242,.F.);
#5874 = FACE_BOUND('',#5875,.F.);
#5875 = EDGE_LOOP('',(#5876));
#5876 = ORIENTED_EDGE('',*,*,#5214,.T.);
#5877 = FACE_BOUND('',#5878,.F.);
#5878 = EDGE_LOOP('',(#5879));
#5879 = ORIENTED_EDGE('',*,*,#5880,.F.);
#5880 = EDGE_CURVE('',#5881,#5881,#5883,.T.);
#5881 = VERTEX_POINT('',#5882);
#5882 = CARTESIAN_POINT('',(44.1,88.008246959259,30.160045853245));#5883 = SURFACE_CURVE('',#5884,(#5889,#5896),.PCURVE_S1.);
#5884 = ELLIPSE('',#5885,1.610351572318,1.6);
#5885 = AXIS2_PLACEMENT_3D('',#5886,#5887,#5888);
#5886 = CARTESIAN_POINT('',(42.5,88.008246959259,30.160045853245));
#5887 = DIRECTION('',(0.,0.113203213768,-0.993571855677));
#5888 = DIRECTION('',(0.,-0.993571855677,-0.113203213768));
#5889 = PCURVE('',#5242,#5890);
#5890 = DEFINITIONAL_REPRESENTATION('',(#5891),#5895);
#5891 = ELLIPSE('',#5892,1.610351572318,1.6);
#5892 = AXIS2_PLACEMENT_2D('',#5893,#5894);
#5893 = CARTESIAN_POINT('',(24.146973269894,-42.5));
#5894 = DIRECTION('',(1.,0.));
#5895 = ( GEOMETRIC_REPRESENTATION_CONTEXT(2) 
PARAMETRIC_REPRESENTATION_CONTEXT() REPRESENTATION_CONTEXT('2D SPACE',''
  ) );
#5896 = PCURVE('',#5897,#5902);
#5897 = CYLINDRICAL_SURFACE('',#5898,1.6);
#5898 = AXIS2_PLACEMENT_3D('',#5899,#5900,#5901);
#5899 = CARTESIAN_POINT('',(42.5,88.008246959259,26.160045853245));
#5900 = DIRECTION('',(-0.,-0.,-1.));
#5901 = DIRECTION('',(1.,0.,0.));
#5902 = DEFINITIONAL_REPRESENTATION('',(#5903),#5920);
#5903 = B_SPLINE_CURVE_WITH_KNOTS('',8,(#5904,#5905,#5906,#5907,#5908,
    #5909,#5910,#5911,#5912,#5913,#5914,#5915,#5916,#5917,#5918,#5919),
  .UNSPECIFIED.,.F.,.F.,(9,7,9),(4.712388980385,7.853981633974,
    10.995574287564),.UNSPECIFIED.);
#5904 = CARTESIAN_POINT('',(-6.28318530718,-4.));
#5905 = CARTESIAN_POINT('',(-5.890486225481,-3.928412145995));
#5906 = CARTESIAN_POINT('',(-5.497787143782,-3.856823721182));
#5907 = CARTESIAN_POINT('',(-5.105088062085,-3.80206389209));
#5908 = CARTESIAN_POINT('',(-4.712388980391,-3.780915762483));
#5909 = CARTESIAN_POINT('',(-4.319689898686,-3.80206389209));
#5910 = CARTESIAN_POINT('',(-3.926990816988,-3.856823721183));
#5911 = CARTESIAN_POINT('',(-3.534291735289,-3.928412145995));
#5912 = CARTESIAN_POINT('',(-2.748893571891,-4.071587854005));
#5913 = CARTESIAN_POINT('',(-2.356194490195,-4.143176278815));
#5914 = CARTESIAN_POINT('',(-1.96349540851,-4.197936107914));
#5915 = CARTESIAN_POINT('',(-1.570796326821,-4.219084237484));
#5916 = CARTESIAN_POINT('',(-1.178097245112,-4.197936107916));
#5917 = CARTESIAN_POINT('',(-0.785398163398,-4.143176278812));
#5918 = CARTESIAN_POINT('',(-0.392699081699,-4.071587854005));
#5919 = CARTESIAN_POINT('',(-1.7763568394E-14,-4.));
#5920 = ( GEOMETRIC_REPRESENTATION_CONTEXT(2) 
PARAMETRIC_REPRESENTATION_CONTEXT() REPRESENTATION_CONTEXT('2D SPACE',''
  ) );
#5921 = ADVANCED_FACE('',(#5922,#5925),#5357,.F.);
#5922 = FACE_BOUND('',#5923,.F.);
#5923 = EDGE_LOOP('',(#5924));
#5924 = ORIENTED_EDGE('',*,*,#5329,.T.);
#5925 = FACE_BOUND('',#5926,.F.);
#5926 = EDGE_LOOP('',(#5927));
#5927 = ORIENTED_EDGE('',*,*,#5928,.F.);
#5928 = EDGE_CURVE('',#5929,#5929,#5931,.T.);
#5929 = VERTEX_POINT('',#5930);
#5930 = CARTESIAN_POINT('',(44.1,69.130381701404,28.009184791655));
#5931 = SURFACE_CURVE('',#5932,(#5937,#5944),.PCURVE_S1.);
#5932 = ELLIPSE('',#5933,1.610351572318,1.6);
#5933 = AXIS2_PLACEMENT_3D('',#5934,#5935,#5936);
#5934 = CARTESIAN_POINT('',(42.5,69.130381701404,28.009184791655));
#5935 = DIRECTION('',(0.,0.113203213768,-0.993571855677));
#5936 = DIRECTION('',(0.,-0.993571855677,-0.113203213768));
#5937 = PCURVE('',#5357,#5938);
#5938 = DEFINITIONAL_REPRESENTATION('',(#5939),#5943);
#5939 = ELLIPSE('',#5940,1.610351572318,1.6);
#5940 = AXIS2_PLACEMENT_2D('',#5941,#5942);
#5941 = CARTESIAN_POINT('',(43.146973269894,-42.5));
#5942 = DIRECTION('',(1.,0.));
#5943 = ( GEOMETRIC_REPRESENTATION_CONTEXT(2) 
PARAMETRIC_REPRESENTATION_CONTEXT() REPRESENTATION_CONTEXT('2D SPACE',''
  ) );
#5944 = PCURVE('',#5945,#5950);
#5945 = CYLINDRICAL_SURFACE('',#5946,1.6);
#5946 = AXIS2_PLACEMENT_3D('',#5947,#5948,#5949);
#5947 = CARTESIAN_POINT('',(42.5,69.130381701404,24.009184791655));
#5948 = DIRECTION('',(-0.,-0.,-1.));
#5949 = DIRECTION('',(1.,0.,0.));
#5950 = DEFINITIONAL_REPRESENTATION('',(#5951),#5968);
#5951 = B_SPLINE_CURVE_WITH_KNOTS('',8,(#5952,#5953,#5954,#5955,#5956,
    #5957,#5958,#5959,#5960,#5961,#5962,#5963,#5964,#5965,#5966,#5967),
  .UNSPECIFIED.,.F.,.F.,(9,7,9),(4.712388980385,7.853981633974,
    10.995574287564),.UNSPECIFIED.);
#5952 = CARTESIAN_POINT('',(-6.28318530718,-4.));
#5953 = CARTESIAN_POINT('',(-5.890486225481,-3.928412145995));
#5954 = CARTESIAN_POINT('',(-5.497787143782,-3.856823721193));
#5955 = CARTESIAN_POINT('',(-5.105088062085,-3.80206389205));
#5956 = CARTESIAN_POINT('',(-4.712388980391,-3.780915762556));
#5957 = CARTESIAN_POINT('',(-4.319689898686,-3.80206389205));
#5958 = CARTESIAN_POINT('',(-3.926990816988,-3.856823721193));
#5959 = CARTESIAN_POINT('',(-3.534291735289,-3.928412145995));
#5960 = CARTESIAN_POINT('',(-2.748893571891,-4.071587854005));
#5961 = CARTESIAN_POINT('',(-2.356194490195,-4.143176278812));
#5962 = CARTESIAN_POINT('',(-1.96349540851,-4.19793610791));
#5963 = CARTESIAN_POINT('',(-1.570796326821,-4.219084237473));
#5964 = CARTESIAN_POINT('',(-1.178097245112,-4.19793610791));
#5965 = CARTESIAN_POINT('',(-0.785398163398,-4.143176278811));
#5966 = CARTESIAN_POINT('',(-0.392699081699,-4.071587854005));
#5967 = CARTESIAN_POINT('',(-1.7763568394E-14,-4.));
#5968 = ( GEOMETRIC_REPRESENTATION_CONTEXT(2) 
PARAMETRIC_REPRESENTATION_CONTEXT() REPRESENTATION_CONTEXT('2D SPACE',''
  ) );
#5969 = ADVANCED_FACE('',(#5970,#5973),#5472,.F.);
#5970 = FACE_BOUND('',#5971,.F.);
#5971 = EDGE_LOOP('',(#5972));
#5972 = ORIENTED_EDGE('',*,*,#5444,.T.);
#5973 = FACE_BOUND('',#5974,.F.);
#5974 = EDGE_LOOP('',(#5975));
#5975 = ORIENTED_EDGE('',*,*,#5976,.F.);
#5976 = EDGE_CURVE('',#5977,#5977,#5979,.T.);
#5977 = VERTEX_POINT('',#5978);
#5978 = CARTESIAN_POINT('',(44.1,50.252516443549,25.858323730064));
#5979 = SURFACE_CURVE('',#5980,(#5985,#5992),.PCURVE_S1.);
#5980 = ELLIPSE('',#5981,1.610351572318,1.6);
#5981 = AXIS2_PLACEMENT_3D('',#5982,#5983,#5984);
#5982 = CARTESIAN_POINT('',(42.5,50.252516443549,25.858323730064));
#5983 = DIRECTION('',(0.,0.113203213768,-0.993571855677));
#5984 = DIRECTION('',(0.,-0.993571855677,-0.113203213768));
#5985 = PCURVE('',#5472,#5986);
#5986 = DEFINITIONAL_REPRESENTATION('',(#5987),#5991);
#5987 = ELLIPSE('',#5988,1.610351572318,1.6);
#5988 = AXIS2_PLACEMENT_2D('',#5989,#5990);
#5989 = CARTESIAN_POINT('',(62.146973269894,-42.5));
#5990 = DIRECTION('',(1.,0.));
#5991 = ( GEOMETRIC_REPRESENTATION_CONTEXT(2) 
PARAMETRIC_REPRESENTATION_CONTEXT() REPRESENTATION_CONTEXT('2D SPACE',''
  ) );
#5992 = PCURVE('',#5993,#5998);
#5993 = CYLINDRICAL_SURFACE('',#5994,1.6);
#5994 = AXIS2_PLACEMENT_3D('',#5995,#5996,#5997);
#5995 = CARTESIAN_POINT('',(42.5,50.252516443549,21.858323730064));
#5996 = DIRECTION('',(-0.,-0.,-1.));
#5997 = DIRECTION('',(1.,0.,0.));
#5998 = DEFINITIONAL_REPRESENTATION('',(#5999),#6016);
#5999 = B_SPLINE_CURVE_WITH_KNOTS('',8,(#6000,#6001,#6002,#6003,#6004,
    #6005,#6006,#6007,#6008,#6009,#6010,#6011,#6012,#6013,#6014,#6015),
  .UNSPECIFIED.,.F.,.F.,(9,7,9),(4.712388980385,7.853981633974,
    10.995574287564),.UNSPECIFIED.);
#6000 = CARTESIAN_POINT('',(-6.28318530718,-4.));
#6001 = CARTESIAN_POINT('',(-5.890486225481,-3.928412145995));
#6002 = CARTESIAN_POINT('',(-5.497787143782,-3.856823721182));
#6003 = CARTESIAN_POINT('',(-5.105088062083,-3.80206389209));
#6004 = CARTESIAN_POINT('',(-4.712388980389,-3.780915762483));
#6005 = CARTESIAN_POINT('',(-4.319689898685,-3.80206389209));
#6006 = CARTESIAN_POINT('',(-3.926990816988,-3.856823721183));
#6007 = CARTESIAN_POINT('',(-3.534291735289,-3.928412145995));
#6008 = CARTESIAN_POINT('',(-2.748893571891,-4.071587854005));
#6009 = CARTESIAN_POINT('',(-2.356194490194,-4.143176278815));
#6010 = CARTESIAN_POINT('',(-1.96349540849,-4.197936107914));
#6011 = CARTESIAN_POINT('',(-1.570796326817,-4.219084237484));
#6012 = CARTESIAN_POINT('',(-1.17809724509,-4.197936107916));
#6013 = CARTESIAN_POINT('',(-0.785398163398,-4.143176278812));
#6014 = CARTESIAN_POINT('',(-0.392699081699,-4.071587854005));
#6015 = CARTESIAN_POINT('',(-1.7763568394E-14,-4.));
#6016 = ( GEOMETRIC_REPRESENTATION_CONTEXT(2) 
PARAMETRIC_REPRESENTATION_CONTEXT() REPRESENTATION_CONTEXT('2D SPACE',''
  ) );
#6017 = ADVANCED_FACE('',(#6018,#6021),#5587,.F.);
#6018 = FACE_BOUND('',#6019,.F.);
#6019 = EDGE_LOOP('',(#6020));
#6020 = ORIENTED_EDGE('',*,*,#5559,.T.);
#6021 = FACE_BOUND('',#6022,.F.);
#6022 = EDGE_LOOP('',(#6023));
#6023 = ORIENTED_EDGE('',*,*,#6024,.F.);
#6024 = EDGE_CURVE('',#6025,#6025,#6027,.T.);
#6025 = VERTEX_POINT('',#6026);
#6026 = CARTESIAN_POINT('',(44.1,31.374651185693,23.707462668474));
#6027 = SURFACE_CURVE('',#6028,(#6033,#6040),.PCURVE_S1.);
#6028 = ELLIPSE('',#6029,1.610351572318,1.6);
#6029 = AXIS2_PLACEMENT_3D('',#6030,#6031,#6032);
#6030 = CARTESIAN_POINT('',(42.5,31.374651185693,23.707462668474));
#6031 = DIRECTION('',(0.,0.113203213768,-0.993571855677));
#6032 = DIRECTION('',(0.,-0.993571855677,-0.113203213768));
#6033 = PCURVE('',#5587,#6034);
#6034 = DEFINITIONAL_REPRESENTATION('',(#6035),#6039);
#6035 = ELLIPSE('',#6036,1.610351572318,1.6);
#6036 = AXIS2_PLACEMENT_2D('',#6037,#6038);
#6037 = CARTESIAN_POINT('',(81.146973269894,-42.5));
#6038 = DIRECTION('',(1.,0.));
#6039 = ( GEOMETRIC_REPRESENTATION_CONTEXT(2) 
PARAMETRIC_REPRESENTATION_CONTEXT() REPRESENTATION_CONTEXT('2D SPACE',''
  ) );
#6040 = PCURVE('',#6041,#6046);
#6041 = CYLINDRICAL_SURFACE('',#6042,1.6);
#6042 = AXIS2_PLACEMENT_3D('',#6043,#6044,#6045);
#6043 = CARTESIAN_POINT('',(42.5,31.374651185693,19.707462668474));
#6044 = DIRECTION('',(-0.,-0.,-1.));
#6045 = DIRECTION('',(1.,0.,0.));
#6046 = DEFINITIONAL_REPRESENTATION('',(#6047),#6064);
#6047 = B_SPLINE_CURVE_WITH_KNOTS('',8,(#6048,#6049,#6050,#6051,#6052,
    #6053,#6054,#6055,#6056,#6057,#6058,#6059,#6060,#6061,#6062,#6063),
  .UNSPECIFIED.,.F.,.F.,(9,7,9),(4.712388980385,7.853981633974,
    10.995574287564),.UNSPECIFIED.);
#6048 = CARTESIAN_POINT('',(-6.28318530718,-4.));
#6049 = CARTESIAN_POINT('',(-5.890486225481,-3.928412145995));
#6050 = CARTESIAN_POINT('',(-5.497787143783,-3.856823721193));
#6051 = CARTESIAN_POINT('',(-5.105088062086,-3.80206389205));
#6052 = CARTESIAN_POINT('',(-4.712388980384,-3.780915762556));
#6053 = CARTESIAN_POINT('',(-4.319689898686,-3.80206389205));
#6054 = CARTESIAN_POINT('',(-3.926990816988,-3.856823721193));
#6055 = CARTESIAN_POINT('',(-3.534291735289,-3.928412145995));
#6056 = CARTESIAN_POINT('',(-2.748893571891,-4.071587854005));
#6057 = CARTESIAN_POINT('',(-2.356194490191,-4.143176278812));
#6058 = CARTESIAN_POINT('',(-1.963495408501,-4.19793610791));
#6059 = CARTESIAN_POINT('',(-1.570796326792,-4.219084237473));
#6060 = CARTESIAN_POINT('',(-1.178097245101,-4.19793610791));
#6061 = CARTESIAN_POINT('',(-0.785398163397,-4.143176278811));
#6062 = CARTESIAN_POINT('',(-0.392699081699,-4.071587854005));
#6063 = CARTESIAN_POINT('',(-1.50990331349E-14,-4.));
#6064 = ( GEOMETRIC_REPRESENTATION_CONTEXT(2) 
PARAMETRIC_REPRESENTATION_CONTEXT() REPRESENTATION_CONTEXT('2D SPACE',''
  ) );
#6065 = ADVANCED_FACE('',(#6066,#6069),#5657,.F.);
#6066 = FACE_BOUND('',#6067,.F.);
#6067 = EDGE_LOOP('',(#6068));
#6068 = ORIENTED_EDGE('',*,*,#5629,.T.);
#6069 = FACE_BOUND('',#6070,.F.);
#6070 = EDGE_LOOP('',(#6071));
#6071 = ORIENTED_EDGE('',*,*,#6072,.F.);
#6072 = EDGE_CURVE('',#6073,#6073,#6075,.T.);
#6073 = VERTEX_POINT('',#6074);
#6074 = CARTESIAN_POINT('',(25.1,31.374651185693,23.707462668474));
#6075 = SURFACE_CURVE('',#6076,(#6081,#6088),.PCURVE_S1.);
#6076 = ELLIPSE('',#6077,1.610351572318,1.6);
#6077 = AXIS2_PLACEMENT_3D('',#6078,#6079,#6080);
#6078 = CARTESIAN_POINT('',(23.5,31.374651185693,23.707462668474));
#6079 = DIRECTION('',(0.,0.113203213768,-0.993571855677));
#6080 = DIRECTION('',(0.,-0.993571855677,-0.113203213768));
#6081 = PCURVE('',#5657,#6082);
#6082 = DEFINITIONAL_REPRESENTATION('',(#6083),#6087);
#6083 = ELLIPSE('',#6084,1.610351572318,1.6);
#6084 = AXIS2_PLACEMENT_2D('',#6085,#6086);
#6085 = CARTESIAN_POINT('',(81.146973269894,-23.5));
#6086 = DIRECTION('',(1.,0.));
#6087 = ( GEOMETRIC_REPRESENTATION_CONTEXT(2) 
PARAMETRIC_REPRESENTATION_CONTEXT() REPRESENTATION_CONTEXT('2D SPACE',''
  ) );
#6088 = PCURVE('',#6089,#6094);
#6089 = CYLINDRICAL_SURFACE('',#6090,1.6);
#6090 = AXIS2_PLACEMENT_3D('',#6091,#6092,#6093);
#6091 = CARTESIAN_POINT('',(23.5,31.374651185693,19.707462668474));
#6092 = DIRECTION('',(-0.,-0.,-1.));
#6093 = DIRECTION('',(1.,0.,0.));
#6094 = DEFINITIONAL_REPRESENTATION('',(#6095),#6112);
#6095 = B_SPLINE_CURVE_WITH_KNOTS('',8,(#6096,#6097,#6098,#6099,#6100,
    #6101,#6102,#6103,#6104,#6105,#6106,#6107,#6108,#6109,#6110,#6111),
  .UNSPECIFIED.,.F.,.F.,(9,7,9),(4.712388980385,7.853981633974,
    10.995574287564),.UNSPECIFIED.);
#6096 = CARTESIAN_POINT('',(-6.28318530718,-4.));
#6097 = CARTESIAN_POINT('',(-5.890486225481,-3.928412145995));
#6098 = CARTESIAN_POINT('',(-5.497787143782,-3.856823721193));
#6099 = CARTESIAN_POINT('',(-5.105088062087,-3.80206389205));
#6100 = CARTESIAN_POINT('',(-4.712388980385,-3.780915762556));
#6101 = CARTESIAN_POINT('',(-4.319689898689,-3.80206389205));
#6102 = CARTESIAN_POINT('',(-3.926990816987,-3.856823721193));
#6103 = CARTESIAN_POINT('',(-3.534291735289,-3.928412145995));
#6104 = CARTESIAN_POINT('',(-2.748893571891,-4.071587854005));
#6105 = CARTESIAN_POINT('',(-2.356194490191,-4.143176278812));
#6106 = CARTESIAN_POINT('',(-1.963495408501,-4.19793610791));
#6107 = CARTESIAN_POINT('',(-1.570796326792,-4.219084237473));
#6108 = CARTESIAN_POINT('',(-1.178097245101,-4.19793610791));
#6109 = CARTESIAN_POINT('',(-0.785398163397,-4.143176278811));
#6110 = CARTESIAN_POINT('',(-0.392699081699,-4.071587854005));
#6111 = CARTESIAN_POINT('',(-1.50990331349E-14,-4.));
#6112 = ( GEOMETRIC_REPRESENTATION_CONTEXT(2) 
PARAMETRIC_REPRESENTATION_CONTEXT() REPRESENTATION_CONTEXT('2D SPACE',''
  ) );
#6113 = ADVANCED_FACE('',(#6114,#6117),#5725,.F.);
#6114 = FACE_BOUND('',#6115,.F.);
#6115 = EDGE_LOOP('',(#6116));
#6116 = ORIENTED_EDGE('',*,*,#5697,.T.);
#6117 = FACE_BOUND('',#6118,.F.);
#6118 = EDGE_LOOP('',(#6119));
#6119 = ORIENTED_EDGE('',*,*,#6120,.F.);
#6120 = EDGE_CURVE('',#6121,#6121,#6123,.T.);
#6121 = VERTEX_POINT('',#6122);
#6122 = CARTESIAN_POINT('',(25.1,50.252516443549,25.858323730064));
#6123 = SURFACE_CURVE('',#6124,(#6129,#6136),.PCURVE_S1.);
#6124 = ELLIPSE('',#6125,1.610351572318,1.6);
#6125 = AXIS2_PLACEMENT_3D('',#6126,#6127,#6128);
#6126 = CARTESIAN_POINT('',(23.5,50.252516443549,25.858323730064));
#6127 = DIRECTION('',(0.,0.113203213768,-0.993571855677));
#6128 = DIRECTION('',(0.,-0.993571855677,-0.113203213768));
#6129 = PCURVE('',#5725,#6130);
#6130 = DEFINITIONAL_REPRESENTATION('',(#6131),#6135);
#6131 = ELLIPSE('',#6132,1.610351572318,1.6);
#6132 = AXIS2_PLACEMENT_2D('',#6133,#6134);
#6133 = CARTESIAN_POINT('',(62.146973269894,-23.5));
#6134 = DIRECTION('',(1.,0.));
#6135 = ( GEOMETRIC_REPRESENTATION_CONTEXT(2) 
PARAMETRIC_REPRESENTATION_CONTEXT() REPRESENTATION_CONTEXT('2D SPACE',''
  ) );
#6136 = PCURVE('',#6137,#6142);
#6137 = CYLINDRICAL_SURFACE('',#6138,1.6);
#6138 = AXIS2_PLACEMENT_3D('',#6139,#6140,#6141);
#6139 = CARTESIAN_POINT('',(23.5,50.252516443549,21.858323730064));
#6140 = DIRECTION('',(-0.,-0.,-1.));
#6141 = DIRECTION('',(1.,0.,0.));
#6142 = DEFINITIONAL_REPRESENTATION('',(#6143),#6160);
#6143 = B_SPLINE_CURVE_WITH_KNOTS('',8,(#6144,#6145,#6146,#6147,#6148,
    #6149,#6150,#6151,#6152,#6153,#6154,#6155,#6156,#6157,#6158,#6159),
  .UNSPECIFIED.,.F.,.F.,(9,7,9),(4.712388980385,7.853981633974,
    10.995574287564),.UNSPECIFIED.);
#6144 = CARTESIAN_POINT('',(-6.28318530718,-4.));
#6145 = CARTESIAN_POINT('',(-5.890486225481,-3.928412145995));
#6146 = CARTESIAN_POINT('',(-5.497787143783,-3.856823721182));
#6147 = CARTESIAN_POINT('',(-5.105088062086,-3.80206389209));
#6148 = CARTESIAN_POINT('',(-4.712388980389,-3.780915762483));
#6149 = CARTESIAN_POINT('',(-4.319689898688,-3.80206389209));
#6150 = CARTESIAN_POINT('',(-3.926990816987,-3.856823721183));
#6151 = CARTESIAN_POINT('',(-3.534291735289,-3.928412145995));
#6152 = CARTESIAN_POINT('',(-2.748893571891,-4.071587854005));
#6153 = CARTESIAN_POINT('',(-2.356194490194,-4.143176278815));
#6154 = CARTESIAN_POINT('',(-1.96349540849,-4.197936107914));
#6155 = CARTESIAN_POINT('',(-1.570796326817,-4.219084237484));
#6156 = CARTESIAN_POINT('',(-1.17809724509,-4.197936107916));
#6157 = CARTESIAN_POINT('',(-0.785398163398,-4.143176278812));
#6158 = CARTESIAN_POINT('',(-0.392699081699,-4.071587854005));
#6159 = CARTESIAN_POINT('',(-1.7763568394E-14,-4.));
#6160 = ( GEOMETRIC_REPRESENTATION_CONTEXT(2) 
PARAMETRIC_REPRESENTATION_CONTEXT() REPRESENTATION_CONTEXT('2D SPACE',''
  ) );
#6161 = ADVANCED_FACE('',(#6162,#6165),#5793,.F.);
#6162 = FACE_BOUND('',#6163,.F.);
#6163 = EDGE_LOOP('',(#6164));
#6164 = ORIENTED_EDGE('',*,*,#5765,.T.);
#6165 = FACE_BOUND('',#6166,.F.);
#6166 = EDGE_LOOP('',(#6167));
#6167 = ORIENTED_EDGE('',*,*,#6168,.F.);
#6168 = EDGE_CURVE('',#6169,#6169,#6171,.T.);
#6169 = VERTEX_POINT('',#6170);
#6170 = CARTESIAN_POINT('',(25.1,69.130381701404,28.009184791655));
#6171 = SURFACE_CURVE('',#6172,(#6177,#6184),.PCURVE_S1.);
#6172 = ELLIPSE('',#6173,1.610351572318,1.6);
#6173 = AXIS2_PLACEMENT_3D('',#6174,#6175,#6176);
#6174 = CARTESIAN_POINT('',(23.5,69.130381701404,28.009184791655));
#6175 = DIRECTION('',(0.,0.113203213768,-0.993571855677));
#6176 = DIRECTION('',(0.,-0.993571855677,-0.113203213768));
#6177 = PCURVE('',#5793,#6178);
#6178 = DEFINITIONAL_REPRESENTATION('',(#6179),#6183);
#6179 = ELLIPSE('',#6180,1.610351572318,1.6);
#6180 = AXIS2_PLACEMENT_2D('',#6181,#6182);
#6181 = CARTESIAN_POINT('',(43.146973269894,-23.5));
#6182 = DIRECTION('',(1.,0.));
#6183 = ( GEOMETRIC_REPRESENTATION_CONTEXT(2) 
PARAMETRIC_REPRESENTATION_CONTEXT() REPRESENTATION_CONTEXT('2D SPACE',''
  ) );
#6184 = PCURVE('',#6185,#6190);
#6185 = CYLINDRICAL_SURFACE('',#6186,1.6);
#6186 = AXIS2_PLACEMENT_3D('',#6187,#6188,#6189);
#6187 = CARTESIAN_POINT('',(23.5,69.130381701404,24.009184791655));
#6188 = DIRECTION('',(-0.,-0.,-1.));
#6189 = DIRECTION('',(1.,0.,0.));
#6190 = DEFINITIONAL_REPRESENTATION('',(#6191),#6208);
#6191 = B_SPLINE_CURVE_WITH_KNOTS('',8,(#6192,#6193,#6194,#6195,#6196,
    #6197,#6198,#6199,#6200,#6201,#6202,#6203,#6204,#6205,#6206,#6207),
  .UNSPECIFIED.,.F.,.F.,(9,7,9),(4.712388980385,7.853981633974,
    10.995574287564),.UNSPECIFIED.);
#6192 = CARTESIAN_POINT('',(-6.28318530718,-4.));
#6193 = CARTESIAN_POINT('',(-5.890486225481,-3.928412145995));
#6194 = CARTESIAN_POINT('',(-5.497787143782,-3.856823721193));
#6195 = CARTESIAN_POINT('',(-5.105088062085,-3.80206389205));
#6196 = CARTESIAN_POINT('',(-4.712388980385,-3.780915762556));
#6197 = CARTESIAN_POINT('',(-4.319689898687,-3.80206389205));
#6198 = CARTESIAN_POINT('',(-3.926990816988,-3.856823721193));
#6199 = CARTESIAN_POINT('',(-3.534291735289,-3.928412145995));
#6200 = CARTESIAN_POINT('',(-2.748893571891,-4.071587854005));
#6201 = CARTESIAN_POINT('',(-2.356194490196,-4.143176278812));
#6202 = CARTESIAN_POINT('',(-1.96349540851,-4.19793610791));
#6203 = CARTESIAN_POINT('',(-1.570796326792,-4.219084237473));
#6204 = CARTESIAN_POINT('',(-1.178097245119,-4.19793610791));
#6205 = CARTESIAN_POINT('',(-0.785398163398,-4.143176278811));
#6206 = CARTESIAN_POINT('',(-0.392699081699,-4.071587854005));
#6207 = CARTESIAN_POINT('',(-1.7763568394E-14,-4.));
#6208 = ( GEOMETRIC_REPRESENTATION_CONTEXT(2) 
PARAMETRIC_REPRESENTATION_CONTEXT() REPRESENTATION_CONTEXT('2D SPACE',''
  ) );
#6209 = ADVANCED_FACE('',(#6210,#6213),#5861,.F.);
#6210 = FACE_BOUND('',#6211,.F.);
#6211 = EDGE_LOOP('',(#6212));
#6212 = ORIENTED_EDGE('',*,*,#5833,.T.);
#6213 = FACE_BOUND('',#6214,.F.);
#6214 = EDGE_LOOP('',(#6215));
#6215 = ORIENTED_EDGE('',*,*,#6216,.F.);
#6216 = EDGE_CURVE('',#6217,#6217,#6219,.T.);
#6217 = VERTEX_POINT('',#6218);
#6218 = CARTESIAN_POINT('',(25.1,88.008246959259,30.160045853245));
#6219 = SURFACE_CURVE('',#6220,(#6225,#6232),.PCURVE_S1.);
#6220 = ELLIPSE('',#6221,1.610351572318,1.6);
#6221 = AXIS2_PLACEMENT_3D('',#6222,#6223,#6224);
#6222 = CARTESIAN_POINT('',(23.5,88.008246959259,30.160045853245));
#6223 = DIRECTION('',(0.,0.113203213768,-0.993571855677));
#6224 = DIRECTION('',(0.,-0.993571855677,-0.113203213768));
#6225 = PCURVE('',#5861,#6226);
#6226 = DEFINITIONAL_REPRESENTATION('',(#6227),#6231);
#6227 = ELLIPSE('',#6228,1.610351572318,1.6);
#6228 = AXIS2_PLACEMENT_2D('',#6229,#6230);
#6229 = CARTESIAN_POINT('',(24.146973269894,-23.5));
#6230 = DIRECTION('',(1.,0.));
#6231 = ( GEOMETRIC_REPRESENTATION_CONTEXT(2) 
PARAMETRIC_REPRESENTATION_CONTEXT() REPRESENTATION_CONTEXT('2D SPACE',''
  ) );
#6232 = PCURVE('',#6233,#6238);
#6233 = CYLINDRICAL_SURFACE('',#6234,1.6);
#6234 = AXIS2_PLACEMENT_3D('',#6235,#6236,#6237);
#6235 = CARTESIAN_POINT('',(23.5,88.008246959259,26.160045853245));
#6236 = DIRECTION('',(-0.,-0.,-1.));
#6237 = DIRECTION('',(1.,0.,0.));
#6238 = DEFINITIONAL_REPRESENTATION('',(#6239),#6256);
#6239 = B_SPLINE_CURVE_WITH_KNOTS('',8,(#6240,#6241,#6242,#6243,#6244,
    #6245,#6246,#6247,#6248,#6249,#6250,#6251,#6252,#6253,#6254,#6255),
  .UNSPECIFIED.,.F.,.F.,(9,7,9),(4.712388980385,7.853981633974,
    10.995574287564),.UNSPECIFIED.);
#6240 = CARTESIAN_POINT('',(-6.28318530718,-4.));
#6241 = CARTESIAN_POINT('',(-5.890486225481,-3.928412145995));
#6242 = CARTESIAN_POINT('',(-5.497787143782,-3.856823721182));
#6243 = CARTESIAN_POINT('',(-5.105088062085,-3.80206389209));
#6244 = CARTESIAN_POINT('',(-4.712388980385,-3.780915762483));
#6245 = CARTESIAN_POINT('',(-4.319689898687,-3.80206389209));
#6246 = CARTESIAN_POINT('',(-3.926990816988,-3.856823721183));
#6247 = CARTESIAN_POINT('',(-3.534291735289,-3.928412145995));
#6248 = CARTESIAN_POINT('',(-2.748893571891,-4.071587854005));
#6249 = CARTESIAN_POINT('',(-2.356194490196,-4.143176278815));
#6250 = CARTESIAN_POINT('',(-1.96349540851,-4.197936107914));
#6251 = CARTESIAN_POINT('',(-1.570796326792,-4.219084237484));
#6252 = CARTESIAN_POINT('',(-1.178097245119,-4.197936107916));
#6253 = CARTESIAN_POINT('',(-0.785398163398,-4.143176278812));
#6254 = CARTESIAN_POINT('',(-0.392699081699,-4.071587854005));
#6255 = CARTESIAN_POINT('',(-1.7763568394E-14,-4.));
#6256 = ( GEOMETRIC_REPRESENTATION_CONTEXT(2) 
PARAMETRIC_REPRESENTATION_CONTEXT() REPRESENTATION_CONTEXT('2D SPACE',''
  ) );
#6257 = ADVANCED_FACE('',(#6258),#5897,.F.);
#6258 = FACE_BOUND('',#6259,.T.);
#6259 = EDGE_LOOP('',(#6260,#6289,#6310,#6311));
#6260 = ORIENTED_EDGE('',*,*,#6261,.F.);
#6261 = EDGE_CURVE('',#6262,#6262,#6264,.T.);
#6262 = VERTEX_POINT('',#6263);
#6263 = CARTESIAN_POINT('',(44.1,88.008246959259,26.160045853245));
#6264 = SURFACE_CURVE('',#6265,(#6270,#6277),.PCURVE_S1.);
#6265 = CIRCLE('',#6266,1.6);
#6266 = AXIS2_PLACEMENT_3D('',#6267,#6268,#6269);
#6267 = CARTESIAN_POINT('',(42.5,88.008246959259,26.160045853245));
#6268 = DIRECTION('',(0.,0.,1.));
#6269 = DIRECTION('',(1.,0.,0.));
#6270 = PCURVE('',#5897,#6271);
#6271 = DEFINITIONAL_REPRESENTATION('',(#6272),#6276);
#6272 = LINE('',#6273,#6274);
#6273 = CARTESIAN_POINT('',(-0.,0.));
#6274 = VECTOR('',#6275,1.);
#6275 = DIRECTION('',(-1.,0.));
#6276 = ( GEOMETRIC_REPRESENTATION_CONTEXT(2) 
PARAMETRIC_REPRESENTATION_CONTEXT() REPRESENTATION_CONTEXT('2D SPACE',''
  ) );
#6277 = PCURVE('',#6278,#6283);
#6278 = PLANE('',#6279);
#6279 = AXIS2_PLACEMENT_3D('',#6280,#6281,#6282);
#6280 = CARTESIAN_POINT('',(42.5,88.008246959259,26.160045853245));
#6281 = DIRECTION('',(0.,0.,1.));
#6282 = DIRECTION('',(1.,0.,-0.));
#6283 = DEFINITIONAL_REPRESENTATION('',(#6284),#6288);
#6284 = CIRCLE('',#6285,1.6);
#6285 = AXIS2_PLACEMENT_2D('',#6286,#6287);
#6286 = CARTESIAN_POINT('',(0.,-1.42108547152E-14));
#6287 = DIRECTION('',(1.,0.));
#6288 = ( GEOMETRIC_REPRESENTATION_CONTEXT(2) 
PARAMETRIC_REPRESENTATION_CONTEXT() REPRESENTATION_CONTEXT('2D SPACE',''
  ) );
#6289 = ORIENTED_EDGE('',*,*,#6290,.T.);
#6290 = EDGE_CURVE('',#6262,#5881,#6291,.T.);
#6291 = SEAM_CURVE('',#6292,(#6296,#6303),.PCURVE_S1.);
#6292 = LINE('',#6293,#6294);
#6293 = CARTESIAN_POINT('',(44.1,88.008246959259,26.160045853245));
#6294 = VECTOR('',#6295,1.);
#6295 = DIRECTION('',(0.,0.,1.));
#6296 = PCURVE('',#5897,#6297);
#6297 = DEFINITIONAL_REPRESENTATION('',(#6298),#6302);
#6298 = LINE('',#6299,#6300);
#6299 = CARTESIAN_POINT('',(-6.28318530718,0.));
#6300 = VECTOR('',#6301,1.);
#6301 = DIRECTION('',(-0.,-1.));
#6302 = ( GEOMETRIC_REPRESENTATION_CONTEXT(2) 
PARAMETRIC_REPRESENTATION_CONTEXT() REPRESENTATION_CONTEXT('2D SPACE',''
  ) );
#6303 = PCURVE('',#5897,#6304);
#6304 = DEFINITIONAL_REPRESENTATION('',(#6305),#6309);
#6305 = LINE('',#6306,#6307);
#6306 = CARTESIAN_POINT('',(-0.,0.));
#6307 = VECTOR('',#6308,1.);
#6308 = DIRECTION('',(-0.,-1.));
#6309 = ( GEOMETRIC_REPRESENTATION_CONTEXT(2) 
PARAMETRIC_REPRESENTATION_CONTEXT() REPRESENTATION_CONTEXT('2D SPACE',''
  ) );
#6310 = ORIENTED_EDGE('',*,*,#5880,.F.);
#6311 = ORIENTED_EDGE('',*,*,#6290,.F.);
#6312 = ADVANCED_FACE('',(#6313),#5945,.F.);
#6313 = FACE_BOUND('',#6314,.T.);
#6314 = EDGE_LOOP('',(#6315,#6344,#6365,#6366));
#6315 = ORIENTED_EDGE('',*,*,#6316,.F.);
#6316 = EDGE_CURVE('',#6317,#6317,#6319,.T.);
#6317 = VERTEX_POINT('',#6318);
#6318 = CARTESIAN_POINT('',(44.1,69.130381701404,24.009184791655));
#6319 = SURFACE_CURVE('',#6320,(#6325,#6332),.PCURVE_S1.);
#6320 = CIRCLE('',#6321,1.6);
#6321 = AXIS2_PLACEMENT_3D('',#6322,#6323,#6324);
#6322 = CARTESIAN_POINT('',(42.5,69.130381701404,24.009184791655));
#6323 = DIRECTION('',(0.,0.,1.));
#6324 = DIRECTION('',(1.,0.,0.));
#6325 = PCURVE('',#5945,#6326);
#6326 = DEFINITIONAL_REPRESENTATION('',(#6327),#6331);
#6327 = LINE('',#6328,#6329);
#6328 = CARTESIAN_POINT('',(-0.,0.));
#6329 = VECTOR('',#6330,1.);
#6330 = DIRECTION('',(-1.,0.));
#6331 = ( GEOMETRIC_REPRESENTATION_CONTEXT(2) 
PARAMETRIC_REPRESENTATION_CONTEXT() REPRESENTATION_CONTEXT('2D SPACE',''
  ) );
#6332 = PCURVE('',#6333,#6338);
#6333 = PLANE('',#6334);
#6334 = AXIS2_PLACEMENT_3D('',#6335,#6336,#6337);
#6335 = CARTESIAN_POINT('',(42.5,69.130381701404,24.009184791655));
#6336 = DIRECTION('',(0.,0.,1.));
#6337 = DIRECTION('',(1.,0.,-0.));
#6338 = DEFINITIONAL_REPRESENTATION('',(#6339),#6343);
#6339 = CIRCLE('',#6340,1.6);
#6340 = AXIS2_PLACEMENT_2D('',#6341,#6342);
#6341 = CARTESIAN_POINT('',(7.105427357601E-15,1.42108547152E-14));
#6342 = DIRECTION('',(1.,0.));
#6343 = ( GEOMETRIC_REPRESENTATION_CONTEXT(2) 
PARAMETRIC_REPRESENTATION_CONTEXT() REPRESENTATION_CONTEXT('2D SPACE',''
  ) );
#6344 = ORIENTED_EDGE('',*,*,#6345,.T.);
#6345 = EDGE_CURVE('',#6317,#5929,#6346,.T.);
#6346 = SEAM_CURVE('',#6347,(#6351,#6358),.PCURVE_S1.);
#6347 = LINE('',#6348,#6349);
#6348 = CARTESIAN_POINT('',(44.1,69.130381701404,24.009184791655));
#6349 = VECTOR('',#6350,1.);
#6350 = DIRECTION('',(0.,0.,1.));
#6351 = PCURVE('',#5945,#6352);
#6352 = DEFINITIONAL_REPRESENTATION('',(#6353),#6357);
#6353 = LINE('',#6354,#6355);
#6354 = CARTESIAN_POINT('',(-6.28318530718,0.));
#6355 = VECTOR('',#6356,1.);
#6356 = DIRECTION('',(-0.,-1.));
#6357 = ( GEOMETRIC_REPRESENTATION_CONTEXT(2) 
PARAMETRIC_REPRESENTATION_CONTEXT() REPRESENTATION_CONTEXT('2D SPACE',''
  ) );
#6358 = PCURVE('',#5945,#6359);
#6359 = DEFINITIONAL_REPRESENTATION('',(#6360),#6364);
#6360 = LINE('',#6361,#6362);
#6361 = CARTESIAN_POINT('',(-0.,0.));
#6362 = VECTOR('',#6363,1.);
#6363 = DIRECTION('',(-0.,-1.));
#6364 = ( GEOMETRIC_REPRESENTATION_CONTEXT(2) 
PARAMETRIC_REPRESENTATION_CONTEXT() REPRESENTATION_CONTEXT('2D SPACE',''
  ) );
#6365 = ORIENTED_EDGE('',*,*,#5928,.F.);
#6366 = ORIENTED_EDGE('',*,*,#6345,.F.);
#6367 = ADVANCED_FACE('',(#6368),#5993,.F.);
#6368 = FACE_BOUND('',#6369,.T.);
#6369 = EDGE_LOOP('',(#6370,#6399,#6420,#6421));
#6370 = ORIENTED_EDGE('',*,*,#6371,.F.);
#6371 = EDGE_CURVE('',#6372,#6372,#6374,.T.);
#6372 = VERTEX_POINT('',#6373);
#6373 = CARTESIAN_POINT('',(44.1,50.252516443549,21.858323730064));
#6374 = SURFACE_CURVE('',#6375,(#6380,#6387),.PCURVE_S1.);
#6375 = CIRCLE('',#6376,1.6);
#6376 = AXIS2_PLACEMENT_3D('',#6377,#6378,#6379);
#6377 = CARTESIAN_POINT('',(42.5,50.252516443549,21.858323730064));
#6378 = DIRECTION('',(0.,0.,1.));
#6379 = DIRECTION('',(1.,0.,0.));
#6380 = PCURVE('',#5993,#6381);
#6381 = DEFINITIONAL_REPRESENTATION('',(#6382),#6386);
#6382 = LINE('',#6383,#6384);
#6383 = CARTESIAN_POINT('',(-0.,0.));
#6384 = VECTOR('',#6385,1.);
#6385 = DIRECTION('',(-1.,0.));
#6386 = ( GEOMETRIC_REPRESENTATION_CONTEXT(2) 
PARAMETRIC_REPRESENTATION_CONTEXT() REPRESENTATION_CONTEXT('2D SPACE',''
  ) );
#6387 = PCURVE('',#6388,#6393);
#6388 = PLANE('',#6389);
#6389 = AXIS2_PLACEMENT_3D('',#6390,#6391,#6392);
#6390 = CARTESIAN_POINT('',(42.5,50.252516443549,21.858323730064));
#6391 = DIRECTION('',(0.,0.,1.));
#6392 = DIRECTION('',(1.,0.,-0.));
#6393 = DEFINITIONAL_REPRESENTATION('',(#6394),#6398);
#6394 = CIRCLE('',#6395,1.6);
#6395 = AXIS2_PLACEMENT_2D('',#6396,#6397);
#6396 = CARTESIAN_POINT('',(0.,7.105427357601E-15));
#6397 = DIRECTION('',(1.,0.));
#6398 = ( GEOMETRIC_REPRESENTATION_CONTEXT(2) 
PARAMETRIC_REPRESENTATION_CONTEXT() REPRESENTATION_CONTEXT('2D SPACE',''
  ) );
#6399 = ORIENTED_EDGE('',*,*,#6400,.T.);
#6400 = EDGE_CURVE('',#6372,#5977,#6401,.T.);
#6401 = SEAM_CURVE('',#6402,(#6406,#6413),.PCURVE_S1.);
#6402 = LINE('',#6403,#6404);
#6403 = CARTESIAN_POINT('',(44.1,50.252516443549,21.858323730064));
#6404 = VECTOR('',#6405,1.);
#6405 = DIRECTION('',(0.,0.,1.));
#6406 = PCURVE('',#5993,#6407);
#6407 = DEFINITIONAL_REPRESENTATION('',(#6408),#6412);
#6408 = LINE('',#6409,#6410);
#6409 = CARTESIAN_POINT('',(-6.28318530718,0.));
#6410 = VECTOR('',#6411,1.);
#6411 = DIRECTION('',(-0.,-1.));
#6412 = ( GEOMETRIC_REPRESENTATION_CONTEXT(2) 
PARAMETRIC_REPRESENTATION_CONTEXT() REPRESENTATION_CONTEXT('2D SPACE',''
  ) );
#6413 = PCURVE('',#5993,#6414);
#6414 = DEFINITIONAL_REPRESENTATION('',(#6415),#6419);
#6415 = LINE('',#6416,#6417);
#6416 = CARTESIAN_POINT('',(-0.,0.));
#6417 = VECTOR('',#6418,1.);
#6418 = DIRECTION('',(-0.,-1.));
#6419 = ( GEOMETRIC_REPRESENTATION_CONTEXT(2) 
PARAMETRIC_REPRESENTATION_CONTEXT() REPRESENTATION_CONTEXT('2D SPACE',''
  ) );
#6420 = ORIENTED_EDGE('',*,*,#5976,.F.);
#6421 = ORIENTED_EDGE('',*,*,#6400,.F.);
#6422 = ADVANCED_FACE('',(#6423),#6041,.F.);
#6423 = FACE_BOUND('',#6424,.T.);
#6424 = EDGE_LOOP('',(#6425,#6454,#6475,#6476));
#6425 = ORIENTED_EDGE('',*,*,#6426,.F.);
#6426 = EDGE_CURVE('',#6427,#6427,#6429,.T.);
#6427 = VERTEX_POINT('',#6428);
#6428 = CARTESIAN_POINT('',(44.1,31.374651185693,19.707462668474));
#6429 = SURFACE_CURVE('',#6430,(#6435,#6442),.PCURVE_S1.);
#6430 = CIRCLE('',#6431,1.6);
#6431 = AXIS2_PLACEMENT_3D('',#6432,#6433,#6434);
#6432 = CARTESIAN_POINT('',(42.5,31.374651185693,19.707462668474));
#6433 = DIRECTION('',(0.,0.,1.));
#6434 = DIRECTION('',(1.,0.,0.));
#6435 = PCURVE('',#6041,#6436);
#6436 = DEFINITIONAL_REPRESENTATION('',(#6437),#6441);
#6437 = LINE('',#6438,#6439);
#6438 = CARTESIAN_POINT('',(-0.,0.));
#6439 = VECTOR('',#6440,1.);
#6440 = DIRECTION('',(-1.,0.));
#6441 = ( GEOMETRIC_REPRESENTATION_CONTEXT(2) 
PARAMETRIC_REPRESENTATION_CONTEXT() REPRESENTATION_CONTEXT('2D SPACE',''
  ) );
#6442 = PCURVE('',#6443,#6448);
#6443 = PLANE('',#6444);
#6444 = AXIS2_PLACEMENT_3D('',#6445,#6446,#6447);
#6445 = CARTESIAN_POINT('',(42.5,31.374651185693,19.707462668474));
#6446 = DIRECTION('',(0.,0.,1.));
#6447 = DIRECTION('',(1.,0.,-0.));
#6448 = DEFINITIONAL_REPRESENTATION('',(#6449),#6453);
#6449 = CIRCLE('',#6450,1.6);
#6450 = AXIS2_PLACEMENT_2D('',#6451,#6452);
#6451 = CARTESIAN_POINT('',(0.,3.552713678801E-15));
#6452 = DIRECTION('',(1.,0.));
#6453 = ( GEOMETRIC_REPRESENTATION_CONTEXT(2) 
PARAMETRIC_REPRESENTATION_CONTEXT() REPRESENTATION_CONTEXT('2D SPACE',''
  ) );
#6454 = ORIENTED_EDGE('',*,*,#6455,.T.);
#6455 = EDGE_CURVE('',#6427,#6025,#6456,.T.);
#6456 = SEAM_CURVE('',#6457,(#6461,#6468),.PCURVE_S1.);
#6457 = LINE('',#6458,#6459);
#6458 = CARTESIAN_POINT('',(44.1,31.374651185693,19.707462668474));
#6459 = VECTOR('',#6460,1.);
#6460 = DIRECTION('',(0.,0.,1.));
#6461 = PCURVE('',#6041,#6462);
#6462 = DEFINITIONAL_REPRESENTATION('',(#6463),#6467);
#6463 = LINE('',#6464,#6465);
#6464 = CARTESIAN_POINT('',(-6.28318530718,0.));
#6465 = VECTOR('',#6466,1.);
#6466 = DIRECTION('',(-0.,-1.));
#6467 = ( GEOMETRIC_REPRESENTATION_CONTEXT(2) 
PARAMETRIC_REPRESENTATION_CONTEXT() REPRESENTATION_CONTEXT('2D SPACE',''
  ) );
#6468 = PCURVE('',#6041,#6469);
#6469 = DEFINITIONAL_REPRESENTATION('',(#6470),#6474);
#6470 = LINE('',#6471,#6472);
#6471 = CARTESIAN_POINT('',(-0.,0.));
#6472 = VECTOR('',#6473,1.);
#6473 = DIRECTION('',(-0.,-1.));
#6474 = ( GEOMETRIC_REPRESENTATION_CONTEXT(2) 
PARAMETRIC_REPRESENTATION_CONTEXT() REPRESENTATION_CONTEXT('2D SPACE',''
  ) );
#6475 = ORIENTED_EDGE('',*,*,#6024,.F.);
#6476 = ORIENTED_EDGE('',*,*,#6455,.F.);
#6477 = ADVANCED_FACE('',(#6478),#6089,.F.);
#6478 = FACE_BOUND('',#6479,.T.);
#6479 = EDGE_LOOP('',(#6480,#6509,#6530,#6531));
#6480 = ORIENTED_EDGE('',*,*,#6481,.F.);
#6481 = EDGE_CURVE('',#6482,#6482,#6484,.T.);
#6482 = VERTEX_POINT('',#6483);
#6483 = CARTESIAN_POINT('',(25.1,31.374651185693,19.707462668474));
#6484 = SURFACE_CURVE('',#6485,(#6490,#6497),.PCURVE_S1.);
#6485 = CIRCLE('',#6486,1.6);
#6486 = AXIS2_PLACEMENT_3D('',#6487,#6488,#6489);
#6487 = CARTESIAN_POINT('',(23.5,31.374651185693,19.707462668474));
#6488 = DIRECTION('',(0.,0.,1.));
#6489 = DIRECTION('',(1.,0.,0.));
#6490 = PCURVE('',#6089,#6491);
#6491 = DEFINITIONAL_REPRESENTATION('',(#6492),#6496);
#6492 = LINE('',#6493,#6494);
#6493 = CARTESIAN_POINT('',(-0.,0.));
#6494 = VECTOR('',#6495,1.);
#6495 = DIRECTION('',(-1.,0.));
#6496 = ( GEOMETRIC_REPRESENTATION_CONTEXT(2) 
PARAMETRIC_REPRESENTATION_CONTEXT() REPRESENTATION_CONTEXT('2D SPACE',''
  ) );
#6497 = PCURVE('',#6498,#6503);
#6498 = PLANE('',#6499);
#6499 = AXIS2_PLACEMENT_3D('',#6500,#6501,#6502);
#6500 = CARTESIAN_POINT('',(23.5,31.374651185693,19.707462668474));
#6501 = DIRECTION('',(0.,0.,1.));
#6502 = DIRECTION('',(1.,0.,-0.));
#6503 = DEFINITIONAL_REPRESENTATION('',(#6504),#6508);
#6504 = CIRCLE('',#6505,1.6);
#6505 = AXIS2_PLACEMENT_2D('',#6506,#6507);
#6506 = CARTESIAN_POINT('',(-3.552713678801E-15,-3.552713678801E-15));
#6507 = DIRECTION('',(1.,0.));
#6508 = ( GEOMETRIC_REPRESENTATION_CONTEXT(2) 
PARAMETRIC_REPRESENTATION_CONTEXT() REPRESENTATION_CONTEXT('2D SPACE',''
  ) );
#6509 = ORIENTED_EDGE('',*,*,#6510,.T.);
#6510 = EDGE_CURVE('',#6482,#6073,#6511,.T.);
#6511 = SEAM_CURVE('',#6512,(#6516,#6523),.PCURVE_S1.);
#6512 = LINE('',#6513,#6514);
#6513 = CARTESIAN_POINT('',(25.1,31.374651185693,19.707462668474));
#6514 = VECTOR('',#6515,1.);
#6515 = DIRECTION('',(0.,0.,1.));
#6516 = PCURVE('',#6089,#6517);
#6517 = DEFINITIONAL_REPRESENTATION('',(#6518),#6522);
#6518 = LINE('',#6519,#6520);
#6519 = CARTESIAN_POINT('',(-6.28318530718,0.));
#6520 = VECTOR('',#6521,1.);
#6521 = DIRECTION('',(-0.,-1.));
#6522 = ( GEOMETRIC_REPRESENTATION_CONTEXT(2) 
PARAMETRIC_REPRESENTATION_CONTEXT() REPRESENTATION_CONTEXT('2D SPACE',''
  ) );
#6523 = PCURVE('',#6089,#6524);
#6524 = DEFINITIONAL_REPRESENTATION('',(#6525),#6529);
#6525 = LINE('',#6526,#6527);
#6526 = CARTESIAN_POINT('',(-0.,0.));
#6527 = VECTOR('',#6528,1.);
#6528 = DIRECTION('',(-0.,-1.));
#6529 = ( GEOMETRIC_REPRESENTATION_CONTEXT(2) 
PARAMETRIC_REPRESENTATION_CONTEXT() REPRESENTATION_CONTEXT('2D SPACE',''
  ) );
#6530 = ORIENTED_EDGE('',*,*,#6072,.F.);
#6531 = ORIENTED_EDGE('',*,*,#6510,.F.);
#6532 = ADVANCED_FACE('',(#6533),#6137,.F.);
#6533 = FACE_BOUND('',#6534,.T.);
#6534 = EDGE_LOOP('',(#6535,#6564,#6585,#6586));
#6535 = ORIENTED_EDGE('',*,*,#6536,.F.);
#6536 = EDGE_CURVE('',#6537,#6537,#6539,.T.);
#6537 = VERTEX_POINT('',#6538);
#6538 = CARTESIAN_POINT('',(25.1,50.252516443549,21.858323730064));
#6539 = SURFACE_CURVE('',#6540,(#6545,#6552),.PCURVE_S1.);
#6540 = CIRCLE('',#6541,1.6);
#6541 = AXIS2_PLACEMENT_3D('',#6542,#6543,#6544);
#6542 = CARTESIAN_POINT('',(23.5,50.252516443549,21.858323730064));
#6543 = DIRECTION('',(0.,0.,1.));
#6544 = DIRECTION('',(1.,0.,0.));
#6545 = PCURVE('',#6137,#6546);
#6546 = DEFINITIONAL_REPRESENTATION('',(#6547),#6551);
#6547 = LINE('',#6548,#6549);
#6548 = CARTESIAN_POINT('',(-0.,0.));
#6549 = VECTOR('',#6550,1.);
#6550 = DIRECTION('',(-1.,0.));
#6551 = ( GEOMETRIC_REPRESENTATION_CONTEXT(2) 
PARAMETRIC_REPRESENTATION_CONTEXT() REPRESENTATION_CONTEXT('2D SPACE',''
  ) );
#6552 = PCURVE('',#6553,#6558);
#6553 = PLANE('',#6554);
#6554 = AXIS2_PLACEMENT_3D('',#6555,#6556,#6557);
#6555 = CARTESIAN_POINT('',(23.5,50.252516443549,21.858323730064));
#6556 = DIRECTION('',(0.,0.,1.));
#6557 = DIRECTION('',(1.,0.,-0.));
#6558 = DEFINITIONAL_REPRESENTATION('',(#6559),#6563);
#6559 = CIRCLE('',#6560,1.6);
#6560 = AXIS2_PLACEMENT_2D('',#6561,#6562);
#6561 = CARTESIAN_POINT('',(0.,7.105427357601E-15));
#6562 = DIRECTION('',(1.,0.));
#6563 = ( GEOMETRIC_REPRESENTATION_CONTEXT(2) 
PARAMETRIC_REPRESENTATION_CONTEXT() REPRESENTATION_CONTEXT('2D SPACE',''
  ) );
#6564 = ORIENTED_EDGE('',*,*,#6565,.T.);
#6565 = EDGE_CURVE('',#6537,#6121,#6566,.T.);
#6566 = SEAM_CURVE('',#6567,(#6571,#6578),.PCURVE_S1.);
#6567 = LINE('',#6568,#6569);
#6568 = CARTESIAN_POINT('',(25.1,50.252516443549,21.858323730064));
#6569 = VECTOR('',#6570,1.);
#6570 = DIRECTION('',(0.,0.,1.));
#6571 = PCURVE('',#6137,#6572);
#6572 = DEFINITIONAL_REPRESENTATION('',(#6573),#6577);
#6573 = LINE('',#6574,#6575);
#6574 = CARTESIAN_POINT('',(-6.28318530718,0.));
#6575 = VECTOR('',#6576,1.);
#6576 = DIRECTION('',(-0.,-1.));
#6577 = ( GEOMETRIC_REPRESENTATION_CONTEXT(2) 
PARAMETRIC_REPRESENTATION_CONTEXT() REPRESENTATION_CONTEXT('2D SPACE',''
  ) );
#6578 = PCURVE('',#6137,#6579);
#6579 = DEFINITIONAL_REPRESENTATION('',(#6580),#6584);
#6580 = LINE('',#6581,#6582);
#6581 = CARTESIAN_POINT('',(-0.,0.));
#6582 = VECTOR('',#6583,1.);
#6583 = DIRECTION('',(-0.,-1.));
#6584 = ( GEOMETRIC_REPRESENTATION_CONTEXT(2) 
PARAMETRIC_REPRESENTATION_CONTEXT() REPRESENTATION_CONTEXT('2D SPACE',''
  ) );
#6585 = ORIENTED_EDGE('',*,*,#6120,.F.);
#6586 = ORIENTED_EDGE('',*,*,#6565,.F.);
#6587 = ADVANCED_FACE('',(#6588),#6185,.F.);
#6588 = FACE_BOUND('',#6589,.T.);
#6589 = EDGE_LOOP('',(#6590,#6619,#6640,#6641));
#6590 = ORIENTED_EDGE('',*,*,#6591,.F.);
#6591 = EDGE_CURVE('',#6592,#6592,#6594,.T.);
#6592 = VERTEX_POINT('',#6593);
#6593 = CARTESIAN_POINT('',(25.1,69.130381701404,24.009184791655));
#6594 = SURFACE_CURVE('',#6595,(#6600,#6607),.PCURVE_S1.);
#6595 = CIRCLE('',#6596,1.6);
#6596 = AXIS2_PLACEMENT_3D('',#6597,#6598,#6599);
#6597 = CARTESIAN_POINT('',(23.5,69.130381701404,24.009184791655));
#6598 = DIRECTION('',(0.,0.,1.));
#6599 = DIRECTION('',(1.,0.,0.));
#6600 = PCURVE('',#6185,#6601);
#6601 = DEFINITIONAL_REPRESENTATION('',(#6602),#6606);
#6602 = LINE('',#6603,#6604);
#6603 = CARTESIAN_POINT('',(-0.,0.));
#6604 = VECTOR('',#6605,1.);
#6605 = DIRECTION('',(-1.,0.));
#6606 = ( GEOMETRIC_REPRESENTATION_CONTEXT(2) 
PARAMETRIC_REPRESENTATION_CONTEXT() REPRESENTATION_CONTEXT('2D SPACE',''
  ) );
#6607 = PCURVE('',#6608,#6613);
#6608 = PLANE('',#6609);
#6609 = AXIS2_PLACEMENT_3D('',#6610,#6611,#6612);
#6610 = CARTESIAN_POINT('',(23.5,69.130381701404,24.009184791655));
#6611 = DIRECTION('',(0.,0.,1.));
#6612 = DIRECTION('',(1.,0.,-0.));
#6613 = DEFINITIONAL_REPRESENTATION('',(#6614),#6618);
#6614 = CIRCLE('',#6615,1.6);
#6615 = AXIS2_PLACEMENT_2D('',#6616,#6617);
#6616 = CARTESIAN_POINT('',(0.,0.));
#6617 = DIRECTION('',(1.,0.));
#6618 = ( GEOMETRIC_REPRESENTATION_CONTEXT(2) 
PARAMETRIC_REPRESENTATION_CONTEXT() REPRESENTATION_CONTEXT('2D SPACE',''
  ) );
#6619 = ORIENTED_EDGE('',*,*,#6620,.T.);
#6620 = EDGE_CURVE('',#6592,#6169,#6621,.T.);
#6621 = SEAM_CURVE('',#6622,(#6626,#6633),.PCURVE_S1.);
#6622 = LINE('',#6623,#6624);
#6623 = CARTESIAN_POINT('',(25.1,69.130381701404,24.009184791655));
#6624 = VECTOR('',#6625,1.);
#6625 = DIRECTION('',(0.,0.,1.));
#6626 = PCURVE('',#6185,#6627);
#6627 = DEFINITIONAL_REPRESENTATION('',(#6628),#6632);
#6628 = LINE('',#6629,#6630);
#6629 = CARTESIAN_POINT('',(-6.28318530718,0.));
#6630 = VECTOR('',#6631,1.);
#6631 = DIRECTION('',(-0.,-1.));
#6632 = ( GEOMETRIC_REPRESENTATION_CONTEXT(2) 
PARAMETRIC_REPRESENTATION_CONTEXT() REPRESENTATION_CONTEXT('2D SPACE',''
  ) );
#6633 = PCURVE('',#6185,#6634);
#6634 = DEFINITIONAL_REPRESENTATION('',(#6635),#6639);
#6635 = LINE('',#6636,#6637);
#6636 = CARTESIAN_POINT('',(-0.,0.));
#6637 = VECTOR('',#6638,1.);
#6638 = DIRECTION('',(-0.,-1.));
#6639 = ( GEOMETRIC_REPRESENTATION_CONTEXT(2) 
PARAMETRIC_REPRESENTATION_CONTEXT() REPRESENTATION_CONTEXT('2D SPACE',''
  ) );
#6640 = ORIENTED_EDGE('',*,*,#6168,.F.);
#6641 = ORIENTED_EDGE('',*,*,#6620,.F.);
#6642 = ADVANCED_FACE('',(#6643),#6233,.F.);
#6643 = FACE_BOUND('',#6644,.T.);
#6644 = EDGE_LOOP('',(#6645,#6674,#6695,#6696));
#6645 = ORIENTED_EDGE('',*,*,#6646,.F.);
#6646 = EDGE_CURVE('',#6647,#6647,#6649,.T.);
#6647 = VERTEX_POINT('',#6648);
#6648 = CARTESIAN_POINT('',(25.1,88.008246959259,26.160045853245));
#6649 = SURFACE_CURVE('',#6650,(#6655,#6662),.PCURVE_S1.);
#6650 = CIRCLE('',#6651,1.6);
#6651 = AXIS2_PLACEMENT_3D('',#6652,#6653,#6654);
#6652 = CARTESIAN_POINT('',(23.5,88.008246959259,26.160045853245));
#6653 = DIRECTION('',(0.,0.,1.));
#6654 = DIRECTION('',(1.,0.,0.));
#6655 = PCURVE('',#6233,#6656);
#6656 = DEFINITIONAL_REPRESENTATION('',(#6657),#6661);
#6657 = LINE('',#6658,#6659);
#6658 = CARTESIAN_POINT('',(-0.,0.));
#6659 = VECTOR('',#6660,1.);
#6660 = DIRECTION('',(-1.,0.));
#6661 = ( GEOMETRIC_REPRESENTATION_CONTEXT(2) 
PARAMETRIC_REPRESENTATION_CONTEXT() REPRESENTATION_CONTEXT('2D SPACE',''
  ) );
#6662 = PCURVE('',#6663,#6668);
#6663 = PLANE('',#6664);
#6664 = AXIS2_PLACEMENT_3D('',#6665,#6666,#6667);
#6665 = CARTESIAN_POINT('',(23.5,88.008246959259,26.160045853245));
#6666 = DIRECTION('',(0.,0.,1.));
#6667 = DIRECTION('',(1.,0.,-0.));
#6668 = DEFINITIONAL_REPRESENTATION('',(#6669),#6673);
#6669 = CIRCLE('',#6670,1.6);
#6670 = AXIS2_PLACEMENT_2D('',#6671,#6672);
#6671 = CARTESIAN_POINT('',(0.,-1.42108547152E-14));
#6672 = DIRECTION('',(1.,0.));
#6673 = ( GEOMETRIC_REPRESENTATION_CONTEXT(2) 
PARAMETRIC_REPRESENTATION_CONTEXT() REPRESENTATION_CONTEXT('2D SPACE',''
  ) );
#6674 = ORIENTED_EDGE('',*,*,#6675,.T.);
#6675 = EDGE_CURVE('',#6647,#6217,#6676,.T.);
#6676 = SEAM_CURVE('',#6677,(#6681,#6688),.PCURVE_S1.);
#6677 = LINE('',#6678,#6679);
#6678 = CARTESIAN_POINT('',(25.1,88.008246959259,26.160045853245));
#6679 = VECTOR('',#6680,1.);
#6680 = DIRECTION('',(0.,0.,1.));
#6681 = PCURVE('',#6233,#6682);
#6682 = DEFINITIONAL_REPRESENTATION('',(#6683),#6687);
#6683 = LINE('',#6684,#6685);
#6684 = CARTESIAN_POINT('',(-6.28318530718,0.));
#6685 = VECTOR('',#6686,1.);
#6686 = DIRECTION('',(-0.,-1.));
#6687 = ( GEOMETRIC_REPRESENTATION_CONTEXT(2) 
PARAMETRIC_REPRESENTATION_CONTEXT() REPRESENTATION_CONTEXT('2D SPACE',''
  ) );
#6688 = PCURVE('',#6233,#6689);
#6689 = DEFINITIONAL_REPRESENTATION('',(#6690),#6694);
#6690 = LINE('',#6691,#6692);
#6691 = CARTESIAN_POINT('',(-0.,0.));
#6692 = VECTOR('',#6693,1.);
#6693 = DIRECTION('',(-0.,-1.));
#6694 = ( GEOMETRIC_REPRESENTATION_CONTEXT(2) 
PARAMETRIC_REPRESENTATION_CONTEXT() REPRESENTATION_CONTEXT('2D SPACE',''
  ) );
#6695 = ORIENTED_EDGE('',*,*,#6216,.F.);
#6696 = ORIENTED_EDGE('',*,*,#6675,.F.);
#6697 = ADVANCED_FACE('',(#6698),#6278,.T.);
#6698 = FACE_BOUND('',#6699,.T.);
#6699 = EDGE_LOOP('',(#6700));
#6700 = ORIENTED_EDGE('',*,*,#6261,.T.);
#6701 = ADVANCED_FACE('',(#6702),#6333,.T.);
#6702 = FACE_BOUND('',#6703,.T.);
#6703 = EDGE_LOOP('',(#6704));
#6704 = ORIENTED_EDGE('',*,*,#6316,.T.);
#6705 = ADVANCED_FACE('',(#6706),#6388,.T.);
#6706 = FACE_BOUND('',#6707,.T.);
#6707 = EDGE_LOOP('',(#6708));
#6708 = ORIENTED_EDGE('',*,*,#6371,.T.);
#6709 = ADVANCED_FACE('',(#6710),#6443,.T.);
#6710 = FACE_BOUND('',#6711,.T.);
#6711 = EDGE_LOOP('',(#6712));
#6712 = ORIENTED_EDGE('',*,*,#6426,.T.);
#6713 = ADVANCED_FACE('',(#6714),#6498,.T.);
#6714 = FACE_BOUND('',#6715,.T.);
#6715 = EDGE_LOOP('',(#6716));
#6716 = ORIENTED_EDGE('',*,*,#6481,.T.);
#6717 = ADVANCED_FACE('',(#6718),#6553,.T.);
#6718 = FACE_BOUND('',#6719,.T.);
#6719 = EDGE_LOOP('',(#6720));
#6720 = ORIENTED_EDGE('',*,*,#6536,.T.);
#6721 = ADVANCED_FACE('',(#6722),#6608,.T.);
#6722 = FACE_BOUND('',#6723,.T.);
#6723 = EDGE_LOOP('',(#6724));
#6724 = ORIENTED_EDGE('',*,*,#6591,.T.);
#6725 = ADVANCED_FACE('',(#6726),#6663,.T.);
#6726 = FACE_BOUND('',#6727,.T.);
#6727 = EDGE_LOOP('',(#6728));
#6728 = ORIENTED_EDGE('',*,*,#6646,.T.);
#6729 = ( GEOMETRIC_REPRESENTATION_CONTEXT(3) 
GLOBAL_UNCERTAINTY_ASSIGNED_CONTEXT((#6733)) 
GLOBAL_UNIT_ASSIGNED_CONTEXT((#6730,#6731,#6732)) REPRESENTATION_CONTEXT
('Context #1','3D Context with UNIT and UNCERTAINTY') );
#6730 = ( LENGTH_UNIT() NAMED_UNIT(*) SI_UNIT(.MILLI.,.METRE.) );
#6731 = ( NAMED_UNIT(*) PLANE_ANGLE_UNIT() SI_UNIT($,.RADIAN.) );
#6732 = ( NAMED_UNIT(*) SI_UNIT($,.STERADIAN.) SOLID_ANGLE_UNIT() );
#6733 = UNCERTAINTY_MEASURE_WITH_UNIT(LENGTH_MEASURE(1.E-07),#6730,
  'distance_accuracy_value','confusion accuracy');
#6734 = PRODUCT_RELATED_PRODUCT_CATEGORY('part',$,(#7));
ENDSEC;
END-ISO-10303-21;